08-25 22:12:30.491 D PARKDIAG/SigMotion: sync → arming in CHEAP-TRIAGE mode, quiet period 248s left [DET-CHEAP-WAKE-INSTEAD-OF-SILENCE-001]
08-25 22:12:30.508 D PARKDIAG/SigMotion: sync → armed=true
08-25 22:12:35.761 D PARKDIAG/OneFix: fix lat=36.6084083 lon=-6.2781783 speed=0.0m/s acc=67.885m age=5s
08-25 22:12:35.797 D PARKDIAG/StepCounter: cumulative steps read → 2236
08-25 22:12:35.815 D PARKDIAG/SafetyNet: [detection-end] geof=a786c135: sigues junto al coche (d=5m, radio 85m) → resello la referencia de pasos; la valla se re-registró hace 54min, no toca aún
08-25 22:13:12.632 D PARKDIAG/SigMotion: ▶ significant motion — SENTRY resident, CHEAP triage (quiet period) [DET-CHEAP-WAKE-INSTEAD-OF-SILENCE-001]
08-25 22:13:12.675 D PARKDIAG/Service: ▶ onStartCommand action=io.apptolast.paparcar.ACTION_SENTRY_WAKE flags=0 startId=42
08-25 22:13:12.696 D PARKDIAG/Service:   ✓ startForeground done (locationPermission=true)
08-25 22:13:17.888 D PARKDIAG/OneFix: fix lat=36.6084083 lon=-6.2781783 speed=0.0m/s acc=131.078m age=5s
08-25 22:13:17.900 D PARKDIAG/Service:   ⏱ cheap wake triage → STAY_QUIET (speed=0km/h acc=131m) [DET-CHEAP-WAKE-INSTEAD-OF-SILENCE-001]
08-25 22:13:17.924 D PARKDIAG/Service:   ⏾ enterSentry(post-ACTION_SENTRY_WAKE) — resident, GPS off, re-arming departure wake [DET-RESIDENT-FGS-001]
08-25 22:13:17.947 D PARKDIAG/SigMotion: sync → arming in CHEAP-TRIAGE mode, quiet period 201s left [DET-CHEAP-WAKE-INSTEAD-OF-SILENCE-001]
08-25 22:13:17.967 D PARKDIAG/SigMotion: sync → armed=true
08-25 22:13:18.057 D PARKDIAG/OneFix: fix lat=36.6084083 lon=-6.2781783 speed=0.0m/s acc=131.078m age=5s
08-25 22:13:18.069 D PARKDIAG/StepCounter: cumulative steps read → 2236
08-25 22:13:18.085 D PARKDIAG/SafetyNet: [detection-end] geof=a786c135: sigues junto al coche (d=5m, radio 85m) → resello la referencia de pasos; la valla se re-registró hace 55min, no toca aún
08-25 22:17:56.930 D PARKDIAG/OneFix: fix lat=36.608385 lon=-6.27812 speed=0.0m/s acc=343.987m age=5s
08-25 22:17:56.957 D PARKDIAG/StepCounter: cumulative steps read → 2256
08-25 22:17:56.972 D PARKDIAG/SafetyNet: [periodic] geof=a786c135: sigues junto al coche (d=2m, radio 85m) → resello la referencia de pasos; la valla se re-registró hace 60min, no toca aún
08-25 22:22:53.717 D PARKDIAG/ExactNet: ⏰ exact heartbeat fired (doze stretch: 1918 ms)
08-25 22:22:53.884 D PARKDIAG/OneFix: fix lat=36.60849 lon=-6.278095 speed=0.0m/s acc=58.9212m age=0s
08-25 22:22:53.897 D PARKDIAG/StepCounter: cumulative steps read → 2256
08-25 22:22:53.908 D PARKDIAG/SafetyNet: [exact-alarm] geof=a786c135: sigues junto al coche (d=14m, radio 85m) → resello la referencia de pasos; la valla se re-registró hace 65min, no toca aún
08-25 22:27:53.893 D PARKDIAG/ExactNet: ⏰ exact heartbeat fired (doze stretch: 34 ms)
08-25 22:27:54.118 D PARKDIAG/OneFix: fix lat=36.6084683 lon=-6.2785283 speed=0.0m/s acc=96.4302m age=0s
08-25 22:27:54.144 D PARKDIAG/StepCounter: cumulative steps read → 2273
08-25 22:27:54.171 D PARKDIAG/SafetyNet: [exact-alarm] geof=a786c135: sigues junto al coche (d=36m, radio 85m) → resello la referencia de pasos; la valla se re-registró hace 70min, no toca aún
08-25 22:32:54.112 D PARKDIAG/ExactNet: ⏰ exact heartbeat fired (doze stretch: 50 ms)
08-25 22:32:54.311 D PARKDIAG/OneFix: fix lat=36.6083533 lon=-6.2780667 speed=0.0m/s acc=100.0m age=0s
08-25 22:32:54.342 D PARKDIAG/StepCounter: cumulative steps read → 2273
08-25 22:32:54.360 D PARKDIAG/SafetyNet: [exact-alarm] geof=a786c135: sigues junto al coche (d=6m, radio 85m) → resello la referencia de pasos; la valla se re-registró hace 75min, no toca aún
08-25 22:32:57.050 D PARKDIAG/OneFix: fix lat=36.6083533 lon=-6.2780667 speed=0.0m/s acc=100.0m age=2s
08-25 22:32:57.076 D PARKDIAG/StepCounter: cumulative steps read → 2273
08-25 22:32:57.095 D PARKDIAG/SafetyNet: [periodic] geof=a786c135: sigues junto al coche (d=6m, radio 85m) → resello la referencia de pasos; la valla se re-registró hace 75min, no toca aún
08-25 22:33:06.690 D PARKDIAG/BTReceiver: ▶ BT DISCONNECTED device=00:A4:1C:65:2B:3F
08-25 22:33:06.715 D PARKDIAG/BTReceiver:   no vehicle paired with 00:A4:1C:65:2B:3F — ignoring
08-25 22:38:01.265 D PARKDIAG/ExactNet: ⏰ exact heartbeat fired (doze stretch: 4235 ms)
08-25 22:38:01.437 D PARKDIAG/OneFix: fix lat=36.6083533 lon=-6.2780667 speed=0.0m/s acc=100.0m age=7s
08-25 22:38:01.463 D PARKDIAG/StepCounter: cumulative steps read → 2273
08-25 22:38:01.477 D PARKDIAG/SafetyNet: [exact-alarm] geof=a786c135: sigues junto al coche (d=6m, radio 85m) → resello la referencia de pasos; la valla se re-registró hace 80min, no toca aún
08-25 22:43:07.177 D PARKDIAG/ExactNet: ⏰ exact heartbeat fired (doze stretch: 5784 ms)
08-25 22:43:07.430 D PARKDIAG/OneFix: fix lat=36.6083533 lon=-6.2780667 speed=0.0m/s acc=100.0m age=12s
08-25 22:43:07.471 D PARKDIAG/StepCounter: cumulative steps read → 2273
08-25 22:43:07.492 D PARKDIAG/SafetyNet: [exact-alarm] geof=a786c135: sigues junto al coche (d=6m, radio 85m) → resello la referencia de pasos; la valla se re-registró hace 85min, no toca aún
08-25 22:47:57.383 D PARKDIAG/OneFix: fix lat=36.6084201 lon=-6.2782164 speed=0.0m/s acc=100.0m age=2s
08-25 22:47:57.422 D PARKDIAG/StepCounter: cumulative steps read → 2273
08-25 22:47:57.454 D PARKDIAG/SafetyNet: [periodic] geof=a786c135: sigues junto al coche (d=9m, radio 85m) → resello la referencia de pasos; la valla se re-registró hace 90min, no toca aún
08-25 22:53:07.212 D PARKDIAG/ExactNet: ⏰ exact heartbeat fired (doze stretch: 9882 ms)
08-25 22:53:12.513 D PARKDIAG/OneFix: fix lat=36.60852 lon=-6.27733 speed=0.0m/s acc=408.657m age=5s
08-25 22:53:12.540 D PARKDIAG/StepCounter: cumulative steps read → 2273
08-25 22:53:12.558 D PARKDIAG/SafetyNet: [exact-alarm] geof=a786c135: sigues junto al coche (d=73m, radio 85m) → resello la referencia de pasos; la valla se re-registró hace 95min, no toca aún
08-25 22:58:12.878 D PARKDIAG/ExactNet: ⏰ exact heartbeat fired (doze stretch: 5493 ms)
08-25 22:58:13.141 D PARKDIAG/OneFix: fix lat=36.608475 lon=-6.278046 speed=3.1777323E-4m/s acc=9.0m age=18s
08-25 22:58:13.167 D PARKDIAG/StepCounter: cumulative steps read → 2273
08-25 22:58:13.201 D PARKDIAG/SafetyNet: [exact-alarm] geof=a786c135: sigues junto al coche (d=14m, radio 85m) → resello la referencia de pasos; la valla se re-registró hace 100min, no toca aún
08-25 23:02:57.596 D PARKDIAG/OneFix: fix lat=36.608515 lon=-6.2775467 speed=0.0m/s acc=67.3314m age=2s
08-25 23:02:57.640 D PARKDIAG/StepCounter: cumulative steps read → 2273
08-25 23:02:57.668 D PARKDIAG/SafetyNet: [periodic] geof=a786c135: sigues junto al coche (d=55m, radio 85m) → resello la referencia de pasos; la valla se re-registró hace 105min, no toca aún
08-25 23:08:08.734 D PARKDIAG/ExactNet: ⏰ exact heartbeat fired (doze stretch: 11148 ms)
08-25 23:08:09.068 D PARKDIAG/OneFix: fix lat=36.608655 lon=-6.27789 speed=0.0m/s acc=10.2m age=29s
08-25 23:08:09.102 D PARKDIAG/StepCounter: cumulative steps read → 2273
08-25 23:08:09.149 D PARKDIAG/SafetyNet: [exact-alarm] geof=a786c135: sigues junto al coche (d=38m, radio 85m) → resello la referencia de pasos; la valla se re-registró hace 110min, no toca aún
08-25 23:13:43.769 D PARKDIAG/ExactNet: ⏰ exact heartbeat fired (doze stretch: 34764 ms)
08-25 23:13:44.078 D PARKDIAG/OneFix: fix lat=36.6083933 lon=-6.2781059 speed=0.070155025m/s acc=15.689m age=3s
08-25 23:13:44.121 D PARKDIAG/StepCounter: cumulative steps read → 2273
08-25 23:13:44.164 D PARKDIAG/SafetyNet: [exact-alarm] geof=a786c135: sigues junto al coche (d=3m, radio 85m) → resello la referencia de pasos; la valla se re-registró hace 115min, no toca aún
08-25 23:17:57.929 D PARKDIAG/OneFix: fix lat=36.6085333 lon=-6.2780583 speed=0.0m/s acc=100.0m age=0s
08-25 23:17:57.952 D PARKDIAG/StepCounter: cumulative steps read → 2273
08-25 23:17:57.974 D PARKDIAG/SafetyNet: [periodic] geof=a786c135: sigues junto al coche (d=19m, radio 85m) → resello la referencia de pasos; la valla se re-registró hace 120min, no toca aún
08-25 23:23:08.654 D PARKDIAG/ExactNet: ⏰ exact heartbeat fired (doze stretch: 10775 ms)
08-25 23:23:09.215 D PARKDIAG/OneFix: fix lat=36.6086167 lon=-6.277595 speed=0.0m/s acc=64.7642m age=11s
08-25 23:23:09.235 D PARKDIAG/StepCounter: cumulative steps read → 2273
08-25 23:23:09.287 D PARKDIAG/SafetyNet: [exact-alarm] geof=a786c135: sigues junto al coche (d=55m, radio 85m) → resello la referencia de pasos; la valla se re-registró hace 125min, no toca aún
08-25 23:28:33.483 D PARKDIAG/ExactNet: ⏰ exact heartbeat fired (doze stretch: 24379 ms)
08-25 23:28:33.670 D PARKDIAG/OneFix: fix lat=36.6083424 lon=-6.2778625 speed=0.005273709m/s acc=10.7m age=9s
08-25 23:28:33.702 D PARKDIAG/StepCounter: cumulative steps read → 2273
08-25 23:28:33.726 D PARKDIAG/SafetyNet: [exact-alarm] geof=a786c135: sigues junto al coche (d=24m, radio 85m) → resello la referencia de pasos; la valla se re-registró hace 130min, no toca aún
08-25 23:32:58.065 D PARKDIAG/OneFix: fix lat=36.6083717 lon=-6.27792 speed=0.0m/s acc=11.1m age=4s
08-25 23:32:58.088 D PARKDIAG/StepCounter: cumulative steps read → 2273
08-25 23:32:58.110 D PARKDIAG/SafetyNet: [periodic] geof=a786c135: sigues junto al coche (d=19m, radio 85m) → resello la referencia de pasos; la valla se re-registró hace 135min, no toca aún
08-25 23:43:00.033 D PARKDIAG/ExactNet: ⏰ exact heartbeat fired (doze stretch: 301983 ms)
08-25 23:43:00.072 D PARKDIAG/ExactNet: ⏰ exact tick LOST (streak=1, overdue 302s) [DET-HEARTBEAT-MISS-IS-EVIDENCE-001]
08-25 23:43:00.912 D PARKDIAG/OneFix: fix lat=36.6084333 lon=-6.2779567 speed=0.0m/s acc=100.0m age=0s
08-25 23:43:00.962 D PARKDIAG/StepCounter: cumulative steps read → 2273
08-25 23:43:01.013 D PARKDIAG/SafetyNet: [exact-alarm] geof=a786c135: sigues junto al coche (d=17m, radio 85m) → resello la referencia de pasos; la valla se re-registró hace 145min, no toca aún
08-25 23:47:58.815 D PARKDIAG/OneFix: fix lat=36.6084333 lon=-6.2779567 speed=0.0m/s acc=100.0m age=0s
08-25 23:47:58.869 D PARKDIAG/StepCounter: cumulative steps read → 2273
08-25 23:47:58.907 D PARKDIAG/SafetyNet: [periodic] geof=a786c135: sigues junto al coche (d=17m, radio 85m) → resello la referencia de pasos; la valla se re-registró hace 150min, no toca aún
08-25 23:57:49.521 D PARKDIAG/ExactNet: ⏰ exact heartbeat fired (doze stretch: 290765 ms)
08-25 23:57:49.985 D PARKDIAG/OneFix: fix lat=36.6083833 lon=-6.2779933 speed=0.0m/s acc=100.0m age=0s
08-25 23:57:50.061 D PARKDIAG/StepCounter: cumulative steps read → 2273
08-25 23:57:50.199 D PARKDIAG/SafetyNet: [exact-alarm] geof=a786c135: sigues junto al coche (d=12m, radio 85m) → resello la referencia de pasos; la valla se re-registró hace 160min, no toca aún
08-26 00:02:58.987 D PARKDIAG/ExactNet: ⏰ exact heartbeat fired (doze stretch: 9156 ms)
08-26 00:02:59.102 D PARKDIAG/OneFix: fix lat=36.6083833 lon=-6.2779933 speed=0.0m/s acc=100.0m age=9s
08-26 00:02:59.111 D PARKDIAG/OneFix: fix lat=36.6083833 lon=-6.2779933 speed=0.0m/s acc=100.0m age=9s
08-26 00:02:59.125 D PARKDIAG/StepCounter: cumulative steps read → 2273
08-26 00:02:59.129 D PARKDIAG/StepCounter: cumulative steps read → 2273
08-26 00:02:59.143 D PARKDIAG/SafetyNet: [periodic] geof=a786c135: sigues junto al coche (d=12m, radio 85m) → resello la referencia de pasos; la valla se re-registró hace 165min, no toca aún
08-26 00:02:59.147 D PARKDIAG/SafetyNet: [exact-alarm] geof=a786c135: sigues junto al coche (d=12m, radio 85m) → resello la referencia de pasos; la valla se re-registró hace 165min, no toca aún
08-26 00:08:34.925 D PARKDIAG/ExactNet: ⏰ exact heartbeat fired (doze stretch: 35834 ms)
08-26 00:08:35.174 D PARKDIAG/OneFix: fix lat=36.6083833 lon=-6.2779933 speed=0.0m/s acc=100.0m age=0s
08-26 00:08:35.207 D PARKDIAG/StepCounter: cumulative steps read → 2273
08-26 00:08:35.234 D PARKDIAG/SafetyNet: [exact-alarm] geof=a786c135: sigues junto al coche (d=12m, radio 85m) → resello la referencia de pasos; la valla se re-registró hace 170min, no toca aún
08-26 00:13:38.830 D PARKDIAG/ExactNet: ⏰ exact heartbeat fired (doze stretch: 3729 ms)
08-26 00:13:39.105 D PARKDIAG/OneFix: fix lat=36.6081267 lon=-6.2775117 speed=0.0m/s acc=40.117m age=3s
08-26 00:13:39.127 D PARKDIAG/StepCounter: cumulative steps read → 2273
08-26 00:13:39.156 D PARKDIAG/SafetyNet: [exact-alarm] geof=a786c135: sigues junto al coche (d=61m, radio 85m) → resello la referencia de pasos; la valla se re-registró hace 175min, no toca aún
08-26 00:17:59.471 D PARKDIAG/OneFix: fix lat=36.6081267 lon=-6.2775117 speed=0.0m/s acc=100.0m age=0s
08-26 00:17:59.566 D PARKDIAG/StepCounter: cumulative steps read → 2273
08-26 00:17:59.596 D PARKDIAG/SafetyNet: [periodic] geof=a786c135: sigues junto al coche (d=61m, radio 85m) → resello la referencia de pasos; la valla se re-registró hace 180min, no toca aún
08-26 00:23:15.564 D PARKDIAG/ExactNet: ⏰ exact heartbeat fired (doze stretch: 16338 ms)
08-26 00:23:15.702 D PARKDIAG/OneFix: fix lat=36.60835 lon=-6.277855 speed=0.0m/s acc=100.0m age=15s
08-26 00:23:15.723 D PARKDIAG/StepCounter: cumulative steps read → 2273
08-26 00:23:15.741 D PARKDIAG/SafetyNet: [exact-alarm] geof=a786c135: sigues junto al coche (d=25m, radio 85m) → resello la referencia de pasos; la valla se re-registró hace 185min, no toca aún
08-26 00:28:15.729 D PARKDIAG/ExactNet: ⏰ exact heartbeat fired (doze stretch: 60 ms)
08-26 00:28:16.076 D PARKDIAG/OneFix: fix lat=36.6080467 lon=-6.2770467 speed=0.0m/s acc=100.0m age=0s
08-26 00:28:16.099 D PARKDIAG/StepCounter: cumulative steps read → 2273
08-26 00:28:16.163 D PARKDIAG/SafetyNet: [exact-alarm] geof=a786c135: distancia ambigua (d=103m, ni junto al coche ni claramente lejos) → solo apunto la posición, no decido nada
08-26 00:32:59.774 D PARKDIAG/OneFix: fix lat=36.608365 lon=-6.2781967 speed=0.0m/s acc=100.0m age=0s
08-26 00:32:59.831 D PARKDIAG/StepCounter: cumulative steps read → 2273
08-26 00:32:59.885 D PARKDIAG/SafetyNet: [periodic] geof=a786c135: sigues junto al coche (d=5m, radio 85m) → resello la referencia de pasos; la valla se re-registró hace 195min, no toca aún
08-26 00:38:17.000 D PARKDIAG/ExactNet: ⏰ exact heartbeat fired (doze stretch: 17293 ms)
08-26 00:38:17.191 D PARKDIAG/OneFix: fix lat=36.608365 lon=-6.2781967 speed=0.0m/s acc=100.0m age=17s
08-26 00:38:17.218 D PARKDIAG/StepCounter: cumulative steps read → 2273
08-26 00:38:17.243 D PARKDIAG/SafetyNet: [exact-alarm] geof=a786c135: sigues junto al coche (d=5m, radio 85m) → resello la referencia de pasos; la valla se re-registró hace 200min, no toca aún
08-26 00:43:36.969 D PARKDIAG/ExactNet: ⏰ exact heartbeat fired (doze stretch: 19831 ms)
08-26 00:43:37.167 D PARKDIAG/OneFix: fix lat=36.60832 lon=-6.277955 speed=0.0m/s acc=9.0m age=16s
08-26 00:43:37.188 D PARKDIAG/StepCounter: cumulative steps read → 2273
08-26 00:43:37.213 D PARKDIAG/SafetyNet: [exact-alarm] geof=a786c135: sigues junto al coche (d=16m, radio 85m) → resello la referencia de pasos; la valla se re-registró hace 205min, no toca aún
08-26 00:48:00.086 D PARKDIAG/OneFix: fix lat=36.6082617 lon=-6.277705 speed=0.0m/s acc=100.0m age=0s
08-26 00:48:00.126 D PARKDIAG/StepCounter: cumulative steps read → 2273
08-26 00:48:00.147 D PARKDIAG/SafetyNet: [periodic] geof=a786c135: sigues junto al coche (d=40m, radio 85m) → resello la referencia de pasos; la valla se re-registró hace 210min, no toca aún
08-26 00:53:11.941 D PARKDIAG/Bootstrap: ▶ Bootstrap.invoke userId=fiypNbElGlfFexLMpU9sNaMjRMD3
08-26 00:53:11.942 D PARKDIAG/Bootstrap:   → syncVehicles START
08-26 00:53:11.943 D PARKDIAG/VehicleSync: ▶ syncFromRemote userId=fiypNbElGlfFexLMpU9sNaMjRMD3
08-26 00:53:11.944 D PARKDIAG/Bootstrap:   → syncParkingHistory START
08-26 00:53:11.944 D PARKDIAG/Bootstrap:   → syncZones START
08-26 00:53:12.197 D PARKDIAG/VehicleSync:   ← Firestore returned 3 vehicle(s)
08-26 00:53:12.198 D PARKDIAG/VehicleSync:     vehicle id=abf6c516-a739-4708-b216-870285f3cbc6 isActive=false name=Skoda Kamiq
08-26 00:53:12.199 D PARKDIAG/VehicleSync:     vehicle id=addbe660-ad30-4857-ab1f-58433d76992d isActive=true name=Ford Focus
08-26 00:53:12.199 D PARKDIAG/VehicleSync:     vehicle id=ccd539d9-02f9-4b40-8b94-da672c96866f isActive=false name=Chevrolet Beat
08-26 00:53:12.206 D PARKDIAG/VehicleSync: ■ syncFromRemote merged 3 vehicle(s) into Room (kept 0 pending)
08-26 00:53:12.207 D PARKDIAG/Bootstrap:   ← syncVehicles END isSuccess=true
08-26 00:53:13.372 D PARKDIAG/Bootstrap:   ← syncZones END isSuccess=true
08-26 00:53:13.434 D PARKDIAG/Bootstrap:   ← syncParkingHistory END isSuccess=true
08-26 00:53:13.435 D PARKDIAG/Bootstrap: ■ Bootstrap.invoke SUCCESS
08-26 00:53:30.132 D PARKDIAG/ExactNet: ⏰ exact heartbeat fired (doze stretch: 30125 ms)
08-26 00:53:30.305 D PARKDIAG/OneFix: fix lat=36.6079017 lon=-6.2774217 speed=0.0m/s acc=61.82m age=8s
08-26 00:53:30.322 D PARKDIAG/StepCounter: cumulative steps read → 2273
08-26 00:53:30.333 D PARKDIAG/SafetyNet: [exact-alarm] geof=a786c135: sigues junto al coche (d=82m, radio 85m) → resello la referencia de pasos; la valla se re-registró hace 215min, no toca aún
08-26 00:59:07.247 D PARKDIAG/ExactNet: ⏰ exact heartbeat fired (doze stretch: 36956 ms)
08-26 00:59:07.527 D PARKDIAG/OneFix: fix lat=36.608485 lon=-6.2781067 speed=0.0m/s acc=100.0m age=0s
08-26 00:59:07.573 D PARKDIAG/StepCounter: cumulative steps read → 2273
08-26 00:59:07.596 D PARKDIAG/SafetyNet: [exact-alarm] geof=a786c135: sigues junto al coche (d=13m, radio 85m) → resello la referencia de pasos; la valla se re-registró hace 221min, no toca aún
08-26 01:03:00.248 D PARKDIAG/OneFix: fix lat=36.6081618 lon=-6.2795883 speed=0.0m/s acc=400.0m age=5s
08-26 01:03:00.282 D PARKDIAG/StepCounter: cumulative steps read → 2273
08-26 01:03:00.306 D PARKDIAG/SafetyNet: [periodic] geof=a786c135: distancia ambigua (d=131m, ni junto al coche ni claramente lejos) → solo apunto la posición, no decido nada
08-26 01:08:33.211 D PARKDIAG/ExactNet: ⏰ exact heartbeat fired (doze stretch: 32987 ms)
08-26 01:08:33.384 D PARKDIAG/OneFix: fix lat=36.60826 lon=-6.2781783 speed=0.0m/s acc=8.2m age=22s
08-26 01:08:33.409 D PARKDIAG/StepCounter: cumulative steps read → 2273
08-26 01:08:33.428 D PARKDIAG/SafetyNet: [exact-alarm] geof=a786c135: sigues junto al coche (d=12m, radio 85m) → resello la referencia de pasos; la valla se re-registró hace 230min, no toca aún
08-26 01:13:44.378 D PARKDIAG/ExactNet: ⏰ exact heartbeat fired (doze stretch: 11043 ms)
08-26 01:13:44.667 D PARKDIAG/OneFix: fix lat=36.608215 lon=-6.2780133 speed=0.0m/s acc=100.0m age=0s
08-26 01:13:44.704 D PARKDIAG/StepCounter: cumulative steps read → 2273
08-26 01:13:44.732 D PARKDIAG/SafetyNet: [exact-alarm] geof=a786c135: sigues junto al coche (d=20m, radio 85m) → resello la referencia de pasos; la valla se re-registró hace 235min, no toca aún
08-26 01:17:25.340 D PARKDIAG/SigMotion: ▶ significant motion — SENTRY resident, direct wake [DET-RESIDENT-FGS-001]
08-26 01:17:25.373 D PARKDIAG/Service: ▶ onStartCommand action=io.apptolast.paparcar.ACTION_SENTRY_WAKE flags=0 startId=43
08-26 01:17:25.386 D PARKDIAG/Service:   ✓ startForeground done (locationPermission=true)
08-26 01:17:25.417 D PARKDIAG/Service:   → SENTRY_WAKE — significant motion on live process, arming Coordinator (Unverified) [DET-RESIDENT-FGS-001]
08-26 01:17:25.445 D PARKDIAG/Service:   ▶ startParkingDetection — launching coordinator (trigger=SIGNIFICANT_MOTION)
08-26 01:17:25.485 D PARKDIAG/Service:     ▶ detection coroutine entered, invoking coordinator
08-26 01:17:25.494 D PARKDIAG/Coord: ▶ coordinator.invoke() entry (armEvidence=self_observed) — calling reset()
08-26 01:17:25.495 D PARKDIAG/Coord:   → session-start dismiss PARKING_CONFIRMATION (savedConfirmAge=nullms, limit=900000ms)
08-26 01:17:29.245 D PARKDIAG/Coord:   ✦ step #1 (pre-drive, false-ENTER candidate)
08-26 01:17:29.904 D PARKDIAG/Coord:   ✦ step #2 (pre-drive, false-ENTER candidate)
08-26 01:17:30.547 D PARKDIAG/Coord:   ✦ step #3 (pre-drive, false-ENTER candidate)
08-26 01:17:31.020 D PARKDIAG/Coord:   ✦ step #4 (pre-drive, false-ENTER candidate)
08-26 01:17:35.828 D PARKDIAG/Coord: ─ loc#1 lat=36.6083933 lon=-6.2780799 speed=0.011606967m/s acc=15.633m sessionAge=10335ms
08-26 01:17:35.836 D PARKDIAG/Coord:   state hasEverMoved=false hasEverReachedDrivingSpeed=false userConfirmed=false vehicleExit=false stoppedSince=1787699855828 stoppedDur=0ms phase=Idle
08-26 01:17:35.840 D PARKDIAG/Coord:   ⏸ skipping: !hasEverReachedDrivingSpeed
08-26 01:17:40.199 D PARKDIAG/Coord: ─ loc#2 lat=36.6083913 lon=-6.2780771 speed=0.48629063m/s acc=26.766m sessionAge=14705ms
08-26 01:17:40.210 D PARKDIAG/Coord:   state hasEverMoved=false hasEverReachedDrivingSpeed=false userConfirmed=false vehicleExit=false stoppedSince=1787699855828 stoppedDur=4370ms phase=Idle
08-26 01:17:40.215 D PARKDIAG/Coord:   ⏸ skipping: !hasEverReachedDrivingSpeed
08-26 01:17:41.908 D PARKDIAG/Coord:   ✦ step #5 (pre-drive, false-ENTER candidate)
08-26 01:17:41.983 D PARKDIAG/Coord: ─ loc#3 lat=36.6083953 lon=-6.2780728 speed=0.19844542m/s acc=26.684m sessionAge=16488ms
08-26 01:17:41.987 D PARKDIAG/Coord:   state hasEverMoved=false hasEverReachedDrivingSpeed=false userConfirmed=false vehicleExit=false stoppedSince=1787699855828 stoppedDur=6153ms phase=Idle
08-26 01:17:41.991 D PARKDIAG/Coord:   ⏸ skipping: !hasEverReachedDrivingSpeed
08-26 01:17:42.449 D PARKDIAG/Coord:   ✦ step #6 (pre-drive, false-ENTER candidate)
08-26 01:17:43.680 D PARKDIAG/Coord:   ✦ step #7 (pre-drive, false-ENTER candidate)
08-26 01:17:44.244 D PARKDIAG/Coord: ─ loc#4 lat=36.6083935 lon=-6.2780784 speed=0.19057932m/s acc=23.605m sessionAge=18749ms
08-26 01:17:44.253 D PARKDIAG/Coord:   state hasEverMoved=false hasEverReachedDrivingSpeed=false userConfirmed=false vehicleExit=false stoppedSince=1787699855828 stoppedDur=8414ms phase=Idle
08-26 01:17:44.259 D PARKDIAG/Coord:   ⏸ skipping: !hasEverReachedDrivingSpeed
08-26 01:17:44.483 D PARKDIAG/Coord:   ✦ step #8 (pre-drive, false-ENTER candidate)
08-26 01:17:45.164 D PARKDIAG/Coord:   ✦ step #9 (pre-drive, false-ENTER candidate)
08-26 01:17:46.145 D PARKDIAG/Coord: ─ loc#5 lat=36.6083924 lon=-6.2780769 speed=0.16877511m/s acc=19.268m sessionAge=20652ms
08-26 01:17:46.152 D PARKDIAG/Coord:   state hasEverMoved=false hasEverReachedDrivingSpeed=false userConfirmed=false vehicleExit=false stoppedSince=1787699855828 stoppedDur=10317ms phase=Idle
08-26 01:17:46.155 D PARKDIAG/Coord:   ⊘ false-ENTER abort — 9 steps before driving speed [BUG-FALSE-ENTER-WALKING]
08-26 01:17:50.255 D PARKDIAG/Coord:   takeWhile=false — flow will end
08-26 01:17:50.682 W PARKDIAG/RetractDeducedDeparture: retract failed for spot=a786c135 — the short TTL still bounds it
  com.google.firebase.firestore.FirebaseFirestoreException: PERMISSION_DENIED: Missing or insufficient permissions.
	at com.google.firebase.firestore.util.Util.exceptionFromStatus(Util.java:152)
	at com.google.firebase.firestore.core.SyncEngine.notifyUser(SyncEngine.java:629)
	at com.google.firebase.firestore.core.SyncEngine.handleRejectedWrite(SyncEngine.java:511)
	at com.google.firebase.firestore.core.MemoryComponentProvider$RemoteStoreCallback.handleRejectedWrite(MemoryComponentProvider.java:135)
	at com.google.firebase.firestore.remote.RemoteStore.handleWriteError(RemoteStore.java:750)
	at com.google.firebase.firestore.remote.RemoteStore.handleWriteStreamClose(RemoteStore.java:706)
	at com.google.firebase.firestore.remote.RemoteStore.access$600(RemoteStore.java:62)
	at com.google.firebase.firestore.remote.RemoteStore$2.onClose(RemoteStore.java:220)
	at com.google.firebase.firestore.remote.AbstractStream.close(AbstractStream.java:379)
	at com.google.firebase.firestore.remote.AbstractStream.handleServerClose(AbstractStream.java:433)
	at com.google.firebase.firestore.remote.AbstractStream$StreamObserver.lambda$onClose$3$com-google-firebase-firestore-remote-AbstractStream$StreamObserver(AbstractStream.java:160)
	at com.google.firebase.firestore.remote.AbstractStream$StreamObserver$$ExternalSyntheticLambda3.run(D8$$SyntheticClass:0)
	at com.google.firebase.firestore.remote.AbstractStream$CloseGuardedRunner.run(AbstractStream.java:67)
	at com.google.firebase.firestore.remote.AbstractStream$StreamObserver.onClose(AbstractStream.java:146)
	at com.google.firebase.firestore.remote.FirestoreChannel$1.onClose(FirestoreChannel.java:173)
	at io.grpc.internal.ClientCallImpl.closeObserver(ClientCallImpl.java:574)
	at io.grpc.internal.ClientCallImpl.access$300(ClientCallImpl.java:72)
	at io.grpc.internal.ClientCallImpl$ClientStreamListenerImpl$1StreamClosed.runInternal(ClientCallImpl.java:742)
	at io.grpc.internal.ClientCallImpl$ClientStreamListenerImpl$1StreamClosed.runInContext(ClientCallImpl.java:723)
	at io.grpc.internal.ContextRunnable.run(ContextRunnable.java:37)
	at io.grpc.internal.SerializingExecutor.run(SerializingExecutor.java:133)
	at java.util.concurrent.Executors$RunnableAdapter.call(Executors.java:520)
	at java.util.concurrent.FutureTask.run(FutureTask.java:328)
	at java.util.concurrent.ScheduledThreadPoolExecutor$ScheduledFutureTask.run(ScheduledThreadPoolExecutor.java:323)
	at java.util.concurrent.ThreadPoolExecutor.runWorker(ThreadPoolExecutor.java:1100)
	at java.util.concurrent.ThreadPoolExecutor$Worker.run(ThreadPoolExecutor.java:624)
	at com.google.firebase.firestore.util.AsyncQueue$SynchronizedShutdownAwareExecutor$DelayedStartFactory.run(AsyncQueue.java:235)
	at java.lang.Thread.run(Thread.java:1572)
Caused by: io.grpc.StatusException: PERMISSION_DENIED: Missing or insufficient permissions.
	at io.grpc.Status.asException(Status.java:541)
	at com.google.firebase.firestore.util.Util.exceptionFromStatus(Util.java:150)
	... 27 more

08-26 01:17:50.685 D PARKDIAG/Coord: ■ coordinator.invoke() EXITED — locationCount=0 completed=true
08-26 01:17:50.686 D PARKDIAG/Service:     ✓ coordinator returned NORMALLY
08-26 01:17:50.716 D PARKDIAG/StepCounter: cumulative steps read → 2306
08-26 01:17:50.729 D PARKDIAG/Service:     ■ job complete → DetectionEnded(startId=43) → intake
08-26 01:17:50.747 D PARKDIAG/Service:   ⏾ enterSentry(detection-ended) — resident, GPS off, re-arming departure wake [DET-RESIDENT-FGS-001]
08-26 01:17:50.769 D PARKDIAG/SigMotion: sync → armed=true
08-26 01:17:50.926 D PARKDIAG/OneFix: fix lat=36.6083061 lon=-6.2779706 speed=0.026303645m/s acc=10.138m age=0s
08-26 01:17:50.976 D PARKDIAG/StepCounter: cumulative steps read → 2306
08-26 01:17:50.997 D PARKDIAG/SafetyNet: [detection-end] geof=a786c135: sigues junto al coche (d=16m, radio 85m) → resello la referencia de pasos; la valla se re-registró hace 240min, no toca aún
08-26 01:17:59.780 D PARKDIAG/SigMotion: ▶ significant motion — SENTRY resident, direct wake [DET-RESIDENT-FGS-001]
08-26 01:17:59.807 D PARKDIAG/Service: ▶ onStartCommand action=io.apptolast.paparcar.ACTION_SENTRY_WAKE flags=0 startId=44
08-26 01:17:59.822 D PARKDIAG/Service:   ✓ startForeground done (locationPermission=true)
08-26 01:17:59.838 D PARKDIAG/Service:   → SENTRY_WAKE — significant motion on live process, arming Coordinator (Unverified) [DET-RESIDENT-FGS-001]
08-26 01:17:59.858 D PARKDIAG/Service:   ▶ startParkingDetection — launching coordinator (trigger=SIGNIFICANT_MOTION)
08-26 01:17:59.878 D PARKDIAG/Service:     ▶ detection coroutine entered, invoking coordinator
08-26 01:17:59.883 D PARKDIAG/Coord: ▶ coordinator.invoke() entry (armEvidence=self_observed) — calling reset()
08-26 01:17:59.884 D PARKDIAG/Coord:   → session-start dismiss PARKING_CONFIRMATION (savedConfirmAge=nullms, limit=900000ms)
08-26 01:18:00.369 D PARKDIAG/ExactNet: ⏰ exact net DISARMED — no parked session to watch
08-26 01:18:00.371 D PARKDIAG/SafetyNet: ■ detection running — skipping check
08-26 01:18:02.816 D PARKDIAG/Coord: ─ loc#1 lat=36.6084095 lon=-6.2781026 speed=0.5629457m/s acc=13.295m sessionAge=2933ms
08-26 01:18:02.820 D PARKDIAG/Coord:   state hasEverMoved=false hasEverReachedDrivingSpeed=false userConfirmed=false vehicleExit=false stoppedSince=1787699882815 stoppedDur=0ms phase=Idle
08-26 01:18:02.827 D PARKDIAG/Coord:   ⏸ skipping: !hasEverReachedDrivingSpeed
08-26 01:18:07.793 D PARKDIAG/Coord:   ✦ step #1 (pre-drive, false-ENTER candidate)
08-26 01:18:08.393 D PARKDIAG/Coord:   ✦ step #2 (pre-drive, false-ENTER candidate)
08-26 01:18:08.973 D PARKDIAG/Coord:   ✦ step #3 (pre-drive, false-ENTER candidate)
08-26 01:18:09.536 D PARKDIAG/Coord:   ✦ step #4 (pre-drive, false-ENTER candidate)
08-26 01:18:10.674 D PARKDIAG/Coord: ─ loc#2 lat=36.6084551 lon=-6.2781435 speed=0.69653976m/s acc=11.523m sessionAge=10791ms
08-26 01:18:10.678 D PARKDIAG/Coord:   state hasEverMoved=false hasEverReachedDrivingSpeed=false userConfirmed=false vehicleExit=false stoppedSince=1787699882815 stoppedDur=7858ms phase=Idle
08-26 01:18:10.681 D PARKDIAG/Coord:   ⏸ skipping: !hasEverReachedDrivingSpeed
08-26 01:18:12.427 D PARKDIAG/Coord:   ✦ step #5 (pre-drive, false-ENTER candidate)
08-26 01:18:13.249 D PARKDIAG/Coord:   ✦ step #6 (pre-drive, false-ENTER candidate)
08-26 01:18:14.453 D PARKDIAG/Coord:   ✦ step #7 (pre-drive, false-ENTER candidate)
08-26 01:18:14.542 D PARKDIAG/Coord: ─ loc#3 lat=36.608467 lon=-6.2781484 speed=0.41360244m/s acc=19.583m sessionAge=14658ms
08-26 01:18:14.553 D PARKDIAG/Coord:   state hasEverMoved=false hasEverReachedDrivingSpeed=false userConfirmed=false vehicleExit=false stoppedSince=1787699882815 stoppedDur=11725ms phase=Idle
08-26 01:18:14.561 D PARKDIAG/Coord:   ⏸ skipping: !hasEverReachedDrivingSpeed
08-26 01:18:14.835 D PARKDIAG/Coord:   ✦ step #8 (pre-drive, false-ENTER candidate)
08-26 01:18:15.572 D PARKDIAG/Coord:   ✦ step #9 (pre-drive, false-ENTER candidate)
08-26 01:18:16.555 D PARKDIAG/Coord: ─ loc#4 lat=36.6084613 lon=-6.2781365 speed=0.47565517m/s acc=19.64m sessionAge=16672ms
08-26 01:18:16.556 D PARKDIAG/Coord:   state hasEverMoved=false hasEverReachedDrivingSpeed=false userConfirmed=false vehicleExit=false stoppedSince=1787699882815 stoppedDur=13739ms phase=Idle
08-26 01:18:16.563 D PARKDIAG/Coord:   ⊘ false-ENTER abort — 9 steps before driving speed [BUG-FALSE-ENTER-WALKING]
08-26 01:18:18.207 D PARKDIAG/Coord:   ✦ step #10 (pre-drive, false-ENTER candidate)
08-26 01:18:18.617 D PARKDIAG/Coord:   takeWhile=false — flow will end
08-26 01:18:18.889 W PARKDIAG/RetractDeducedDeparture: retract failed for spot=a786c135 — the short TTL still bounds it
  com.google.firebase.firestore.FirebaseFirestoreException: PERMISSION_DENIED: Missing or insufficient permissions.
	at com.google.firebase.firestore.util.Util.exceptionFromStatus(Util.java:152)
	at com.google.firebase.firestore.core.SyncEngine.notifyUser(SyncEngine.java:629)
	at com.google.firebase.firestore.core.SyncEngine.handleRejectedWrite(SyncEngine.java:511)
	at com.google.firebase.firestore.core.MemoryComponentProvider$RemoteStoreCallback.handleRejectedWrite(MemoryComponentProvider.java:135)
	at com.google.firebase.firestore.remote.RemoteStore.handleWriteError(RemoteStore.java:750)
	at com.google.firebase.firestore.remote.RemoteStore.handleWriteStreamClose(RemoteStore.java:706)
	at com.google.firebase.firestore.remote.RemoteStore.access$600(RemoteStore.java:62)
	at com.google.firebase.firestore.remote.RemoteStore$2.onClose(RemoteStore.java:220)
	at com.google.firebase.firestore.remote.AbstractStream.close(AbstractStream.java:379)
	at com.google.firebase.firestore.remote.AbstractStream.handleServerClose(AbstractStream.java:433)
	at com.google.firebase.firestore.remote.AbstractStream$StreamObserver.lambda$onClose$3$com-google-firebase-firestore-remote-AbstractStream$StreamObserver(AbstractStream.java:160)
	at com.google.firebase.firestore.remote.AbstractStream$StreamObserver$$ExternalSyntheticLambda3.run(D8$$SyntheticClass:0)
	at com.google.firebase.firestore.remote.AbstractStream$CloseGuardedRunner.run(AbstractStream.java:67)
	at com.google.firebase.firestore.remote.AbstractStream$StreamObserver.onClose(AbstractStream.java:146)
	at com.google.firebase.firestore.remote.FirestoreChannel$1.onClose(FirestoreChannel.java:173)
	at io.grpc.internal.ClientCallImpl.closeObserver(ClientCallImpl.java:574)
	at io.grpc.internal.ClientCallImpl.access$300(ClientCallImpl.java:72)
	at io.grpc.internal.ClientCallImpl$ClientStreamListenerImpl$1StreamClosed.runInternal(ClientCallImpl.java:742)
	at io.grpc.internal.ClientCallImpl$ClientStreamListenerImpl$1StreamClosed.runInContext(ClientCallImpl.java:723)
	at io.grpc.internal.ContextRunnable.run(ContextRunnable.java:37)
	at io.grpc.internal.SerializingExecutor.run(SerializingExecutor.java:133)
	at java.util.concurrent.Executors$RunnableAdapter.call(Executors.java:520)
	at java.util.concurrent.FutureTask.run(FutureTask.java:328)
	at java.util.concurrent.ScheduledThreadPoolExecutor$ScheduledFutureTask.run(ScheduledThreadPoolExecutor.java:323)
	at java.util.concurrent.ThreadPoolExecutor.runWorker(ThreadPoolExecutor.java:1100)
	at java.util.concurrent.ThreadPoolExecutor$Worker.run(ThreadPoolExecutor.java:624)
	at com.google.firebase.firestore.util.AsyncQueue$SynchronizedShutdownAwareExecutor$DelayedStartFactory.run(AsyncQueue.java:235)
	at java.lang.Thread.run(Thread.java:1572)
Caused by: io.grpc.StatusException: PERMISSION_DENIED: Missing or insufficient permissions.
	at io.grpc.Status.asException(Status.java:541)
	at com.google.firebase.firestore.util.Util.exceptionFromStatus(Util.java:150)
	... 27 more

08-26 01:18:18.892 D PARKDIAG/Coord: ■ coordinator.invoke() EXITED — locationCount=0 completed=true
08-26 01:18:18.892 D PARKDIAG/Service:     ✓ coordinator returned NORMALLY
08-26 01:18:18.917 D PARKDIAG/StepCounter: cumulative steps read → 2344
08-26 01:18:18.922 D PARKDIAG/Service:     ■ job complete → DetectionEnded(startId=44) → intake
08-26 01:18:18.943 D PARKDIAG/Service:   ⏾ enterSentry(detection-ended) — resident, GPS off, re-arming departure wake [DET-RESIDENT-FGS-001]
08-26 01:18:19.014 D PARKDIAG/SigMotion: sync → armed=true
08-26 01:18:19.102 D PARKDIAG/ExactNet: ⏰ exact net ARMED (exact=true, every 5 min)
08-26 01:18:19.125 D PARKDIAG/OneFix: fix lat=36.6084548 lon=-6.2781405 speed=0.53668165m/s acc=18.179m age=0s
08-26 01:18:19.142 D PARKDIAG/StepCounter: cumulative steps read → 2344
08-26 01:18:19.152 D PARKDIAG/SafetyNet: [detection-end] geof=a786c135: sigues junto al coche (d=9m, radio 85m) → resello la referencia de pasos; la valla se re-registró hace 240min, no toca aún
08-26 01:18:37.002 D PARKDIAG/SigMotion: ▶ significant motion — SENTRY resident, direct wake [DET-RESIDENT-FGS-001]
08-26 01:18:37.033 D PARKDIAG/Service: ▶ onStartCommand action=io.apptolast.paparcar.ACTION_SENTRY_WAKE flags=0 startId=45
08-26 01:18:37.046 D PARKDIAG/Service:   ✓ startForeground done (locationPermission=true)
08-26 01:18:37.080 D PARKDIAG/Service:   → SENTRY_WAKE — significant motion on live process, arming Coordinator (Unverified) [DET-RESIDENT-FGS-001]
08-26 01:18:37.113 D PARKDIAG/Service:   ▶ startParkingDetection — launching coordinator (trigger=SIGNIFICANT_MOTION)
08-26 01:18:37.155 D PARKDIAG/Service:     ▶ detection coroutine entered, invoking coordinator
08-26 01:18:37.159 D PARKDIAG/Coord: ▶ coordinator.invoke() entry (armEvidence=self_observed) — calling reset()
08-26 01:18:37.161 D PARKDIAG/Coord:   → session-start dismiss PARKING_CONFIRMATION (savedConfirmAge=nullms, limit=900000ms)
08-26 01:18:40.111 D PARKDIAG/Coord: ─ loc#1 lat=36.6084366 lon=-6.278107 speed=0.0m/s acc=14.695m sessionAge=2952ms
08-26 01:18:40.116 D PARKDIAG/Coord:   state hasEverMoved=false hasEverReachedDrivingSpeed=false userConfirmed=false vehicleExit=false stoppedSince=1787699920111 stoppedDur=0ms phase=Idle
08-26 01:18:40.121 D PARKDIAG/Coord:   ⏸ skipping: !hasEverReachedDrivingSpeed
08-26 01:18:40.808 D PARKDIAG/Coord:   ✦ step #1 (pre-drive, false-ENTER candidate)
08-26 01:18:41.408 D PARKDIAG/Coord:   ✦ step #2 (pre-drive, false-ENTER candidate)
08-26 01:18:42.007 D PARKDIAG/Coord:   ✦ step #3 (pre-drive, false-ENTER candidate)
08-26 01:18:42.659 D PARKDIAG/Coord:   ✦ step #4 (pre-drive, false-ENTER candidate)
08-26 01:18:43.339 D PARKDIAG/Coord:   ✦ step #5 (pre-drive, false-ENTER candidate)
08-26 01:18:43.700 D PARKDIAG/Coord:   ✦ step #6 (pre-drive, false-ENTER candidate)
08-26 01:18:44.143 D PARKDIAG/Coord:   ✦ step #7 (pre-drive, false-ENTER candidate)
08-26 01:18:44.580 D PARKDIAG/Coord:   ✦ step #8 (pre-drive, false-ENTER candidate)
08-26 01:18:44.652 D PARKDIAG/Coord: ─ loc#2 lat=36.6084312 lon=-6.2780966 speed=0.97818184m/s acc=25.362m sessionAge=7492ms
08-26 01:18:44.661 D PARKDIAG/Coord:   state hasEverMoved=false hasEverReachedDrivingSpeed=false userConfirmed=false vehicleExit=false stoppedSince=1787699920111 stoppedDur=4540ms phase=Idle
08-26 01:18:44.665 D PARKDIAG/Coord:   ⊘ false-ENTER abort — 8 steps before driving speed [BUG-FALSE-ENTER-WALKING]
08-26 01:18:44.962 D PARKDIAG/Coord:   ✦ step #9 (pre-drive, false-ENTER candidate)
08-26 01:18:47.833 D PARKDIAG/Coord:   takeWhile=false — flow will end
08-26 01:18:48.178 W PARKDIAG/RetractDeducedDeparture: retract failed for spot=a786c135 — the short TTL still bounds it
  com.google.firebase.firestore.FirebaseFirestoreException: PERMISSION_DENIED: Missing or insufficient permissions.
	at com.google.firebase.firestore.util.Util.exceptionFromStatus(Util.java:152)
	at com.google.firebase.firestore.core.SyncEngine.notifyUser(SyncEngine.java:629)
	at com.google.firebase.firestore.core.SyncEngine.handleRejectedWrite(SyncEngine.java:511)
	at com.google.firebase.firestore.core.MemoryComponentProvider$RemoteStoreCallback.handleRejectedWrite(MemoryComponentProvider.java:135)
	at com.google.firebase.firestore.remote.RemoteStore.handleWriteError(RemoteStore.java:750)
	at com.google.firebase.firestore.remote.RemoteStore.handleWriteStreamClose(RemoteStore.java:706)
	at com.google.firebase.firestore.remote.RemoteStore.access$600(RemoteStore.java:62)
	at com.google.firebase.firestore.remote.RemoteStore$2.onClose(RemoteStore.java:220)
	at com.google.firebase.firestore.remote.AbstractStream.close(AbstractStream.java:379)
	at com.google.firebase.firestore.remote.AbstractStream.handleServerClose(AbstractStream.java:433)
	at com.google.firebase.firestore.remote.AbstractStream$StreamObserver.lambda$onClose$3$com-google-firebase-firestore-remote-AbstractStream$StreamObserver(AbstractStream.java:160)
	at com.google.firebase.firestore.remote.AbstractStream$StreamObserver$$ExternalSyntheticLambda3.run(D8$$SyntheticClass:0)
	at com.google.firebase.firestore.remote.AbstractStream$CloseGuardedRunner.run(AbstractStream.java:67)
	at com.google.firebase.firestore.remote.AbstractStream$StreamObserver.onClose(AbstractStream.java:146)
	at com.google.firebase.firestore.remote.FirestoreChannel$1.onClose(FirestoreChannel.java:173)
	at io.grpc.internal.ClientCallImpl.closeObserver(ClientCallImpl.java:574)
	at io.grpc.internal.ClientCallImpl.access$300(ClientCallImpl.java:72)
	at io.grpc.internal.ClientCallImpl$ClientStreamListenerImpl$1StreamClosed.runInternal(ClientCallImpl.java:742)
	at io.grpc.internal.ClientCallImpl$ClientStreamListenerImpl$1StreamClosed.runInContext(ClientCallImpl.java:723)
	at io.grpc.internal.ContextRunnable.run(ContextRunnable.java:37)
	at io.grpc.internal.SerializingExecutor.run(SerializingExecutor.java:133)
	at java.util.concurrent.Executors$RunnableAdapter.call(Executors.java:520)
	at java.util.concurrent.FutureTask.run(FutureTask.java:328)
	at java.util.concurrent.ScheduledThreadPoolExecutor$ScheduledFutureTask.run(ScheduledThreadPoolExecutor.java:323)
	at java.util.concurrent.ThreadPoolExecutor.runWorker(ThreadPoolExecutor.java:1100)
	at java.util.concurrent.ThreadPoolExecutor$Worker.run(ThreadPoolExecutor.java:624)
	at com.google.firebase.firestore.util.AsyncQueue$SynchronizedShutdownAwareExecutor$DelayedStartFactory.run(AsyncQueue.java:235)
	at java.lang.Thread.run(Thread.java:1572)
Caused by: io.grpc.StatusException: PERMISSION_DENIED: Missing or insufficient permissions.
	at io.grpc.Status.asException(Status.java:541)
	at com.google.firebase.firestore.util.Util.exceptionFromStatus(Util.java:150)
	... 27 more

08-26 01:18:48.192 D PARKDIAG/Coord: ■ coordinator.invoke() EXITED — locationCount=0 completed=true
08-26 01:18:48.195 D PARKDIAG/Service:     ✓ coordinator returned NORMALLY
08-26 01:18:48.219 D PARKDIAG/StepCounter: cumulative steps read → 2386
08-26 01:18:48.225 D PARKDIAG/Service:     ■ job complete → DetectionEnded(startId=45) → intake
08-26 01:18:48.239 D PARKDIAG/SigMotion: re-arm cooldown for 180s — walking-abort storm damper [DET-SENTRY-COOLDOWN-001]
08-26 01:18:48.241 D PARKDIAG/Service:   ⏸ sentry-wake abort streak=3 → re-arm cooldown 180s [DET-SENTRY-COOLDOWN-001]
08-26 01:18:48.249 D PARKDIAG/Service:   ⏾ enterSentry(detection-ended) — resident, GPS off, re-arming departure wake [DET-RESIDENT-FGS-001]
08-26 01:18:48.264 D PARKDIAG/SigMotion: sync → arming in CHEAP-TRIAGE mode, quiet period 179s left [DET-CHEAP-WAKE-INSTEAD-OF-SILENCE-001]
08-26 01:18:48.281 D PARKDIAG/SigMotion: sync → armed=true
08-26 01:18:48.387 D PARKDIAG/OneFix: fix lat=36.6084259 lon=-6.2780983 speed=0.54604656m/s acc=24.578m age=0s
08-26 01:18:48.417 D PARKDIAG/StepCounter: cumulative steps read → 2386
08-26 01:18:48.432 D PARKDIAG/SafetyNet: [detection-end] geof=a786c135: sigues junto al coche (d=7m, radio 85m) → resello la referencia de pasos; la valla se re-registró hace 240min, no toca aún
08-26 01:24:16.453 D PARKDIAG/ExactNet: ⏰ exact heartbeat fired (doze stretch: 28083 ms)
08-26 01:24:16.633 D PARKDIAG/OneFix: fix lat=36.6084441 lon=-6.2781536 speed=0.0m/s acc=468.839m age=28s
08-26 01:24:16.657 D PARKDIAG/StepCounter: cumulative steps read → 2386
08-26 01:24:16.669 D PARKDIAG/SafetyNet: [exact-alarm] geof=a786c135: sigues junto al coche (d=8m, radio 85m) → resello la referencia de pasos; la valla se re-registró hace 246min, no toca aún
08-26 01:33:00.556 D PARKDIAG/OneFix: fix lat=36.6084441 lon=-6.2781536 speed=0.0m/s acc=468.839m age=0s
08-26 01:33:00.618 D PARKDIAG/StepCounter: cumulative steps read → 2386
08-26 01:33:00.655 D PARKDIAG/SafetyNet: [periodic] geof=a786c135: sigues junto al coche (d=8m, radio 85m) → resello la referencia de pasos; la valla se re-registró hace 255min, no toca aún
08-26 01:38:09.659 D PARKDIAG/ExactNet: ⏰ exact heartbeat fired (doze stretch: 9201 ms)
08-26 01:38:09.815 D PARKDIAG/OneFix: fix lat=36.6084441 lon=-6.2781536 speed=0.0m/s acc=468.839m age=9s
08-26 01:38:09.831 D PARKDIAG/StepCounter: cumulative steps read → 2386
08-26 01:38:09.844 D PARKDIAG/SafetyNet: [exact-alarm] geof=a786c135: sigues junto al coche (d=8m, radio 85m) → resello la referencia de pasos; la valla se re-registró hace 260min, no toca aún
08-26 01:43:36.435 D PARKDIAG/ExactNet: ⏰ exact heartbeat fired (doze stretch: 26661 ms)
08-26 01:43:36.592 D PARKDIAG/OneFix: fix lat=36.608439 lon=-6.2782522 speed=0.026331998m/s acc=3.345m age=1s
08-26 01:43:36.636 D PARKDIAG/StepCounter: cumulative steps read → 2386
08-26 01:43:36.654 D PARKDIAG/SafetyNet: [exact-alarm] geof=a786c135: sigues junto al coche (d=13m, radio 85m) → resello la referencia de pasos; la valla se re-registró hace 265min, no toca aún
08-26 01:48:00.782 D PARKDIAG/OneFix: fix lat=36.608345 lon=-6.2781996 speed=0.036459483m/s acc=3.063m age=0s
08-26 01:48:00.801 D PARKDIAG/StepCounter: cumulative steps read → 2386
08-26 01:48:00.813 D PARKDIAG/SafetyNet: [periodic] geof=a786c135: sigues junto al coche (d=6m, radio 85m) → resello la referencia de pasos; la valla se re-registró hace 270min, no toca aún
08-26 01:56:20.351 D PARKDIAG/ExactNet: ⏰ exact heartbeat fired (doze stretch: 199591 ms)
08-26 01:56:20.638 D PARKDIAG/OneFix: fix lat=36.6083267 lon=-6.2781891 speed=0.0m/s acc=100.0m age=0s
08-26 01:56:20.688 D PARKDIAG/StepCounter: cumulative steps read → 2386
08-26 01:56:20.710 D PARKDIAG/SafetyNet: [exact-alarm] geof=a786c135: sigues junto al coche (d=6m, radio 85m) → resello la referencia de pasos; la valla se re-registró hace 278min, no toca aún
08-26 02:02:08.354 D PARKDIAG/ExactNet: ⏰ exact heartbeat fired (doze stretch: 47830 ms)
08-26 02:02:08.572 D PARKDIAG/OneFix: fix lat=36.6083267 lon=-6.2781891 speed=0.0m/s acc=100.0m age=0s
08-26 02:02:08.604 D PARKDIAG/StepCounter: cumulative steps read → 2386
08-26 02:02:08.617 D PARKDIAG/SafetyNet: [exact-alarm] geof=a786c135: sigues junto al coche (d=6m, radio 85m) → resello la referencia de pasos; la valla se re-registró hace 284min, no toca aún
08-26 02:03:00.883 D PARKDIAG/OneFix: fix lat=36.6083267 lon=-6.2781891 speed=0.0m/s acc=100.0m age=0s
08-26 02:03:00.902 D PARKDIAG/StepCounter: cumulative steps read → 2386
08-26 02:03:00.913 D PARKDIAG/SafetyNet: [periodic] geof=a786c135: sigues junto al coche (d=6m, radio 85m) → resello la referencia de pasos; la valla se re-registró hace 285min, no toca aún
08-26 02:08:03.173 D PARKDIAG/ExactNet: ⏰ exact heartbeat fired (doze stretch: 2318 ms)
08-26 02:08:03.354 D PARKDIAG/OneFix: fix lat=36.6083267 lon=-6.2781891 speed=0.0m/s acc=100.0m age=2s
08-26 02:08:03.382 D PARKDIAG/StepCounter: cumulative steps read → 2386
08-26 02:08:03.404 D PARKDIAG/SafetyNet: [exact-alarm] geof=a786c135: sigues junto al coche (d=6m, radio 85m) → resello la referencia de pasos; la valla se re-registró hace 290min, no toca aún
08-26 02:13:06.826 D PARKDIAG/ExactNet: ⏰ exact heartbeat fired (doze stretch: 3512 ms)
08-26 02:13:07.001 D PARKDIAG/OneFix: fix lat=36.6083267 lon=-6.2781891 speed=0.0m/s acc=100.0m age=5s
08-26 02:13:07.031 D PARKDIAG/StepCounter: cumulative steps read → 2386
08-26 02:13:07.051 D PARKDIAG/SafetyNet: [exact-alarm] geof=a786c135: sigues junto al coche (d=6m, radio 85m) → resello la referencia de pasos; la valla se re-registró hace 295min, no toca aún
08-26 02:18:01.042 D PARKDIAG/OneFix: fix lat=36.6083267 lon=-6.2781891 speed=0.0m/s acc=100.0m age=0s
08-26 02:18:01.075 D PARKDIAG/StepCounter: cumulative steps read → 2386
08-26 02:18:01.091 D PARKDIAG/SafetyNet: [periodic] geof=a786c135: sigues junto al coche (d=6m, radio 85m) → resello la referencia de pasos; la valla se re-registró hace 300min, no toca aún
08-26 02:23:06.501 D PARKDIAG/ExactNet: ⏰ exact heartbeat fired (doze stretch: 5510 ms)
08-26 02:23:07.022 D PARKDIAG/OneFix: fix lat=36.6083267 lon=-6.2781891 speed=0.0m/s acc=100.0m age=5s
08-26 02:23:07.113 D PARKDIAG/StepCounter: cumulative steps read → 2386
08-26 02:23:07.173 D PARKDIAG/SafetyNet: [exact-alarm] geof=a786c135: sigues junto al coche (d=6m, radio 85m) → resello la referencia de pasos; la valla se re-registró hace 305min, no toca aún
08-26 02:28:13.157 D PARKDIAG/ExactNet: ⏰ exact heartbeat fired (doze stretch: 6301 ms)
08-26 02:28:13.297 D PARKDIAG/OneFix: fix lat=36.6083267 lon=-6.2781891 speed=0.0m/s acc=100.0m age=12s
08-26 02:28:13.322 D PARKDIAG/StepCounter: cumulative steps read → 2386
08-26 02:28:13.344 D PARKDIAG/SafetyNet: [exact-alarm] geof=a786c135: sigues junto al coche (d=6m, radio 85m) → resello la referencia de pasos; la valla se re-registró hace 310min, no toca aún
08-26 02:29:32.121 W PARKDIAG/SafetyNet: ⚠ sentry residency stamp outlived the process (gap 1 min) — resident watcher killed [DET-RESIDENT-FGS-001]
08-26 02:29:32.388 D PARKDIAG/SigMotion: sync → armed=true
08-26 02:29:32.729 D PARKDIAG/OneFix: ⊘ stale fix rejected (age=91s > 30s) lat=36.6083267 lon=-6.2781891
08-26 02:29:37.181 D PARKDIAG/Bootstrap: ▶ Bootstrap.invoke userId=fiypNbElGlfFexLMpU9sNaMjRMD3
08-26 02:29:37.194 D PARKDIAG/Bootstrap:   → syncVehicles START
08-26 02:29:37.201 D PARKDIAG/VehicleSync: ▶ syncFromRemote userId=fiypNbElGlfFexLMpU9sNaMjRMD3
08-26 02:29:37.212 D PARKDIAG/Bootstrap:   → syncParkingHistory START
08-26 02:29:37.232 D PARKDIAG/Bootstrap:   → syncZones START
08-26 02:29:47.350 D PARKDIAG/VehicleSync:   ← Firestore returned 3 vehicle(s)
08-26 02:29:47.352 D PARKDIAG/VehicleSync:     vehicle id=abf6c516-a739-4708-b216-870285f3cbc6 isActive=false name=Skoda Kamiq
08-26 02:29:47.354 D PARKDIAG/VehicleSync:     vehicle id=addbe660-ad30-4857-ab1f-58433d76992d isActive=true name=Ford Focus
08-26 02:29:47.356 D PARKDIAG/VehicleSync:     vehicle id=ccd539d9-02f9-4b40-8b94-da672c96866f isActive=false name=Chevrolet Beat
08-26 02:29:47.402 D PARKDIAG/VehicleSync: ■ syncFromRemote merged 3 vehicle(s) into Room (kept 0 pending)
08-26 02:29:47.404 D PARKDIAG/Bootstrap:   ← syncVehicles END isSuccess=true
08-26 02:29:47.541 D PARKDIAG/OneFix: fix TIMEOUT after 15000ms (maxAge=30s)
08-26 02:29:47.544 D PARKDIAG/SafetyNet: ■ no fresh fix within timeout — nothing to evaluate this tick
08-26 02:29:50.387 D PARKDIAG/Bootstrap:   ← syncZones END isSuccess=true
08-26 02:29:50.869 D PARKDIAG/Bootstrap:   ← syncParkingHistory END isSuccess=true
08-26 02:29:50.872 D PARKDIAG/Bootstrap: ■ Bootstrap.invoke SUCCESS
08-26 02:33:09.884 D PARKDIAG/OneFix: fix lat=36.6083267 lon=-6.2781891 speed=0.0m/s acc=100.0m age=8s
08-26 02:33:21.993 D PARKDIAG/StepCounter: cumulative steps read → TIMEOUT
08-26 02:33:22.099 D PARKDIAG/SafetyNet: [periodic] geof=a786c135: sigues junto al coche (d=6m, radio 85m) → resello la referencia de pasos; otra vía acaba de registrarla, no repito
08-26 02:39:44.492 D PARKDIAG/ExactNet: ⏰ exact heartbeat fired (doze stretch: 94665 ms)
08-26 02:39:44.819 D PARKDIAG/OneFix: ⊘ stale fix rejected (age=103s > 30s) lat=36.6083267 lon=-6.2781891
08-26 02:39:59.775 D PARKDIAG/OneFix: fix TIMEOUT after 15000ms (maxAge=30s)
08-26 02:39:59.779 D PARKDIAG/SafetyNet: ■ no fresh fix within timeout — nothing to evaluate this tick
08-26 02:41:48.234 D PARKDIAG/Service: ▶ Service onCreate
08-26 02:41:48.236 D PARKDIAG/Service: ▶ onStartCommand action=io.apptolast.paparcar.ACTION_RESUME_SENTRY flags=0 startId=1
08-26 02:41:48.246 D PARKDIAG/Service:   ✓ startForeground done (locationPermission=true)
08-26 02:41:48.257 D PARKDIAG/Service:   → RESUME_SENTRY (foreground-gap) — epilogue decides sentry vs stop [DET-WATCH-HONEST-001][DET-WATCH-REACTIVATE-001]
08-26 02:41:48.623 D PARKDIAG/Service:   ⏾ enterSentry(post-ACTION_RESUME_SENTRY) — resident, GPS off, re-arming departure wake [DET-RESIDENT-FGS-001]
08-26 02:41:53.372 D PARKDIAG/OneFix: fix lat=36.6106154 lon=-6.2712869 speed=0.0m/s acc=600.0m age=5s
08-26 02:41:53.407 D PARKDIAG/StepCounter: cumulative steps read → 2386
08-26 02:41:53.427 D PARKDIAG/SafetyNet: [detection-end] geof=a786c135: distancia ambigua (d=660m, ni junto al coche ni claramente lejos) → solo apunto la posición, no decido nada
08-26 02:46:52.633 D PARKDIAG/ExactNet: ⏰ exact heartbeat fired (doze stretch: 3635 ms)
08-26 02:46:52.783 D PARKDIAG/OneFix: fix lat=36.6083671 lon=-6.2783208 speed=0.04020802m/s acc=3.305m age=0s
08-26 02:46:52.829 D PARKDIAG/StepCounter: cumulative steps read → 2386
08-26 02:46:52.857 D PARKDIAG/SafetyNet: [exact-alarm] geof=a786c135: sigues junto al coche (d=16m, radio 85m) → resello la referencia de pasos; la valla se re-registró hace 329min, no toca aún
08-26 02:48:22.237 D PARKDIAG/OneFix: fix lat=36.6084091 lon=-6.2783325 speed=0.019447446m/s acc=3.038m age=0s
08-26 02:48:22.302 D PARKDIAG/StepCounter: cumulative steps read → 2386
08-26 02:48:22.322 D PARKDIAG/SafetyNet: [periodic] geof=a786c135: sigues junto al coche (d=18m, radio 85m) → resello la referencia de pasos; la valla se re-registró hace 330min, no toca aún
08-26 02:53:28.417 D PARKDIAG/ExactNet: ⏰ exact heartbeat fired (doze stretch: 6229 ms)
08-26 02:53:28.584 D PARKDIAG/OneFix: fix lat=36.6084524 lon=-6.2782354 speed=0.0m/s acc=100.0m age=0s
08-26 02:53:28.678 D PARKDIAG/StepCounter: cumulative steps read → 2386
08-26 02:53:28.696 D PARKDIAG/SafetyNet: [exact-alarm] geof=a786c135: sigues junto al coche (d=12m, radio 85m) → resello la referencia de pasos; la valla se re-registró hace 335min, no toca aún
08-26 03:00:42.678 D PARKDIAG/ExactNet: ⏰ exact heartbeat fired (doze stretch: 134142 ms)
08-26 03:00:42.949 D PARKDIAG/OneFix: fix lat=36.6084524 lon=-6.2782354 speed=0.0m/s acc=100.0m age=0s
08-26 03:00:43.049 D PARKDIAG/StepCounter: cumulative steps read → 2386
08-26 03:00:43.078 D PARKDIAG/SafetyNet: [exact-alarm] geof=a786c135: sigues junto al coche (d=12m, radio 85m) → resello la referencia de pasos; la valla se re-registró hace 342min, no toca aún
08-26 03:03:22.462 D PARKDIAG/OneFix: fix lat=36.6084524 lon=-6.2782354 speed=0.0m/s acc=100.0m age=0s
08-26 03:03:22.550 D PARKDIAG/StepCounter: cumulative steps read → 2386
08-26 03:03:22.571 D PARKDIAG/SafetyNet: [periodic] geof=a786c135: sigues junto al coche (d=12m, radio 85m) → resello la referencia de pasos; la valla se re-registró hace 345min, no toca aún
08-26 03:08:31.884 D PARKDIAG/ExactNet: ⏰ exact heartbeat fired (doze stretch: 9471 ms)
08-26 03:08:32.136 D PARKDIAG/OneFix: fix lat=36.6084524 lon=-6.2782354 speed=0.0m/s acc=100.0m age=9s
08-26 03:08:32.209 D PARKDIAG/StepCounter: cumulative steps read → 2386
08-26 03:08:32.240 D PARKDIAG/SafetyNet: [exact-alarm] geof=a786c135: sigues junto al coche (d=12m, radio 85m) → resello la referencia de pasos; la valla se re-registró hace 350min, no toca aún
08-26 03:08:52.762 D PARKDIAG/FenceEnter: ✓ re-entered own fence (enter_a786c135-2500-42c4-8adc-dd7d695ae0d8) → enqueueing anchor re-seal check
08-26 03:08:52.915 D PARKDIAG/OneFix: fix lat=36.608476 lon=-6.2781616 speed=0.0m/s acc=14.585m age=0s
08-26 03:08:52.977 D PARKDIAG/StepCounter: cumulative steps read → 2386
08-26 03:08:52.997 D PARKDIAG/SafetyNet: [geofence-enter] geof=a786c135: sigues junto al coche (d=12m, radio 85m) → resello la referencia de pasos; la valla se re-registró hace 351min, no toca aún
08-26 03:14:09.095 D PARKDIAG/ExactNet: ⏰ exact heartbeat fired (doze stretch: 16205 ms)
08-26 03:14:09.272 D PARKDIAG/OneFix: fix lat=36.608476 lon=-6.2781616 speed=0.0m/s acc=100.0m age=16s
08-26 03:14:09.341 D PARKDIAG/StepCounter: cumulative steps read → 2386
08-26 03:14:09.354 D PARKDIAG/SafetyNet: [exact-alarm] geof=a786c135: sigues junto al coche (d=12m, radio 85m) → resello la referencia de pasos; la valla se re-registró hace 356min, no toca aún
08-26 03:18:22.742 D PARKDIAG/OneFix: fix lat=36.608476 lon=-6.2781616 speed=0.0m/s acc=100.0m age=0s
08-26 03:18:22.864 D PARKDIAG/StepCounter: cumulative steps read → 2386
08-26 03:18:22.892 D PARKDIAG/SafetyNet: [periodic] geof=a786c135: sigues junto al coche (d=12m, radio 85m) → resello la referencia de pasos; otra vía acaba de registrarla, no repito
08-26 03:23:25.354 D PARKDIAG/ExactNet: ⏰ exact heartbeat fired (doze stretch: 2682 ms)
08-26 03:23:25.625 D PARKDIAG/OneFix: fix lat=36.608476 lon=-6.2781616 speed=0.0m/s acc=100.0m age=2s
08-26 03:23:25.694 D PARKDIAG/StepCounter: cumulative steps read → 2386
08-26 03:23:25.719 D PARKDIAG/SafetyNet: ▶ inside fence — re-registering geofence=a786c135-2500-42c4-8adc-dd7d695ae0d8 (blind floor, steps@anchor=2386)
08-26 03:23:25.768 D PARKDIAG/SafetyNet: [exact-alarm] geof=a786c135: sigues junto al coche (d=12m, radio 85m) → re-registro la valla por si el sistema la borró
08-26 03:28:26.406 D PARKDIAG/ExactNet: ⏰ exact heartbeat fired (doze stretch: 838 ms)
08-26 03:28:26.803 D PARKDIAG/OneFix: fix lat=36.608476 lon=-6.2781616 speed=0.0m/s acc=100.0m age=3s
08-26 03:28:26.862 D PARKDIAG/StepCounter: cumulative steps read → 2386
08-26 03:28:26.895 D PARKDIAG/SafetyNet: [exact-alarm] geof=a786c135: sigues junto al coche (d=12m, radio 85m) → resello la referencia de pasos; la valla se re-registró hace 5min, no toca aún
08-26 03:33:19.884 D PARKDIAG/Confirm: ▶ ConfirmParking.invoke reliability=1.0 spotType=MANUAL_REPORT vehicleId=addbe660-ad30-4857-ab1f-58433d76992d
08-26 03:33:19.886 D PARKDIAG/Confirm:   → authRepository.getCurrentSession() BEFORE
08-26 03:33:19.887 D PARKDIAG/Confirm:   ← getCurrentSession AFTER userId=fiypNbElGlfFexLMpU9sNaMjRMD3
08-26 03:33:19.888 D PARKDIAG/Confirm:   → getVehicleById(userId, addbe660-ad30-4857-ab1f-58433d76992d) BEFORE
08-26 03:33:19.915 D PARKDIAG/Confirm:   ← getVehicleById AFTER vehicleId=addbe660-ad30-4857-ab1f-58433d76992d
08-26 03:33:20.021 D PARKDIAG/Confirm:   privateZoneId=null
08-26 03:33:20.043 D PARKDIAG/Confirm:   route store not fresh (3 pts, last 8119s old) — no route attached
08-26 03:33:20.043 D PARKDIAG/Confirm:   → saveNewParkingSession BEFORE sessionId=724147ef-1219-437a-94aa-7fed45caccfb
08-26 03:33:20.126 D PARKDIAG/Confirm:   ← saveNewParkingSession AFTER isSuccess=true
08-26 03:33:20.127 D PARKDIAG/Confirm:   → enrichmentScheduler.schedule BEFORE
08-26 03:33:20.130 D PARKDIAG/Confirm:   ← enrichmentScheduler.schedule AFTER
08-26 03:33:20.131 D PARKDIAG/Confirm:   → geofenceService.createGeofence BEFORE
08-26 03:33:20.257 D PARKDIAG/Confirm:   ← geofenceService.createGeofence AFTER
08-26 03:33:20.262 D PARKDIAG/StepCounter: cumulative steps read → 2386
08-26 03:33:20.265 D PARKDIAG/Confirm: ■ ConfirmParking.invoke SUCCESS (notif is caller's responsibility)
08-26 03:33:20.549 D PARKDIAG/Service: ▶ onStartCommand action=io.apptolast.paparcar.ACTION_STOP_TRACKING flags=0 startId=2
08-26 03:33:20.553 D PARKDIAG/Service:   ✓ startForeground done (locationPermission=true)
08-26 03:33:20.555 D PARKDIAG/Service:   → STOP_TRACKING — cancelling detection
08-26 03:33:20.576 D PARKDIAG/SaveNewParkingSessionWorker: ▶ SaveNewParkingSessionWorker.doWork session=724147ef-1219-437a-94aa-7fed45caccfb previous=null attempt=0
08-26 03:33:20.697 D PARKDIAG/Service:   ⏾ enterSentry(post-ACTION_STOP_TRACKING) — resident, GPS off, re-arming departure wake [DET-RESIDENT-FGS-001]
08-26 03:33:21.127 D PARKDIAG/OneFix: fix lat=36.6084643 lon=-6.2781751 speed=0.33303156m/s acc=15.957m age=7s
08-26 03:33:21.290 D PARKDIAG/StepCounter: cumulative steps read → 2386
08-26 03:33:21.297 D PARKDIAG/SafetyNet: [detection-end] geof=724147ef: sigues junto al coche (d=19m, radio 103m) → resello la referencia de pasos; la valla se re-registró hace 29795133min, no toca aún · geof=a786c135: sigues junto al coche (d=11m, radio 85m) → resello la referencia de pasos; la valla se re-registró hace 9min, no toca aún
08-26 03:33:21.735 D PARKDIAG/SaveNewParkingSessionWorker: ■ SaveNewParkingSessionWorker SUCCESS session=724147ef-1219-437a-94aa-7fed45caccfb
08-26 03:33:21.867 D PARKDIAG/UpdateParkingSessionAddressAndPlaceWorker: ▶ UpdateParkingSessionAddressAndPlaceWorker.doWork session=724147ef-1219-437a-94aa-7fed45caccfb attempt=0
08-26 03:33:22.361 D PARKDIAG/UpdateParkingSessionAddressAndPlaceWorker: ■ UpdateParkingSessionAddressAndPlaceWorker SUCCESS session=724147ef-1219-437a-94aa-7fed45caccfb
08-26 03:33:22.993 D PARKDIAG/OneFix: fix lat=36.608445 lon=-6.278163 speed=0.36906996m/s acc=15.74m age=3s
08-26 03:33:23.021 D PARKDIAG/StepCounter: cumulative steps read → 2386
08-26 03:33:23.026 D PARKDIAG/SafetyNet: [periodic] geof=724147ef: sigues junto al coche (d=21m, radio 103m) → resello la referencia de pasos; la valla se re-registró hace 29795133min, no toca aún · geof=a786c135: sigues junto al coche (d=8m, radio 85m) → resello la referencia de pasos; la valla se re-registró hace 9min, no toca aún
08-26 03:33:42.668 D PARKDIAG/SaveNewParkingSessionWorker: ▶ SaveNewParkingSessionWorker.doWork session=724147ef-1219-437a-94aa-7fed45caccfb previous=null attempt=0
08-26 03:33:43.087 D PARKDIAG/SaveNewParkingSessionWorker: ■ SaveNewParkingSessionWorker SUCCESS session=724147ef-1219-437a-94aa-7fed45caccfb
08-26 03:38:25.631 D PARKDIAG/ExactNet: ⏰ exact heartbeat fired (doze stretch: 2663 ms)
08-26 03:38:25.924 D PARKDIAG/OneFix: fix lat=36.6084429 lon=-6.2781582 speed=0.0m/s acc=100.0m age=0s
08-26 03:38:25.971 D PARKDIAG/StepCounter: cumulative steps read → 2386
08-26 03:38:25.992 D PARKDIAG/SafetyNet: [exact-alarm] geof=724147ef: sigues junto al coche (d=22m, radio 103m) → resello la referencia de pasos; la valla se re-registró hace 29795138min, no toca aún · geof=a786c135: sigues junto al coche (d=8m, radio 85m) → resello la referencia de pasos; la valla se re-registró hace 15min, no toca aún
08-26 03:44:12.751 D PARKDIAG/ExactNet: ⏰ exact heartbeat fired (doze stretch: 46914 ms)
08-26 03:44:12.955 D PARKDIAG/OneFix: fix lat=36.6084429 lon=-6.2781582 speed=0.0m/s acc=100.0m age=0s
08-26 03:44:12.991 D PARKDIAG/StepCounter: cumulative steps read → 2386
08-26 03:44:13.004 D PARKDIAG/SafetyNet: ▶ inside fence — re-registering geofence=724147ef-1219-437a-94aa-7fed45caccfb (blind floor, steps@anchor=2386)
08-26 03:44:13.042 D PARKDIAG/SafetyNet: [exact-alarm] geof=724147ef: sigues junto al coche (d=22m, radio 103m) → re-registro la valla por si el sistema la borró · geof=a786c135: sigues junto al coche (d=8m, radio 85m) → resello la referencia de pasos; la valla se re-registró hace 20min, no toca aún
08-26 03:48:23.238 D PARKDIAG/OneFix: fix lat=36.6084429 lon=-6.2781582 speed=0.0m/s acc=100.0m age=0s
08-26 03:48:23.272 D PARKDIAG/FenceEnter: ✓ re-entered own fence (enter_724147ef-1219-437a-94aa-7fed45caccfb) → enqueueing anchor re-seal check
08-26 03:48:23.289 D PARKDIAG/StepCounter: cumulative steps read → 2386
08-26 03:48:23.305 D PARKDIAG/SafetyNet: [periodic] geof=724147ef: sigues junto al coche (d=22m, radio 103m) → resello la referencia de pasos; la valla se re-registró hace 4min, no toca aún · geof=a786c135: sigues junto al coche (d=8m, radio 85m) → resello la referencia de pasos; la valla se re-registró hace 24min, no toca aún
08-26 03:48:23.505 D PARKDIAG/OneFix: fix lat=36.6084429 lon=-6.2781582 speed=0.0m/s acc=100.0m age=0s
08-26 03:48:23.534 D PARKDIAG/StepCounter: cumulative steps read → 2386
08-26 03:48:23.566 D PARKDIAG/SafetyNet: [geofence-enter] geof=724147ef: sigues junto al coche (d=22m, radio 103m) → resello la referencia de pasos; la valla se re-registró hace 4min, no toca aún · geof=a786c135: sigues junto al coche (d=8m, radio 85m) → resello la referencia de pasos; la valla se re-registró hace 24min, no toca aún
08-26 03:53:23.665 D PARKDIAG/ExactNet: ⏰ exact heartbeat fired (doze stretch: 192 ms)
08-26 03:53:23.799 D PARKDIAG/OneFix: fix lat=36.6084429 lon=-6.2781582 speed=0.0m/s acc=100.0m age=0s
08-26 03:53:23.835 D PARKDIAG/StepCounter: cumulative steps read → 2386
08-26 03:53:23.851 D PARKDIAG/SafetyNet: [exact-alarm] geof=724147ef: sigues junto al coche (d=22m, radio 103m) → resello la referencia de pasos; la valla se re-registró hace 9min, no toca aún · geof=a786c135: sigues junto al coche (d=8m, radio 85m) → resello la referencia de pasos; la valla se re-registró hace 29min, no toca aún
08-26 03:59:37.660 D PARKDIAG/ExactNet: ⏰ exact heartbeat fired (doze stretch: 73899 ms)
08-26 03:59:43.013 D PARKDIAG/OneFix: fix lat=36.6106154 lon=-6.2712869 speed=0.0m/s acc=600.0m age=5s
08-26 03:59:43.064 D PARKDIAG/StepCounter: cumulative steps read → 2386
08-26 03:59:43.082 D PARKDIAG/SafetyNet: [exact-alarm] geof=724147ef: distancia ambigua (d=651m, ni junto al coche ni claramente lejos) → solo apunto la posición, no decido nada · geof=a786c135: distancia ambigua (d=660m, ni junto al coche ni claramente lejos) → solo apunto la posición, no decido nada
08-26 04:03:26.602 D PARKDIAG/OneFix: fix lat=36.608452 lon=-6.2781609 speed=0.0m/s acc=17.327m age=0s
08-26 04:03:26.656 D PARKDIAG/StepCounter: cumulative steps read → 2386
08-26 04:03:26.785 D PARKDIAG/SafetyNet: [periodic] geof=724147ef: sigues junto al coche (d=21m, radio 103m) → resello la referencia de pasos; la valla se re-registró hace 19min, no toca aún · geof=a786c135: sigues junto al coche (d=9m, radio 85m) → resello la referencia de pasos; la valla se re-registró hace 40min, no toca aún
08-26 04:12:03.642 D PARKDIAG/BTReceiver: ▶ BT CONNECTED device=00:A4:1C:65:2B:3F
08-26 04:12:03.683 D PARKDIAG/BTReceiver:   no vehicle paired with 00:A4:1C:65:2B:3F — ignoring
08-26 04:12:44.082 D PARKDIAG/ExactNet: ⏰ exact heartbeat fired (doze stretch: 260588 ms)
08-26 04:12:44.274 D PARKDIAG/OneFix: fix lat=36.6083 lon=-6.2782067 speed=0.0m/s acc=58.7638m age=0s
08-26 04:12:44.295 D PARKDIAG/StepCounter: cumulative steps read → 2386
08-26 04:12:44.316 D PARKDIAG/SafetyNet: [exact-alarm] geof=724147ef: sigues junto al coche (d=38m, radio 103m) → resello la referencia de pasos; la valla se re-registró hace 28min, no toca aún · geof=a786c135: sigues junto al coche (d=9m, radio 85m) → resello la referencia de pasos; la valla se re-registró hace 49min, no toca aún
08-26 04:12:52.607 D PARKDIAG/Bootstrap: ▶ Bootstrap.invoke userId=fiypNbElGlfFexLMpU9sNaMjRMD3
08-26 04:12:52.608 D PARKDIAG/Bootstrap:   → syncVehicles START
08-26 04:12:52.609 D PARKDIAG/VehicleSync: ▶ syncFromRemote userId=fiypNbElGlfFexLMpU9sNaMjRMD3
08-26 04:12:52.609 D PARKDIAG/Bootstrap:   → syncParkingHistory START
08-26 04:12:52.610 D PARKDIAG/Bootstrap:   → syncZones START
08-26 04:12:53.671 D PARKDIAG/VehicleSync:   ← Firestore returned 3 vehicle(s)
08-26 04:12:53.671 D PARKDIAG/VehicleSync:     vehicle id=abf6c516-a739-4708-b216-870285f3cbc6 isActive=false name=Skoda Kamiq
08-26 04:12:53.671 D PARKDIAG/VehicleSync:     vehicle id=addbe660-ad30-4857-ab1f-58433d76992d isActive=true name=Ford Focus
08-26 04:12:53.671 D PARKDIAG/VehicleSync:     vehicle id=ccd539d9-02f9-4b40-8b94-da672c96866f isActive=false name=Chevrolet Beat
08-26 04:12:53.858 D PARKDIAG/VehicleSync: ■ syncFromRemote merged 3 vehicle(s) into Room (kept 0 pending)
08-26 04:12:53.858 D PARKDIAG/Bootstrap:   ← syncVehicles END isSuccess=true
08-26 04:12:53.861 D PARKDIAG/Bootstrap:   ← syncZones END isSuccess=true
08-26 04:12:53.915 D PARKDIAG/Bootstrap:   ← syncParkingHistory END isSuccess=true
08-26 04:12:53.915 D PARKDIAG/Bootstrap: ■ Bootstrap.invoke SUCCESS
08-26 04:18:26.046 D PARKDIAG/ExactNet: ⏰ exact heartbeat fired (doze stretch: 41816 ms)
08-26 04:18:26.212 D PARKDIAG/OneFix: fix lat=36.6084333 lon=-6.2781583 speed=0.0m/s acc=100.0m age=0s
08-26 04:18:26.245 D PARKDIAG/StepCounter: cumulative steps read → 2395
08-26 04:18:26.260 D PARKDIAG/SafetyNet: [exact-alarm] geof=724147ef: sigues junto al coche (d=23m, radio 103m) → resello la referencia de pasos; la valla se re-registró hace 34min, no toca aún · geof=a786c135: sigues junto al coche (d=7m, radio 85m) → resello la referencia de pasos; la valla se re-registró hace 55min, no toca aún
08-26 04:18:26.939 D PARKDIAG/OneFix: fix lat=36.6084333 lon=-6.2781583 speed=0.0m/s acc=100.0m age=0s
08-26 04:18:26.967 D PARKDIAG/StepCounter: cumulative steps read → 2395
08-26 04:18:27.000 D PARKDIAG/SafetyNet: [periodic] geof=724147ef: sigues junto al coche (d=23m, radio 103m) → resello la referencia de pasos; la valla se re-registró hace 34min, no toca aún · geof=a786c135: sigues junto al coche (d=7m, radio 85m) → resello la referencia de pasos; la valla se re-registró hace 55min, no toca aún
08-26 04:25:12.521 D PARKDIAG/ExactNet: ⏰ exact heartbeat fired (doze stretch: 105618 ms)
08-26 04:25:12.707 D PARKDIAG/OneFix: fix lat=36.6083883 lon=-6.2781133 speed=0.0m/s acc=7.7m age=9s
08-26 04:25:12.741 D PARKDIAG/StepCounter: cumulative steps read → 2395
08-26 04:25:12.756 D PARKDIAG/SafetyNet: [exact-alarm] geof=724147ef: sigues junto al coche (d=28m, radio 103m) → resello la referencia de pasos; la valla se re-registró hace 40min, no toca aún · geof=a786c135: sigues junto al coche (d=3m, radio 85m) → resello la referencia de pasos; la valla se re-registró hace 61min, no toca aún
08-26 04:25:57.978 D PARKDIAG/SigMotion: ▶ significant motion — SENTRY resident, direct wake [DET-RESIDENT-FGS-001]
08-26 04:25:58.001 D PARKDIAG/Service: ▶ onStartCommand action=io.apptolast.paparcar.ACTION_SENTRY_WAKE flags=0 startId=3
08-26 04:25:58.010 D PARKDIAG/Service:   ✓ startForeground done (locationPermission=true)
08-26 04:25:58.035 D PARKDIAG/Service:   → SENTRY_WAKE — significant motion on live process, arming Coordinator (Unverified) [DET-RESIDENT-FGS-001]
08-26 04:25:58.049 D PARKDIAG/Service:   ▶ startParkingDetection — launching coordinator (trigger=SIGNIFICANT_MOTION)
08-26 04:25:58.089 D PARKDIAG/Service:     ▶ detection coroutine entered, invoking coordinator
08-26 04:25:58.097 D PARKDIAG/Coord: ▶ coordinator.invoke() entry (armEvidence=self_observed) — calling reset()
08-26 04:25:58.098 D PARKDIAG/Coord:   → session-start dismiss PARKING_CONFIRMATION (savedConfirmAge=nullms, limit=900000ms)
08-26 04:26:05.219 D PARKDIAG/Coord: ─ loc#1 lat=36.608434 lon=-6.2781462 speed=0.19013664m/s acc=16.282m sessionAge=7121ms
08-26 04:26:05.226 D PARKDIAG/Coord:   state hasEverMoved=false hasEverReachedDrivingSpeed=false userConfirmed=false vehicleExit=false stoppedSince=1787711165218 stoppedDur=0ms phase=Idle
08-26 04:26:05.234 D PARKDIAG/Coord:   ⏸ skipping: !hasEverReachedDrivingSpeed
08-26 04:26:08.270 D PARKDIAG/Coord: ─ loc#2 lat=36.6084144 lon=-6.2784966 speed=0.4133352m/s acc=11.891m sessionAge=10171ms
08-26 04:26:08.274 D PARKDIAG/Coord:   state hasEverMoved=false hasEverReachedDrivingSpeed=false userConfirmed=false vehicleExit=false stoppedSince=1787711165218 stoppedDur=3050ms phase=Idle
08-26 04:26:08.277 D PARKDIAG/Coord:   ⏸ skipping: !hasEverReachedDrivingSpeed
08-26 04:26:11.515 D PARKDIAG/Coord:   ✦ step #1 (pre-drive, false-ENTER candidate)
08-26 04:26:11.976 D PARKDIAG/Coord:   ✦ step #2 (pre-drive, false-ENTER candidate)
08-26 04:26:12.596 D PARKDIAG/Coord:   ✦ step #3 (pre-drive, false-ENTER candidate)
08-26 04:26:12.893 D PARKDIAG/Coord:   ✦ step #4 (pre-drive, false-ENTER candidate)
08-26 04:26:13.231 D PARKDIAG/Coord: ─ loc#3 lat=36.6084672 lon=-6.2783731 speed=0.046791635m/s acc=6.8m sessionAge=15133ms
08-26 04:26:13.239 D PARKDIAG/Coord:   state hasEverMoved=false hasEverReachedDrivingSpeed=false userConfirmed=false vehicleExit=false stoppedSince=1787711165218 stoppedDur=8012ms phase=Idle
08-26 04:26:13.244 D PARKDIAG/Coord:   ⏸ skipping: !hasEverReachedDrivingSpeed
08-26 04:26:18.213 D PARKDIAG/Coord: ─ loc#4 lat=36.608462 lon=-6.2782397 speed=0.0019543255m/s acc=5.4m sessionAge=20114ms
08-26 04:26:18.216 D PARKDIAG/Coord:   state hasEverMoved=false hasEverReachedDrivingSpeed=false userConfirmed=false vehicleExit=false stoppedSince=1787711165218 stoppedDur=12993ms phase=Idle
08-26 04:26:18.221 D PARKDIAG/Coord:   ⏸ skipping: !hasEverReachedDrivingSpeed
08-26 04:26:23.217 D PARKDIAG/Coord: ─ loc#5 lat=36.6084635 lon=-6.2782171 speed=0.7949719m/s acc=7.959m sessionAge=25118ms
08-26 04:26:23.220 D PARKDIAG/Coord:   state hasEverMoved=false hasEverReachedDrivingSpeed=false userConfirmed=false vehicleExit=false stoppedSince=1787711165218 stoppedDur=17997ms phase=Idle
08-26 04:26:23.224 D PARKDIAG/Coord:   ⏸ skipping: !hasEverReachedDrivingSpeed
08-26 04:26:27.025 D PARKDIAG/Coord: ─ loc#6 lat=36.6084613 lon=-6.2782101 speed=0.80128205m/s acc=13.467m sessionAge=28928ms
08-26 04:26:27.028 D PARKDIAG/Coord:   state hasEverMoved=false hasEverReachedDrivingSpeed=false userConfirmed=false vehicleExit=false stoppedSince=1787711165218 stoppedDur=21807ms phase=Idle
08-26 04:26:27.029 D PARKDIAG/Coord:   ⏸ skipping: !hasEverReachedDrivingSpeed
08-26 04:26:33.232 D PARKDIAG/Coord: ─ loc#7 lat=36.6084633 lon=-6.2781976 speed=0.06302324m/s acc=9.243m sessionAge=35135ms
08-26 04:26:33.234 D PARKDIAG/Coord:   state hasEverMoved=false hasEverReachedDrivingSpeed=false userConfirmed=false vehicleExit=false stoppedSince=1787711165218 stoppedDur=28014ms phase=Idle
08-26 04:26:33.240 D PARKDIAG/Coord:   ⏸ skipping: !hasEverReachedDrivingSpeed
08-26 04:26:35.220 D PARKDIAG/Coord: ─ loc#8 lat=36.6084646 lon=-6.2781967 speed=0.09079276m/s acc=7.915m sessionAge=37122ms
08-26 04:26:35.226 D PARKDIAG/Coord:   state hasEverMoved=false hasEverReachedDrivingSpeed=false userConfirmed=false vehicleExit=false stoppedSince=1787711165218 stoppedDur=30001ms phase=Idle
08-26 04:26:35.230 D PARKDIAG/Coord:   ⏸ skipping: !hasEverReachedDrivingSpeed
08-26 04:26:38.218 D PARKDIAG/Coord: ─ loc#9 lat=36.6084642 lon=-6.2781906 speed=0.09708621m/s acc=7.54m sessionAge=40120ms
08-26 04:26:38.230 D PARKDIAG/Coord:   state hasEverMoved=false hasEverReachedDrivingSpeed=false userConfirmed=false vehicleExit=false stoppedSince=1787711165218 stoppedDur=32999ms phase=Idle
08-26 04:26:38.234 D PARKDIAG/Coord:   ⏸ skipping: !hasEverReachedDrivingSpeed
08-26 04:26:42.225 D PARKDIAG/Coord: ─ loc#10 lat=36.6084646 lon=-6.2781832 speed=0.03905668m/s acc=6.351m sessionAge=44127ms
08-26 04:26:42.229 D PARKDIAG/Coord:   state hasEverMoved=false hasEverReachedDrivingSpeed=false userConfirmed=false vehicleExit=false stoppedSince=1787711165218 stoppedDur=37006ms phase=Idle
08-26 04:26:42.230 D PARKDIAG/Coord:   ⏸ skipping: !hasEverReachedDrivingSpeed
08-26 04:26:47.212 D PARKDIAG/Coord: ─ loc#11 lat=36.608464 lon=-6.2781743 speed=0.048313502m/s acc=5.454m sessionAge=49115ms
08-26 04:26:47.213 D PARKDIAG/Coord:   state hasEverMoved=false hasEverReachedDrivingSpeed=false userConfirmed=false vehicleExit=false stoppedSince=1787711165218 stoppedDur=41994ms phase=Idle
08-26 04:26:47.218 D PARKDIAG/Coord:   ⏸ skipping: !hasEverReachedDrivingSpeed
08-26 04:26:52.160 D PARKDIAG/Coord: ─ loc#12 lat=36.6084649 lon=-6.2781685 speed=0.041141894m/s acc=4.813m sessionAge=54060ms
08-26 04:26:52.161 D PARKDIAG/Coord:   state hasEverMoved=false hasEverReachedDrivingSpeed=false userConfirmed=false vehicleExit=false stoppedSince=1787711165218 stoppedDur=46939ms phase=Idle
08-26 04:26:52.162 D PARKDIAG/Coord:   ⏸ skipping: !hasEverReachedDrivingSpeed
08-26 04:26:57.217 D PARKDIAG/Coord: ─ loc#13 lat=36.6084637 lon=-6.2781642 speed=0.033261485m/s acc=4.23m sessionAge=59119ms
08-26 04:26:57.219 D PARKDIAG/Coord:   state hasEverMoved=false hasEverReachedDrivingSpeed=false userConfirmed=false vehicleExit=false stoppedSince=1787711165218 stoppedDur=51998ms phase=Idle
08-26 04:26:57.230 D PARKDIAG/Coord:   ⏸ skipping: !hasEverReachedDrivingSpeed
08-26 04:27:00.757 D PARKDIAG/Coord: ─ loc#14 lat=36.6084644 lon=-6.2781617 speed=0.03816458m/s acc=3.983m sessionAge=62660ms
08-26 04:27:00.763 D PARKDIAG/Coord:   state hasEverMoved=false hasEverReachedDrivingSpeed=false userConfirmed=false vehicleExit=false stoppedSince=1787711165218 stoppedDur=55539ms phase=Idle
08-26 04:27:00.764 D PARKDIAG/Coord:   ⏸ skipping: !hasEverReachedDrivingSpeed
08-26 04:27:04.548 D PARKDIAG/Coord: ─ loc#15 lat=36.6084648 lon=-6.2781597 speed=0.031099137m/s acc=3.701m sessionAge=66450ms
08-26 04:27:04.550 D PARKDIAG/Coord:   state hasEverMoved=false hasEverReachedDrivingSpeed=false userConfirmed=false vehicleExit=false stoppedSince=1787711165218 stoppedDur=59329ms phase=Idle
08-26 04:27:04.551 D PARKDIAG/Coord:   ⏸ skipping: !hasEverReachedDrivingSpeed
08-26 04:27:07.220 D PARKDIAG/Coord: ─ loc#16 lat=36.6084647 lon=-6.2781596 speed=0.032531142m/s acc=3.705m sessionAge=69123ms
08-26 04:27:07.222 D PARKDIAG/Coord:   state hasEverMoved=false hasEverReachedDrivingSpeed=false userConfirmed=false vehicleExit=false stoppedSince=1787711165218 stoppedDur=62002ms phase=Idle
08-26 04:27:07.223 D PARKDIAG/Coord:   ⏸ skipping: !hasEverReachedDrivingSpeed
08-26 04:27:09.469 D PARKDIAG/Coord: ─ loc#17 lat=36.6084647 lon=-6.2781583 speed=0.05394507m/s acc=3.686m sessionAge=71372ms
08-26 04:27:09.471 D PARKDIAG/Coord:   state hasEverMoved=false hasEverReachedDrivingSpeed=false userConfirmed=false vehicleExit=false stoppedSince=1787711165218 stoppedDur=64251ms phase=Idle
08-26 04:27:09.475 D PARKDIAG/Coord:   ⏸ skipping: !hasEverReachedDrivingSpeed
08-26 04:27:12.227 D PARKDIAG/Coord: ─ loc#18 lat=36.6084643 lon=-6.2781585 speed=0.0534013m/s acc=3.745m sessionAge=74129ms
08-26 04:27:12.228 D PARKDIAG/Coord:   state hasEverMoved=false hasEverReachedDrivingSpeed=false userConfirmed=false vehicleExit=false stoppedSince=1787711165218 stoppedDur=67008ms phase=Idle
08-26 04:27:12.233 D PARKDIAG/Coord:   ⏸ skipping: !hasEverReachedDrivingSpeed
08-26 04:27:17.212 D PARKDIAG/Coord: ─ loc#19 lat=36.6084646 lon=-6.2781569 speed=0.07602501m/s acc=4.013m sessionAge=79114ms
08-26 04:27:17.213 D PARKDIAG/Coord:   state hasEverMoved=false hasEverReachedDrivingSpeed=false userConfirmed=false vehicleExit=false stoppedSince=1787711165218 stoppedDur=71993ms phase=Idle
08-26 04:27:17.214 D PARKDIAG/Coord:   ⏸ skipping: !hasEverReachedDrivingSpeed
08-26 04:27:22.245 D PARKDIAG/Coord: ─ loc#20 lat=36.6084638 lon=-6.2781577 speed=0.083290935m/s acc=4.164m sessionAge=84147ms
08-26 04:27:22.253 D PARKDIAG/Coord:   state hasEverMoved=false hasEverReachedDrivingSpeed=false userConfirmed=false vehicleExit=false stoppedSince=1787711165218 stoppedDur=77026ms phase=Idle
08-26 04:27:22.255 D PARKDIAG/Coord:   ⏸ skipping: !hasEverReachedDrivingSpeed
08-26 04:27:26.326 D PARKDIAG/Coord: ─ loc#21 lat=36.6084638 lon=-6.2781574 speed=0.060612377m/s acc=4.076m sessionAge=88229ms
08-26 04:27:26.329 D PARKDIAG/Coord:   state hasEverMoved=false hasEverReachedDrivingSpeed=false userConfirmed=false vehicleExit=false stoppedSince=1787711165218 stoppedDur=81108ms phase=Idle
08-26 04:27:26.333 D PARKDIAG/Coord:   ⏸ skipping: !hasEverReachedDrivingSpeed
08-26 04:27:32.235 D PARKDIAG/Coord: ─ loc#22 lat=36.6084607 lon=-6.2781571 speed=0.03566334m/s acc=3.776m sessionAge=94138ms
08-26 04:27:32.237 D PARKDIAG/Coord:   state hasEverMoved=false hasEverReachedDrivingSpeed=false userConfirmed=false vehicleExit=false stoppedSince=1787711165218 stoppedDur=87017ms phase=Idle
08-26 04:27:32.238 D PARKDIAG/Coord:   ⏸ skipping: !hasEverReachedDrivingSpeed
08-26 04:27:34.836 D PARKDIAG/Coord: ─ loc#23 lat=36.60846 lon=-6.2781554 speed=0.036354095m/s acc=3.516m sessionAge=96737ms
08-26 04:27:34.838 D PARKDIAG/Coord:   state hasEverMoved=false hasEverReachedDrivingSpeed=false userConfirmed=false vehicleExit=false stoppedSince=1787711165218 stoppedDur=89616ms phase=Idle
08-26 04:27:34.842 D PARKDIAG/Coord:   ⏸ skipping: !hasEverReachedDrivingSpeed
08-26 04:27:37.247 D PARKDIAG/Coord: ─ loc#24 lat=36.6084589 lon=-6.2781555 speed=0.036958758m/s acc=3.482m sessionAge=99150ms
08-26 04:27:37.250 D PARKDIAG/Coord:   state hasEverMoved=false hasEverReachedDrivingSpeed=false userConfirmed=false vehicleExit=false stoppedSince=1787711165218 stoppedDur=92029ms phase=Idle
08-26 04:27:37.253 D PARKDIAG/Coord:   ⏸ skipping: !hasEverReachedDrivingSpeed
08-26 04:27:42.214 D PARKDIAG/Coord: ─ loc#25 lat=36.6084589 lon=-6.2781534 speed=0.20006639m/s acc=4.104m sessionAge=104117ms
08-26 04:27:42.217 D PARKDIAG/Coord:   state hasEverMoved=false hasEverReachedDrivingSpeed=false userConfirmed=false vehicleExit=false stoppedSince=1787711165218 stoppedDur=96996ms phase=Idle
08-26 04:27:42.221 D PARKDIAG/Coord:   ⏸ skipping: !hasEverReachedDrivingSpeed
08-26 04:27:47.252 D PARKDIAG/Coord: ─ loc#26 lat=36.6084549 lon=-6.2781576 speed=0.04493356m/s acc=4.558m sessionAge=109154ms
08-26 04:27:47.262 D PARKDIAG/Coord:   state hasEverMoved=false hasEverReachedDrivingSpeed=false userConfirmed=false vehicleExit=false stoppedSince=1787711165218 stoppedDur=102033ms phase=Idle
08-26 04:27:47.265 D PARKDIAG/Coord:   ⏸ skipping: !hasEverReachedDrivingSpeed
08-26 04:27:51.816 D PARKDIAG/Coord: ─ loc#27 lat=36.6084488 lon=-6.2781631 speed=0.060042046m/s acc=4.541m sessionAge=113718ms
08-26 04:27:51.821 D PARKDIAG/Coord:   state hasEverMoved=false hasEverReachedDrivingSpeed=false userConfirmed=false vehicleExit=false stoppedSince=1787711165218 stoppedDur=106597ms phase=Idle
08-26 04:27:51.824 D PARKDIAG/Coord:   ⏸ skipping: !hasEverReachedDrivingSpeed
08-26 04:27:57.224 D PARKDIAG/Coord: ─ loc#28 lat=36.6084421 lon=-6.2781683 speed=0.05675965m/s acc=4.668m sessionAge=119126ms
08-26 04:27:57.224 D PARKDIAG/Coord:   state hasEverMoved=false hasEverReachedDrivingSpeed=false userConfirmed=false vehicleExit=false stoppedSince=1787711165218 stoppedDur=112005ms phase=Idle
08-26 04:27:57.225 D PARKDIAG/Coord:   ⏸ skipping: !hasEverReachedDrivingSpeed
08-26 04:28:00.474 D PARKDIAG/Coord: ─ loc#29 lat=36.6084353 lon=-6.278175 speed=0.04498871m/s acc=4.782m sessionAge=122376ms
08-26 04:28:00.480 D PARKDIAG/Coord:   state hasEverMoved=false hasEverReachedDrivingSpeed=false userConfirmed=false vehicleExit=false stoppedSince=1787711165218 stoppedDur=115255ms phase=Idle
08-26 04:28:00.484 D PARKDIAG/Coord:   ⏸ skipping: !hasEverReachedDrivingSpeed
08-26 04:28:02.238 D PARKDIAG/Coord: ─ loc#30 lat=36.6084362 lon=-6.2781753 speed=0.043278452m/s acc=4.683m sessionAge=124140ms
08-26 04:28:02.240 D PARKDIAG/Coord:   state hasEverMoved=false hasEverReachedDrivingSpeed=false userConfirmed=false vehicleExit=false stoppedSince=1787711165218 stoppedDur=117019ms phase=Idle
08-26 04:28:02.242 D PARKDIAG/Coord:   ⏸ skipping: !hasEverReachedDrivingSpeed
08-26 04:28:06.354 D PARKDIAG/Coord: ─ loc#31 lat=36.6084307 lon=-6.2781794 speed=0.06545428m/s acc=4.475m sessionAge=128256ms
08-26 04:28:06.359 D PARKDIAG/Coord:   state hasEverMoved=false hasEverReachedDrivingSpeed=false userConfirmed=false vehicleExit=false stoppedSince=1787711165218 stoppedDur=121135ms phase=Idle
08-26 04:28:06.361 D PARKDIAG/Coord:   ⏸ skipping: !hasEverReachedDrivingSpeed
08-26 04:28:08.668 D PARKDIAG/Coord: ─ loc#32 lat=36.608427 lon=-6.2781827 speed=0.043520052m/s acc=4.371m sessionAge=130571ms
08-26 04:28:08.671 D PARKDIAG/Coord:   state hasEverMoved=false hasEverReachedDrivingSpeed=false userConfirmed=false vehicleExit=false stoppedSince=1787711165218 stoppedDur=123450ms phase=Idle
08-26 04:28:08.674 D PARKDIAG/Coord:   ⏸ skipping: !hasEverReachedDrivingSpeed
08-26 04:28:12.222 D PARKDIAG/Coord: ─ loc#33 lat=36.6084274 lon=-6.2781818 speed=0.04458189m/s acc=4.246m sessionAge=134124ms
08-26 04:28:12.226 D PARKDIAG/Coord:   state hasEverMoved=false hasEverReachedDrivingSpeed=false userConfirmed=false vehicleExit=false stoppedSince=1787711165218 stoppedDur=127003ms phase=Idle
08-26 04:28:12.227 D PARKDIAG/Coord:   ⏸ skipping: !hasEverReachedDrivingSpeed
08-26 04:28:17.230 D PARKDIAG/Coord: ─ loc#34 lat=36.608425 lon=-6.2781845 speed=0.069613524m/s acc=4.198m sessionAge=139132ms
08-26 04:28:17.237 D PARKDIAG/Coord:   state hasEverMoved=false hasEverReachedDrivingSpeed=false userConfirmed=false vehicleExit=false stoppedSince=1787711165218 stoppedDur=132011ms phase=Idle
08-26 04:28:17.239 D PARKDIAG/Coord:   ⏸ skipping: !hasEverReachedDrivingSpeed
08-26 04:28:22.213 D PARKDIAG/Coord: ─ loc#35 lat=36.6084231 lon=-6.2781863 speed=0.16661292m/s acc=3.974m sessionAge=144115ms
08-26 04:28:22.219 D PARKDIAG/Coord:   state hasEverMoved=false hasEverReachedDrivingSpeed=false userConfirmed=false vehicleExit=false stoppedSince=1787711165218 stoppedDur=136994ms phase=Idle
08-26 04:28:22.222 D PARKDIAG/Coord:   ⏸ skipping: !hasEverReachedDrivingSpeed
08-26 04:28:26.239 D PARKDIAG/Coord: ─ loc#36 lat=36.608422 lon=-6.2781876 speed=0.16876215m/s acc=4.155m sessionAge=148142ms
08-26 04:28:26.240 D PARKDIAG/Coord:   state hasEverMoved=false hasEverReachedDrivingSpeed=false userConfirmed=false vehicleExit=false stoppedSince=1787711165218 stoppedDur=141021ms phase=Idle
08-26 04:28:26.241 D PARKDIAG/Coord:   ⏸ skipping: !hasEverReachedDrivingSpeed
08-26 04:28:32.250 D PARKDIAG/Coord: ─ loc#37 lat=36.6084262 lon=-6.2781875 speed=0.044256926m/s acc=4.477m sessionAge=154153ms
08-26 04:28:32.252 D PARKDIAG/Coord:   state hasEverMoved=false hasEverReachedDrivingSpeed=false userConfirmed=false vehicleExit=false stoppedSince=1787711165218 stoppedDur=147032ms phase=Idle
08-26 04:28:32.257 D PARKDIAG/Coord:   ⏸ skipping: !hasEverReachedDrivingSpeed
08-26 04:28:34.813 D PARKDIAG/Coord: ─ loc#38 lat=36.6084269 lon=-6.2781877 speed=0.042297393m/s acc=4.26m sessionAge=156716ms
08-26 04:28:34.815 D PARKDIAG/Coord:   state hasEverMoved=false hasEverReachedDrivingSpeed=false userConfirmed=false vehicleExit=false stoppedSince=1787711165218 stoppedDur=149595ms phase=Idle
08-26 04:28:34.816 D PARKDIAG/Coord:   ⏸ skipping: !hasEverReachedDrivingSpeed
08-26 04:28:37.240 D PARKDIAG/Coord: ─ loc#39 lat=36.6084284 lon=-6.2781874 speed=0.04204502m/s acc=4.221m sessionAge=159142ms
08-26 04:28:37.243 D PARKDIAG/Coord:   state hasEverMoved=false hasEverReachedDrivingSpeed=false userConfirmed=false vehicleExit=false stoppedSince=1787711165218 stoppedDur=152021ms phase=Idle
08-26 04:28:37.246 D PARKDIAG/Coord:   ⏸ skipping: !hasEverReachedDrivingSpeed
08-26 04:28:42.224 D PARKDIAG/Coord: ─ loc#40 lat=36.6084284 lon=-6.2781933 speed=0.6050402m/s acc=6.189m sessionAge=164127ms
08-26 04:28:42.228 D PARKDIAG/Coord:   state hasEverMoved=false hasEverReachedDrivingSpeed=false userConfirmed=false vehicleExit=false stoppedSince=1787711165218 stoppedDur=157006ms phase=Idle
08-26 04:28:42.230 D PARKDIAG/Coord:   ⏸ skipping: !hasEverReachedDrivingSpeed
08-26 04:28:47.213 D PARKDIAG/Coord: ─ loc#41 lat=36.6084368 lon=-6.2781959 speed=0.044410087m/s acc=7.466m sessionAge=169115ms
08-26 04:28:47.214 D PARKDIAG/Coord:   state hasEverMoved=false hasEverReachedDrivingSpeed=false userConfirmed=false vehicleExit=false stoppedSince=1787711165218 stoppedDur=161994ms phase=Idle
08-26 04:28:47.216 D PARKDIAG/Coord:   ⏸ skipping: !hasEverReachedDrivingSpeed
08-26 04:28:51.995 D PARKDIAG/Coord: ─ loc#42 lat=36.6084387 lon=-6.278205 speed=0.41433713m/s acc=7.656m sessionAge=173897ms
08-26 04:28:51.997 D PARKDIAG/Coord:   state hasEverMoved=false hasEverReachedDrivingSpeed=false userConfirmed=false vehicleExit=false stoppedSince=1787711165218 stoppedDur=166776ms phase=Idle
08-26 04:28:52.002 D PARKDIAG/Coord:   ⏸ skipping: !hasEverReachedDrivingSpeed
08-26 04:28:54.151 D PARKDIAG/Coord: ─ loc#43 lat=36.6084458 lon=-6.2781957 speed=0.04938694m/s acc=7.136m sessionAge=176054ms
08-26 04:28:54.160 D PARKDIAG/Coord:   state hasEverMoved=false hasEverReachedDrivingSpeed=false userConfirmed=false vehicleExit=false stoppedSince=1787711165218 stoppedDur=168933ms phase=Idle
08-26 04:28:54.162 D PARKDIAG/Coord:   ⏸ skipping: !hasEverReachedDrivingSpeed
08-26 04:28:57.216 D PARKDIAG/Coord: ─ loc#44 lat=36.6084458 lon=-6.2781958 speed=0.051233146m/s acc=6.638m sessionAge=179119ms
08-26 04:28:57.219 D PARKDIAG/Coord:   state hasEverMoved=false hasEverReachedDrivingSpeed=false userConfirmed=false vehicleExit=false stoppedSince=1787711165218 stoppedDur=171998ms phase=Idle
08-26 04:28:57.221 D PARKDIAG/Coord:   ⏸ skipping: !hasEverReachedDrivingSpeed
08-26 04:29:00.462 D PARKDIAG/Coord: ─ loc#45 lat=36.6084436 lon=-6.2782005 speed=0.059157193m/s acc=6.308m sessionAge=182364ms
08-26 04:29:00.466 D PARKDIAG/Coord:   state hasEverMoved=false hasEverReachedDrivingSpeed=false userConfirmed=false vehicleExit=false stoppedSince=1787711165218 stoppedDur=175243ms phase=Idle
08-26 04:29:00.469 D PARKDIAG/Coord:   ⏸ skipping: !hasEverReachedDrivingSpeed
08-26 04:29:02.241 D PARKDIAG/Coord: ─ loc#46 lat=36.6084457 lon=-6.2781951 speed=0.059305135m/s acc=6.072m sessionAge=184144ms
08-26 04:29:02.244 D PARKDIAG/Coord:   state hasEverMoved=false hasEverReachedDrivingSpeed=false userConfirmed=false vehicleExit=false stoppedSince=1787711165218 stoppedDur=177023ms phase=Idle
08-26 04:29:02.247 D PARKDIAG/Coord:   ⏸ skipping: !hasEverReachedDrivingSpeed
08-26 04:29:07.209 D PARKDIAG/Coord: ─ loc#47 lat=36.6084449 lon=-6.2782 speed=0.07163377m/s acc=5.589m sessionAge=189112ms
08-26 04:29:07.212 D PARKDIAG/Coord:   state hasEverMoved=false hasEverReachedDrivingSpeed=false userConfirmed=false vehicleExit=false stoppedSince=1787711165218 stoppedDur=181991ms phase=Idle
08-26 04:29:07.218 D PARKDIAG/Coord:   ⏸ skipping: !hasEverReachedDrivingSpeed
08-26 04:29:12.248 D PARKDIAG/Coord: ─ loc#48 lat=36.6084454 lon=-6.2782006 speed=0.042175982m/s acc=5.199m sessionAge=194150ms
08-26 04:29:12.251 D PARKDIAG/Coord:   state hasEverMoved=false hasEverReachedDrivingSpeed=false userConfirmed=false vehicleExit=false stoppedSince=1787711165218 stoppedDur=187029ms phase=Idle
08-26 04:29:12.255 D PARKDIAG/Coord:   ⏸ skipping: !hasEverReachedDrivingSpeed
08-26 04:29:17.219 D PARKDIAG/Coord: ─ loc#49 lat=36.6084441 lon=-6.2782032 speed=0.055964954m/s acc=4.827m sessionAge=199121ms
08-26 04:29:17.223 D PARKDIAG/Coord:   state hasEverMoved=false hasEverReachedDrivingSpeed=false userConfirmed=false vehicleExit=false stoppedSince=1787711165218 stoppedDur=192000ms phase=Idle
08-26 04:29:17.226 D PARKDIAG/Coord:   ⏸ skipping: !hasEverReachedDrivingSpeed
08-26 04:29:22.235 D PARKDIAG/Coord: ─ loc#50 lat=36.6084472 lon=-6.2781992 speed=0.0633191m/s acc=4.655m sessionAge=204137ms
08-26 04:29:22.238 D PARKDIAG/Coord:   state hasEverMoved=false hasEverReachedDrivingSpeed=false userConfirmed=false vehicleExit=false stoppedSince=1787711165218 stoppedDur=197016ms phase=Idle
08-26 04:29:22.248 D PARKDIAG/Coord:   ⏸ skipping: !hasEverReachedDrivingSpeed
08-26 04:29:25.863 D PARKDIAG/Coord: ─ loc#51 lat=36.608449 lon=-6.278197 speed=0.07357642m/s acc=4.5m sessionAge=207766ms
08-26 04:29:25.865 D PARKDIAG/Coord:   state hasEverMoved=false hasEverReachedDrivingSpeed=false userConfirmed=false vehicleExit=false stoppedSince=1787711165218 stoppedDur=200645ms phase=Idle
08-26 04:29:25.868 D PARKDIAG/Coord:   ⏸ skipping: !hasEverReachedDrivingSpeed
08-26 04:29:32.209 D PARKDIAG/Coord: ─ loc#52 lat=36.6084525 lon=-6.2781906 speed=0.042442396m/s acc=4.191m sessionAge=214111ms
08-26 04:29:32.211 D PARKDIAG/Coord:   state hasEverMoved=false hasEverReachedDrivingSpeed=false userConfirmed=false vehicleExit=false stoppedSince=1787711165218 stoppedDur=206990ms phase=Idle
08-26 04:29:32.215 D PARKDIAG/Coord:   ⏸ skipping: !hasEverReachedDrivingSpeed
08-26 04:29:34.263 D PARKDIAG/Coord: ─ loc#53 lat=36.608453 lon=-6.2781899 speed=0.040579833m/s acc=4.091m sessionAge=216165ms
08-26 04:29:34.265 D PARKDIAG/Coord:   state hasEverMoved=false hasEverReachedDrivingSpeed=false userConfirmed=false vehicleExit=false stoppedSince=1787711165218 stoppedDur=209044ms phase=Idle
08-26 04:29:34.266 D PARKDIAG/Coord:   ⏸ skipping: !hasEverReachedDrivingSpeed
08-26 04:29:37.219 D PARKDIAG/Coord: ─ loc#54 lat=36.6084541 lon=-6.278187 speed=0.04207453m/s acc=4.121m sessionAge=219119ms
08-26 04:29:37.224 D PARKDIAG/Coord:   state hasEverMoved=false hasEverReachedDrivingSpeed=false userConfirmed=false vehicleExit=false stoppedSince=1787711165218 stoppedDur=211998ms phase=Idle
08-26 04:29:37.228 D PARKDIAG/Coord:   ⏸ skipping: !hasEverReachedDrivingSpeed
08-26 04:29:42.241 D PARKDIAG/Coord: ─ loc#55 lat=36.6084533 lon=-6.2781844 speed=0.044297613m/s acc=3.958m sessionAge=224144ms
08-26 04:29:42.246 D PARKDIAG/Coord:   state hasEverMoved=false hasEverReachedDrivingSpeed=false userConfirmed=false vehicleExit=false stoppedSince=1787711165218 stoppedDur=217023ms phase=Idle
08-26 04:29:42.250 D PARKDIAG/Coord:   ⏸ skipping: !hasEverReachedDrivingSpeed
08-26 04:29:47.195 D PARKDIAG/Coord: ─ loc#56 lat=36.6084532 lon=-6.2781845 speed=0.07015884m/s acc=4.021m sessionAge=229098ms
08-26 04:29:47.197 D PARKDIAG/Coord:   state hasEverMoved=false hasEverReachedDrivingSpeed=false userConfirmed=false vehicleExit=false stoppedSince=1787711165218 stoppedDur=221977ms phase=Idle
08-26 04:29:47.198 D PARKDIAG/Coord:   ⏸ skipping: !hasEverReachedDrivingSpeed
08-26 04:29:51.131 D PARKDIAG/Coord: ─ loc#57 lat=36.6084525 lon=-6.278185 speed=0.040791523m/s acc=3.947m sessionAge=233033ms
08-26 04:29:51.138 D PARKDIAG/Coord:   state hasEverMoved=false hasEverReachedDrivingSpeed=false userConfirmed=false vehicleExit=false stoppedSince=1787711165218 stoppedDur=225912ms phase=Idle
08-26 04:29:51.141 D PARKDIAG/Coord:   ⏸ skipping: !hasEverReachedDrivingSpeed
08-26 04:29:57.236 D PARKDIAG/Coord: ─ loc#58 lat=36.608452 lon=-6.2781859 speed=0.050680332m/s acc=3.85m sessionAge=239138ms
08-26 04:29:57.237 D PARKDIAG/Coord:   state hasEverMoved=false hasEverReachedDrivingSpeed=false userConfirmed=false vehicleExit=false stoppedSince=1787711165218 stoppedDur=232017ms phase=Idle
08-26 04:29:57.239 D PARKDIAG/Coord:   ⏸ skipping: !hasEverReachedDrivingSpeed
08-26 04:29:59.550 D PARKDIAG/Coord: ─ loc#59 lat=36.608452 lon=-6.2781874 speed=0.054736104m/s acc=3.774m sessionAge=241453ms
08-26 04:29:59.555 D PARKDIAG/Coord:   state hasEverMoved=false hasEverReachedDrivingSpeed=false userConfirmed=false vehicleExit=false stoppedSince=1787711165218 stoppedDur=234332ms phase=Idle
08-26 04:29:59.564 D PARKDIAG/Coord:   ⚑ no-movement guard hit after 241453ms (budget=240000ms staleExitDelivery=false recentCreep=2m jamExtended=false) → completed=true
08-26 04:30:02.255 D PARKDIAG/Coord:   takeWhile=false — flow will end
08-26 04:30:02.510 W PARKDIAG/RetractDeducedDeparture: retract failed for spot=a786c135 — the short TTL still bounds it
  com.google.firebase.firestore.FirebaseFirestoreException: PERMISSION_DENIED: Missing or insufficient permissions.
	at com.google.firebase.firestore.util.Util.exceptionFromStatus(Util.java:152)
	at com.google.firebase.firestore.core.SyncEngine.notifyUser(SyncEngine.java:629)
	at com.google.firebase.firestore.core.SyncEngine.handleRejectedWrite(SyncEngine.java:511)
	at com.google.firebase.firestore.core.MemoryComponentProvider$RemoteStoreCallback.handleRejectedWrite(MemoryComponentProvider.java:135)
	at com.google.firebase.firestore.remote.RemoteStore.handleWriteError(RemoteStore.java:750)
	at com.google.firebase.firestore.remote.RemoteStore.handleWriteStreamClose(RemoteStore.java:706)
	at com.google.firebase.firestore.remote.RemoteStore.access$600(RemoteStore.java:62)
	at com.google.firebase.firestore.remote.RemoteStore$2.onClose(RemoteStore.java:220)
	at com.google.firebase.firestore.remote.AbstractStream.close(AbstractStream.java:379)
	at com.google.firebase.firestore.remote.AbstractStream.handleServerClose(AbstractStream.java:433)
	at com.google.firebase.firestore.remote.AbstractStream$StreamObserver.lambda$onClose$3$com-google-firebase-firestore-remote-AbstractStream$StreamObserver(AbstractStream.java:160)
	at com.google.firebase.firestore.remote.AbstractStream$StreamObserver$$ExternalSyntheticLambda3.run(D8$$SyntheticClass:0)
	at com.google.firebase.firestore.remote.AbstractStream$CloseGuardedRunner.run(AbstractStream.java:67)
	at com.google.firebase.firestore.remote.AbstractStream$StreamObserver.onClose(AbstractStream.java:146)
	at com.google.firebase.firestore.remote.FirestoreChannel$1.onClose(FirestoreChannel.java:173)
	at io.grpc.internal.ClientCallImpl.closeObserver(ClientCallImpl.java:574)
	at io.grpc.internal.ClientCallImpl.access$300(ClientCallImpl.java:72)
	at io.grpc.internal.ClientCallImpl$ClientStreamListenerImpl$1StreamClosed.runInternal(ClientCallImpl.java:742)
	at io.grpc.internal.ClientCallImpl$ClientStreamListenerImpl$1StreamClosed.runInContext(ClientCallImpl.java:723)
	at io.grpc.internal.ContextRunnable.run(ContextRunnable.java:37)
	at io.grpc.internal.SerializingExecutor.run(SerializingExecutor.java:133)
	at java.util.concurrent.Executors$RunnableAdapter.call(Executors.java:520)
	at java.util.concurrent.FutureTask.run(FutureTask.java:328)
	at java.util.concurrent.ScheduledThreadPoolExecutor$ScheduledFutureTask.run(ScheduledThreadPoolExecutor.java:323)
	at java.util.concurrent.ThreadPoolExecutor.runWorker(ThreadPoolExecutor.java:1100)
	at java.util.concurrent.ThreadPoolExecutor$Worker.run(ThreadPoolExecutor.java:624)
	at com.google.firebase.firestore.util.AsyncQueue$SynchronizedShutdownAwareExecutor$DelayedStartFactory.run(AsyncQueue.java:235)
	at java.lang.Thread.run(Thread.java:1572)
Caused by: io.grpc.StatusException: PERMISSION_DENIED: Missing or insufficient permissions.
	at io.grpc.Status.asException(Status.java:541)
	at com.google.firebase.firestore.util.Util.exceptionFromStatus(Util.java:150)
	... 27 more

08-26 04:30:02.516 D PARKDIAG/Coord: ■ coordinator.invoke() EXITED — locationCount=0 completed=true
08-26 04:30:02.517 D PARKDIAG/Service:     ✓ coordinator returned NORMALLY
08-26 04:30:02.548 D PARKDIAG/StepCounter: cumulative steps read → 2408
08-26 04:30:02.561 D PARKDIAG/Service:   ⑊ honest close: aborted_no_movement stayed silent (too_close; pinDist=21m steps=null/null sessionSteps=4)
08-26 04:30:02.573 D PARKDIAG/StepCounter: cumulative steps read → 2408
08-26 04:30:02.578 D PARKDIAG/Service:     ■ job complete → DetectionEnded(startId=3) → intake
08-26 04:30:02.600 D PARKDIAG/Service:   ⏾ enterSentry(detection-ended) — resident, GPS off, re-arming departure wake [DET-RESIDENT-FGS-001]
08-26 04:30:02.615 D PARKDIAG/SigMotion: sync → armed=true
08-26 04:30:02.759 D PARKDIAG/OneFix: fix lat=36.6084527 lon=-6.278187 speed=0.055846177m/s acc=3.787m age=0s
08-26 04:30:02.794 D PARKDIAG/StepCounter: cumulative steps read → 2408
08-26 04:30:02.808 D PARKDIAG/SafetyNet: [detection-end] geof=724147ef: sigues junto al coche (d=21m, radio 103m) → resello la referencia de pasos; la valla se re-registró hace 45min, no toca aún · geof=a786c135: sigues junto al coche (d=10m, radio 85m) → resello la referencia de pasos; la valla se re-registró hace 66min, no toca aún
08-26 04:33:27.080 D PARKDIAG/OneFix: fix lat=36.6084317 lon=-6.27809 speed=0.0m/s acc=9.0m age=19s
08-26 04:33:27.130 D PARKDIAG/StepCounter: cumulative steps read → 2408
08-26 04:33:27.151 D PARKDIAG/SafetyNet: [periodic] geof=724147ef: sigues junto al coche (d=24m, radio 103m) → resello la referencia de pasos; la valla se re-registró hace 49min, no toca aún · geof=a786c135: sigues junto al coche (d=8m, radio 85m) → resello la referencia de pasos; la valla se re-registró hace 70min, no toca aún
08-26 04:38:27.123 D PARKDIAG/ExactNet: ⏰ exact heartbeat fired (doze stretch: 71 ms)
08-26 04:38:27.232 D PARKDIAG/OneFix: fix lat=36.6084483 lon=-6.27807 speed=0.0m/s acc=100.0m age=19s
08-26 04:38:27.248 D PARKDIAG/StepCounter: cumulative steps read → 2408
08-26 04:38:27.256 D PARKDIAG/SafetyNet: [exact-alarm] geof=724147ef: sigues junto al coche (d=23m, radio 103m) → resello la referencia de pasos; la valla se re-registró hace 54min, no toca aún · geof=a786c135: sigues junto al coche (d=10m, radio 85m) → resello la referencia de pasos; la valla se re-registró hace 75min, no toca aún
08-26 04:44:11.122 D PARKDIAG/ExactNet: ⏰ exact heartbeat fired (doze stretch: 43915 ms)
08-26 04:44:11.266 D PARKDIAG/OneFix: fix lat=36.6084483 lon=-6.27807 speed=0.0m/s acc=100.0m age=0s
08-26 04:44:11.284 D PARKDIAG/StepCounter: cumulative steps read → 2408
08-26 04:44:11.292 D PARKDIAG/SafetyNet: [exact-alarm] geof=724147ef: sigues junto al coche (d=23m, radio 103m) → resello la referencia de pasos; la valla se re-registró hace 59min, no toca aún · geof=a786c135: sigues junto al coche (d=10m, radio 85m) → resello la referencia de pasos; la valla se re-registró hace 80min, no toca aún
08-26 04:48:27.268 D PARKDIAG/OneFix: fix lat=36.6084483 lon=-6.27807 speed=0.0m/s acc=100.0m age=0s
08-26 04:48:27.303 D PARKDIAG/StepCounter: cumulative steps read → 2408
08-26 04:48:27.315 D PARKDIAG/SafetyNet: [periodic] geof=724147ef: sigues junto al coche (d=23m, radio 103m) → resello la referencia de pasos; la valla se re-registró hace 64min, no toca aún · geof=a786c135: sigues junto al coche (d=10m, radio 85m) → resello la referencia de pasos; la valla se re-registró hace 85min, no toca aún
08-26 04:56:08.177 D PARKDIAG/ExactNet: ⏰ exact heartbeat fired (doze stretch: 160967 ms)
08-26 04:56:08.307 D PARKDIAG/OneFix: fix lat=36.6084483 lon=-6.27807 speed=0.0m/s acc=100.0m age=0s
08-26 04:56:08.331 D PARKDIAG/StepCounter: cumulative steps read → 2408
08-26 04:56:08.345 D PARKDIAG/SafetyNet: [exact-alarm] geof=724147ef: sigues junto al coche (d=23m, radio 103m) → resello la referencia de pasos; la valla se re-registró hace 71min, no toca aún · geof=a786c135: sigues junto al coche (d=10m, radio 85m) → resello la referencia de pasos; la valla se re-registró hace 92min, no toca aún
08-26 05:01:08.349 D PARKDIAG/ExactNet: ⏰ exact heartbeat fired (doze stretch: 86 ms)
08-26 05:01:08.466 D PARKDIAG/OneFix: fix lat=36.6084483 lon=-6.27807 speed=0.0m/s acc=100.0m age=0s
08-26 05:01:08.494 D PARKDIAG/StepCounter: cumulative steps read → 2408
08-26 05:01:08.503 D PARKDIAG/SafetyNet: [exact-alarm] geof=724147ef: sigues junto al coche (d=23m, radio 103m) → resello la referencia de pasos; la valla se re-registró hace 76min, no toca aún · geof=a786c135: sigues junto al coche (d=10m, radio 85m) → resello la referencia de pasos; la valla se re-registró hace 97min, no toca aún
08-26 05:03:27.448 D PARKDIAG/OneFix: fix lat=36.6084483 lon=-6.27807 speed=0.0m/s acc=100.0m age=0s
08-26 05:03:27.481 D PARKDIAG/StepCounter: cumulative steps read → 2408
08-26 05:03:27.487 D PARKDIAG/SafetyNet: [periodic] geof=724147ef: sigues junto al coche (d=23m, radio 103m) → resello la referencia de pasos; la valla se re-registró hace 79min, no toca aún · geof=a786c135: sigues junto al coche (d=10m, radio 85m) → resello la referencia de pasos; la valla se re-registró hace 100min, no toca aún
08-26 05:08:55.990 D PARKDIAG/ExactNet: ⏰ exact heartbeat fired (doze stretch: 28614 ms)
08-26 05:08:56.167 D PARKDIAG/OneFix: fix lat=36.6084483 lon=-6.27807 speed=0.0m/s acc=100.0m age=28s
08-26 05:08:56.197 D PARKDIAG/StepCounter: cumulative steps read → 2408
08-26 05:08:56.212 D PARKDIAG/SafetyNet: [exact-alarm] geof=724147ef: sigues junto al coche (d=23m, radio 103m) → resello la referencia de pasos; la valla se re-registró hace 84min, no toca aún · geof=a786c135: sigues junto al coche (d=10m, radio 85m) → resello la referencia de pasos; la valla se re-registró hace 105min, no toca aún
08-26 05:18:27.976 D PARKDIAG/OneFix: fix lat=36.6084578 lon=-6.2781711 speed=0.0m/s acc=100.0m age=0s
08-26 05:18:28.055 D PARKDIAG/StepCounter: cumulative steps read → 2408
08-26 05:18:28.081 D PARKDIAG/SafetyNet: [periodic] geof=724147ef: sigues junto al coche (d=20m, radio 103m) → resello la referencia de pasos; la valla se re-registró hace 94min, no toca aún · geof=a786c135: sigues junto al coche (d=10m, radio 85m) → resello la referencia de pasos; la valla se re-registró hace 115min, no toca aún
08-26 05:24:09.100 D PARKDIAG/ExactNet: ⏰ exact heartbeat fired (doze stretch: 41245 ms)
08-26 05:24:09.489 D PARKDIAG/OneFix: fix lat=36.6084578 lon=-6.2781711 speed=0.0m/s acc=100.0m age=0s
08-26 05:24:09.522 D PARKDIAG/StepCounter: cumulative steps read → 2408
08-26 05:24:09.541 D PARKDIAG/SafetyNet: [exact-alarm] geof=724147ef: sigues junto al coche (d=20m, radio 103m) → resello la referencia de pasos; la valla se re-registró hace 99min, no toca aún · geof=a786c135: sigues junto al coche (d=10m, radio 85m) → resello la referencia de pasos; la valla se re-registró hace 120min, no toca aún
08-26 05:26:15.576 D PARKDIAG/BTReceiver: ▶ BT DISCONNECTED device=00:A4:1C:65:2B:3F
08-26 05:26:15.586 D PARKDIAG/BTReceiver:   no vehicle paired with 00:A4:1C:65:2B:3F — ignoring
08-26 05:29:24.882 D PARKDIAG/ExactNet: ⏰ exact heartbeat fired (doze stretch: 15575 ms)
08-26 05:29:25.071 D PARKDIAG/OneFix: fix lat=36.6084617 lon=-6.27826 speed=0.0m/s acc=25.708m age=15s
08-26 05:29:25.148 D PARKDIAG/StepCounter: cumulative steps read → 2408
08-26 05:29:25.189 D PARKDIAG/SafetyNet: [exact-alarm] geof=724147ef: sigues junto al coche (d=22m, radio 103m) → resello la referencia de pasos; la valla se re-registró hace 105min, no toca aún · geof=a786c135: sigues junto al coche (d=15m, radio 85m) → resello la referencia de pasos; la valla se re-registró hace 125min, no toca aún
08-26 05:33:28.430 D PARKDIAG/OneFix: fix lat=36.6082633 lon=-6.278075 speed=0.0m/s acc=100.0m age=0s
08-26 05:33:28.485 D PARKDIAG/StepCounter: cumulative steps read → 2408
08-26 05:33:28.505 D PARKDIAG/SafetyNet: [periodic] geof=724147ef: sigues junto al coche (d=42m, radio 103m) → resello la referencia de pasos; la valla se re-registró hace 109min, no toca aún · geof=a786c135: sigues junto al coche (d=12m, radio 85m) → resello la referencia de pasos; la valla se re-registró hace 130min, no toca aún
08-26 05:39:24.868 D PARKDIAG/ExactNet: ⏰ exact heartbeat fired (doze stretch: 56517 ms)
08-26 05:39:25.076 D PARKDIAG/OneFix: fix lat=36.6082633 lon=-6.278075 speed=0.0m/s acc=100.0m age=0s
08-26 05:39:25.107 D PARKDIAG/StepCounter: cumulative steps read → 2408
08-26 05:39:25.121 D PARKDIAG/SafetyNet: [exact-alarm] geof=724147ef: sigues junto al coche (d=42m, radio 103m) → resello la referencia de pasos; la valla se re-registró hace 115min, no toca aún · geof=a786c135: sigues junto al coche (d=12m, radio 85m) → resello la referencia de pasos; la valla se re-registró hace 135min, no toca aún
08-26 05:48:28.753 D PARKDIAG/OneFix: fix lat=36.6082633 lon=-6.278075 speed=0.0m/s acc=100.0m age=0s
08-26 05:48:28.830 D PARKDIAG/StepCounter: cumulative steps read → 2408
08-26 05:48:28.855 D PARKDIAG/SafetyNet: [periodic] geof=724147ef: sigues junto al coche (d=42m, radio 103m) → resello la referencia de pasos; la valla se re-registró hace 124min, no toca aún · geof=a786c135: sigues junto al coche (d=12m, radio 85m) → resello la referencia de pasos; la valla se re-registró hace 145min, no toca aún
08-26 05:54:24.899 D PARKDIAG/ExactNet: ⏰ exact heartbeat fired (doze stretch: 56279 ms)
08-26 05:54:25.157 D PARKDIAG/OneFix: fix lat=36.6082633 lon=-6.278075 speed=0.0m/s acc=100.0m age=0s
08-26 05:54:25.196 D PARKDIAG/StepCounter: cumulative steps read → 2408
08-26 05:54:25.213 D PARKDIAG/SafetyNet: [exact-alarm] geof=724147ef: sigues junto al coche (d=42m, radio 103m) → resello la referencia de pasos; la valla se re-registró hace 130min, no toca aún · geof=a786c135: sigues junto al coche (d=12m, radio 85m) → resello la referencia de pasos; la valla se re-registró hace 150min, no toca aún
08-26 06:03:00.453 D PARKDIAG/ExactNet: ⏰ exact heartbeat fired (doze stretch: 215371 ms)
08-26 06:03:00.656 D PARKDIAG/OneFix: fix lat=36.6082633 lon=-6.278075 speed=0.0m/s acc=100.0m age=0s
08-26 06:03:00.701 D PARKDIAG/StepCounter: cumulative steps read → 2408
08-26 06:03:00.724 D PARKDIAG/SafetyNet: [exact-alarm] geof=724147ef: sigues junto al coche (d=42m, radio 103m) → resello la referencia de pasos; la valla se re-registró hace 138min, no toca aún · geof=a786c135: sigues junto al coche (d=12m, radio 85m) → resello la referencia de pasos; la valla se re-registró hace 159min, no toca aún
08-26 06:03:28.977 D PARKDIAG/OneFix: fix lat=36.6082633 lon=-6.278075 speed=0.0m/s acc=100.0m age=28s
08-26 06:03:29.007 D PARKDIAG/StepCounter: cumulative steps read → 2408
08-26 06:03:29.038 D PARKDIAG/SafetyNet: [periodic] geof=724147ef: sigues junto al coche (d=42m, radio 103m) → resello la referencia de pasos; la valla se re-registró hace 139min, no toca aún · geof=a786c135: sigues junto al coche (d=12m, radio 85m) → resello la referencia de pasos; la valla se re-registró hace 160min, no toca aún
08-26 06:09:24.837 D PARKDIAG/ExactNet: ⏰ exact heartbeat fired (doze stretch: 55899 ms)
08-26 06:09:25.070 D PARKDIAG/OneFix: fix lat=36.6082633 lon=-6.278075 speed=0.0m/s acc=100.0m age=0s
08-26 06:09:25.145 D PARKDIAG/StepCounter: cumulative steps read → 2408
08-26 06:09:25.177 D PARKDIAG/SafetyNet: [exact-alarm] geof=724147ef: sigues junto al coche (d=42m, radio 103m) → resello la referencia de pasos; la valla se re-registró hace 145min, no toca aún · geof=a786c135: sigues junto al coche (d=12m, radio 85m) → resello la referencia de pasos; la valla se re-registró hace 165min, no toca aún
08-26 06:18:29.555 D PARKDIAG/OneFix: fix lat=36.6082633 lon=-6.278075 speed=0.0m/s acc=100.0m age=0s
08-26 06:18:29.612 D PARKDIAG/StepCounter: cumulative steps read → 2408
08-26 06:18:29.640 D PARKDIAG/SafetyNet: [periodic] geof=724147ef: sigues junto al coche (d=42m, radio 103m) → resello la referencia de pasos; la valla se re-registró hace 154min, no toca aún · geof=a786c135: sigues junto al coche (d=12m, radio 85m) → resello la referencia de pasos; la valla se re-registró hace 175min, no toca aún
08-26 06:24:24.832 D PARKDIAG/ExactNet: ⏰ exact heartbeat fired (doze stretch: 55379 ms)
08-26 06:24:25.020 D PARKDIAG/OneFix: fix lat=36.6082633 lon=-6.278075 speed=0.0m/s acc=100.0m age=0s
08-26 06:24:25.085 D PARKDIAG/StepCounter: cumulative steps read → 2408
08-26 06:24:25.119 D PARKDIAG/SafetyNet: [exact-alarm] geof=724147ef: sigues junto al coche (d=42m, radio 103m) → resello la referencia de pasos; la valla se re-registró hace 160min, no toca aún · geof=a786c135: sigues junto al coche (d=12m, radio 85m) → resello la referencia de pasos; la valla se re-registró hace 180min, no toca aún
08-26 06:33:29.989 D PARKDIAG/OneFix: fix lat=36.6082633 lon=-6.278075 speed=0.0m/s acc=100.0m age=0s
08-26 06:33:30.056 D PARKDIAG/StepCounter: cumulative steps read → 2408
08-26 06:33:30.078 D PARKDIAG/SafetyNet: [periodic] geof=724147ef: sigues junto al coche (d=42m, radio 103m) → resello la referencia de pasos; la valla se re-registró hace 169min, no toca aún · geof=a786c135: sigues junto al coche (d=12m, radio 85m) → resello la referencia de pasos; la valla se re-registró hace 190min, no toca aún
08-26 06:39:24.822 D PARKDIAG/ExactNet: ⏰ exact heartbeat fired (doze stretch: 54932 ms)
08-26 06:39:25.083 D PARKDIAG/OneFix: fix lat=36.6082633 lon=-6.278075 speed=0.0m/s acc=100.0m age=0s
08-26 06:39:25.134 D PARKDIAG/StepCounter: cumulative steps read → 2408
08-26 06:39:25.167 D PARKDIAG/SafetyNet: [exact-alarm] geof=724147ef: sigues junto al coche (d=42m, radio 103m) → resello la referencia de pasos; la valla se re-registró hace 175min, no toca aún · geof=a786c135: sigues junto al coche (d=12m, radio 85m) → resello la referencia de pasos; la valla se re-registró hace 195min, no toca aún
08-26 06:48:30.694 D PARKDIAG/OneFix: fix lat=36.6082633 lon=-6.278075 speed=0.0m/s acc=100.0m age=0s
08-26 06:48:30.747 D PARKDIAG/StepCounter: cumulative steps read → 2408
08-26 06:48:30.769 D PARKDIAG/SafetyNet: [periodic] geof=724147ef: sigues junto al coche (d=42m, radio 103m) → resello la referencia de pasos; la valla se re-registró hace 184min, no toca aún · geof=a786c135: sigues junto al coche (d=12m, radio 85m) → resello la referencia de pasos; la valla se re-registró hace 205min, no toca aún
08-26 06:54:24.848 D PARKDIAG/ExactNet: ⏰ exact heartbeat fired (doze stretch: 54226 ms)
08-26 06:54:25.042 D PARKDIAG/OneFix: fix lat=36.6082633 lon=-6.278075 speed=0.0m/s acc=100.0m age=0s
08-26 06:54:25.078 D PARKDIAG/StepCounter: cumulative steps read → 2408
08-26 06:54:25.100 D PARKDIAG/SafetyNet: [exact-alarm] geof=724147ef: sigues junto al coche (d=42m, radio 103m) → resello la referencia de pasos; la valla se re-registró hace 190min, no toca aún · geof=a786c135: sigues junto al coche (d=12m, radio 85m) → resello la referencia de pasos; la valla se re-registró hace 210min, no toca aún
08-26 07:03:31.121 D PARKDIAG/OneFix: fix lat=36.6082633 lon=-6.278075 speed=0.0m/s acc=100.0m age=0s
08-26 07:03:31.177 D PARKDIAG/StepCounter: cumulative steps read → 2408
08-26 07:03:31.194 D PARKDIAG/SafetyNet: [periodic] geof=724147ef: sigues junto al coche (d=42m, radio 103m) → resello la referencia de pasos; la valla se re-registró hace 199min, no toca aún · geof=a786c135: sigues junto al coche (d=12m, radio 85m) → resello la referencia de pasos; la valla se re-registró hace 220min, no toca aún
08-26 07:09:24.842 D PARKDIAG/ExactNet: ⏰ exact heartbeat fired (doze stretch: 53835 ms)
08-26 07:09:25.166 D PARKDIAG/OneFix: fix lat=36.6081798 lon=-6.2784534 speed=0.0m/s acc=100.0m age=0s
08-26 07:09:25.199 D PARKDIAG/StepCounter: cumulative steps read → 2408
08-26 07:09:25.225 D PARKDIAG/SafetyNet: [exact-alarm] geof=724147ef: sigues junto al coche (d=57m, radio 103m) → resello la referencia de pasos; la valla se re-registró hace 205min, no toca aún · geof=a786c135: sigues junto al coche (d=35m, radio 85m) → resello la referencia de pasos; la valla se re-registró hace 225min, no toca aún
08-26 07:18:31.890 D PARKDIAG/OneFix: fix lat=36.6081798 lon=-6.2784534 speed=0.0m/s acc=100.0m age=0s
08-26 07:18:31.937 D PARKDIAG/StepCounter: cumulative steps read → 2408
08-26 07:18:31.958 D PARKDIAG/SafetyNet: [periodic] geof=724147ef: sigues junto al coche (d=57m, radio 103m) → resello la referencia de pasos; la valla se re-registró hace 214min, no toca aún · geof=a786c135: sigues junto al coche (d=35m, radio 85m) → resello la referencia de pasos; la valla se re-registró hace 235min, no toca aún
08-26 07:24:24.844 D PARKDIAG/ExactNet: ⏰ exact heartbeat fired (doze stretch: 53069 ms)
08-26 07:24:25.019 D PARKDIAG/OneFix: fix lat=36.6081798 lon=-6.2784534 speed=0.0m/s acc=100.0m age=0s
08-26 07:24:25.052 D PARKDIAG/StepCounter: cumulative steps read → 2408
08-26 07:24:25.080 D PARKDIAG/SafetyNet: [exact-alarm] geof=724147ef: sigues junto al coche (d=57m, radio 103m) → resello la referencia de pasos; la valla se re-registró hace 220min, no toca aún · geof=a786c135: sigues junto al coche (d=35m, radio 85m) → resello la referencia de pasos; la valla se re-registró hace 240min, no toca aún
08-26 07:33:32.291 D PARKDIAG/OneFix: fix lat=36.60843 lon=-6.27819 speed=0.0m/s acc=100.0m age=0s
08-26 07:33:32.347 D PARKDIAG/StepCounter: cumulative steps read → 2408
08-26 07:33:32.373 D PARKDIAG/SafetyNet: [periodic] geof=724147ef: sigues junto al coche (d=23m, radio 103m) → resello la referencia de pasos; la valla se re-registró hace 229min, no toca aún · geof=a786c135: sigues junto al coche (d=8m, radio 85m) → resello la referencia de pasos; la valla se re-registró hace 250min, no toca aún
08-26 07:39:24.816 D PARKDIAG/ExactNet: ⏰ exact heartbeat fired (doze stretch: 52639 ms)
08-26 07:39:25.018 D PARKDIAG/OneFix: fix lat=36.60843 lon=-6.27819 speed=0.0m/s acc=100.0m age=0s
08-26 07:39:25.078 D PARKDIAG/StepCounter: cumulative steps read → 2408
08-26 07:39:25.110 D PARKDIAG/SafetyNet: [exact-alarm] geof=724147ef: sigues junto al coche (d=23m, radio 103m) → resello la referencia de pasos; la valla se re-registró hace 235min, no toca aún · geof=a786c135: sigues junto al coche (d=8m, radio 85m) → resello la referencia de pasos; la valla se re-registró hace 255min, no toca aún
08-26 07:48:33.078 D PARKDIAG/OneFix: fix lat=36.60843 lon=-6.27819 speed=0.0m/s acc=100.0m age=0s
08-26 07:48:33.147 D PARKDIAG/StepCounter: cumulative steps read → 2408
08-26 07:48:33.172 D PARKDIAG/SafetyNet: [periodic] geof=724147ef: sigues junto al coche (d=23m, radio 103m) → resello la referencia de pasos; la valla se re-registró hace 244min, no toca aún · geof=a786c135: sigues junto al coche (d=8m, radio 85m) → resello la referencia de pasos; la valla se re-registró hace 265min, no toca aún
08-26 07:54:24.833 D PARKDIAG/ExactNet: ⏰ exact heartbeat fired (doze stretch: 51862 ms)
08-26 07:54:25.065 D PARKDIAG/OneFix: fix lat=36.60843 lon=-6.27819 speed=0.0m/s acc=100.0m age=0s
08-26 07:54:25.105 D PARKDIAG/StepCounter: cumulative steps read → 2408
08-26 07:54:25.119 D PARKDIAG/SafetyNet: [exact-alarm] geof=724147ef: sigues junto al coche (d=23m, radio 103m) → resello la referencia de pasos; la valla se re-registró hace 250min, no toca aún · geof=a786c135: sigues junto al coche (d=8m, radio 85m) → resello la referencia de pasos; la valla se re-registró hace 270min, no toca aún
08-26 08:03:34.085 D PARKDIAG/OneFix: fix lat=36.60843 lon=-6.27819 speed=0.0m/s acc=100.0m age=0s
08-26 08:03:34.151 D PARKDIAG/StepCounter: cumulative steps read → 2408
08-26 08:03:34.173 D PARKDIAG/SafetyNet: [periodic] geof=724147ef: sigues junto al coche (d=23m, radio 103m) → resello la referencia de pasos; la valla se re-registró hace 259min, no toca aún · geof=a786c135: sigues junto al coche (d=8m, radio 85m) → resello la referencia de pasos; la valla se re-registró hace 280min, no toca aún
08-26 08:09:24.831 D PARKDIAG/ExactNet: ⏰ exact heartbeat fired (doze stretch: 50852 ms)
08-26 08:09:25.019 D PARKDIAG/OneFix: fix lat=36.60843 lon=-6.27819 speed=0.0m/s acc=100.0m age=0s
08-26 08:09:25.083 D PARKDIAG/StepCounter: cumulative steps read → 2408
08-26 08:09:25.119 D PARKDIAG/SafetyNet: [exact-alarm] geof=724147ef: sigues junto al coche (d=23m, radio 103m) → resello la referencia de pasos; la valla se re-registró hace 265min, no toca aún · geof=a786c135: sigues junto al coche (d=8m, radio 85m) → resello la referencia de pasos; la valla se re-registró hace 285min, no toca aún
08-26 08:18:35.047 D PARKDIAG/OneFix: fix lat=36.60843 lon=-6.27819 speed=0.0m/s acc=100.0m age=0s
08-26 08:18:35.082 D PARKDIAG/StepCounter: cumulative steps read → 2408
08-26 08:18:35.105 D PARKDIAG/SafetyNet: [periodic] geof=724147ef: sigues junto al coche (d=23m, radio 103m) → resello la referencia de pasos; la valla se re-registró hace 274min, no toca aún · geof=a786c135: sigues junto al coche (d=8m, radio 85m) → resello la referencia de pasos; la valla se re-registró hace 295min, no toca aún
08-26 08:24:31.565 D PARKDIAG/ExactNet: ⏰ exact heartbeat fired (doze stretch: 56617 ms)
08-26 08:24:31.972 D PARKDIAG/OneFix: fix lat=36.60843 lon=-6.27819 speed=0.0m/s acc=100.0m age=0s
08-26 08:24:32.031 D PARKDIAG/StepCounter: cumulative steps read → 2408
08-26 08:24:32.089 D PARKDIAG/SafetyNet: [exact-alarm] geof=724147ef: sigues junto al coche (d=23m, radio 103m) → resello la referencia de pasos; la valla se re-registró hace 280min, no toca aún · geof=a786c135: sigues junto al coche (d=8m, radio 85m) → resello la referencia de pasos; la valla se re-registró hace 301min, no toca aún
08-26 08:29:47.221 D PARKDIAG/ExactNet: ⏰ exact heartbeat fired (doze stretch: 15389 ms)
08-26 08:29:47.434 D PARKDIAG/OneFix: fix lat=36.6080213 lon=-6.2777553 speed=0.0m/s acc=100.0m age=15s
08-26 08:29:47.473 D PARKDIAG/StepCounter: cumulative steps read → 2408
08-26 08:29:47.497 D PARKDIAG/SafetyNet: [exact-alarm] geof=724147ef: sigues junto al coche (d=77m, radio 103m) → resello la referencia de pasos; la valla se re-registró hace 285min, no toca aún · geof=a786c135: sigues junto al coche (d=51m, radio 85m) → resello la referencia de pasos; la valla se re-registró hace 306min, no toca aún
08-26 08:30:33.031 D PARKDIAG/Service: ▶ onStartCommand action=io.apptolast.paparcar.ACTION_GEOFENCE_EXIT flags=0 startId=4
08-26 08:30:33.067 D PARKDIAG/Service:   ✓ startForeground done (locationPermission=true)
08-26 08:30:33.074 D PARKDIAG/ExitWitness: ⚑ EXIT emitted geof=a786c135 loc=36.6092285,-6.2783617 acc=10.1m fixAge=197ms
08-26 08:30:33.101 D PARKDIAG/OneFix: fix lat=36.6092285 lon=-6.2783617 speed=0.0042319465m/s acc=10.1m age=0s
08-26 08:30:33.109 D PARKDIAG/Service:   → GEOFENCE_EXIT — arming Coordinator (geof=a786c135 d=97m acc=10m exitLoc=36.6092285,-6.2783617 dep=self_observed) [DET-G-01][DET-G-05]
08-26 08:30:33.122 D PARKDIAG/Service:   ▶ startParkingDetection — launching coordinator (trigger=GEOFENCE_EXIT)
08-26 08:30:33.140 D PARKDIAG/Service:     ▶ detection coroutine entered, invoking coordinator
08-26 08:30:33.147 D PARKDIAG/Coord: ▶ coordinator.invoke() entry (armEvidence=self_observed) — calling reset()
08-26 08:30:33.148 D PARKDIAG/Coord:   → session-start dismiss PARKING_CONFIRMATION (savedConfirmAge=nullms, limit=900000ms)
08-26 08:30:33.158 D PARKDIAG/OneFix: fix lat=36.6092285 lon=-6.2783617 speed=0.0042319465m/s acc=10.1m age=0s
08-26 08:30:33.159 D PARKDIAG/Coord: ─ loc#1 lat=36.6092285 lon=-6.2783617 speed=0.0042319465m/s acc=10.1m sessionAge=12ms
08-26 08:30:33.160 D PARKDIAG/Coord:   state hasEverMoved=false hasEverReachedDrivingSpeed=false userConfirmed=false vehicleExit=false stoppedSince=1787725833159 stoppedDur=0ms phase=Idle
08-26 08:30:33.161 D PARKDIAG/Coord:   ⏸ skipping: !hasEverReachedDrivingSpeed
08-26 08:30:33.164 D PARKDIAG/Depart: attempt=0 geof=a786c135 speed=0.015235007km/h acc=10.1m → Inconclusive
08-26 08:30:34.535 D PARKDIAG/Coord:   ✦ step #1 (pre-drive, false-ENTER candidate)
08-26 08:30:42.391 D PARKDIAG/Coord: ─ loc#2 lat=36.609229 lon=-6.2783641 speed=0.0044850656m/s acc=13.481m sessionAge=9243ms
08-26 08:30:42.395 D PARKDIAG/Coord:   state hasEverMoved=false hasEverReachedDrivingSpeed=false userConfirmed=false vehicleExit=false stoppedSince=1787725833159 stoppedDur=9231ms phase=Idle
08-26 08:30:42.398 D PARKDIAG/Coord:   ⏸ skipping: !hasEverReachedDrivingSpeed
08-26 08:30:44.296 D PARKDIAG/Coord: ─ loc#3 lat=36.6084892 lon=-6.2781953 speed=20.536963m/s acc=20.339m sessionAge=11148ms
08-26 08:30:44.300 D PARKDIAG/Coord:   ✓ hasEverReachedDrivingSpeed → true (speed=20.536963≥5.0) dist=83.53739429087051m [BUG-SHORT-TRIP]
08-26 08:30:44.302 D PARKDIAG/Coord:   state hasEverMoved=false hasEverReachedDrivingSpeed=true userConfirmed=false vehicleExit=false stoppedSince=null stoppedDur=0ms phase=Idle
08-26 08:30:44.319 D PARKDIAG/Coord:   ✓ vehicleId locked: addbe660-ad30-4857-ab1f-58433d76992d type=CAR (nominator=abf6c516-a739-4708-b216-870285f3cbc6 vetoed: bt-owned)
08-26 08:30:44.323 D PARKDIAG/Coord:   ⚖ scoring=NotYet (signals: speed=20.536963 stopped=0ms accuracy=20.339 exit=false)
08-26 08:30:46.585 D PARKDIAG/Coord: ─ loc#4 lat=36.6085934 lon=-6.2782107 speed=2.4961865m/s acc=28.694m sessionAge=13438ms
08-26 08:30:46.598 D PARKDIAG/Coord:   state hasEverMoved=false hasEverReachedDrivingSpeed=true userConfirmed=false vehicleExit=false stoppedSince=null stoppedDur=0ms phase=Idle
08-26 08:30:46.604 D PARKDIAG/Coord:   ⚖ scoring=NotYet (signals: speed=2.4961865 stopped=0ms accuracy=28.694 exit=false)
08-26 08:30:48.241 D PARKDIAG/OneFix: fix lat=36.6086264 lon=-6.2782231 speed=0.11886705m/s acc=27.258m age=0s
08-26 08:30:48.272 D PARKDIAG/Depart: attempt=1 geof=a786c135 speed=0.42792135km/h acc=27.258m → Inconclusive
08-26 08:30:49.365 D PARKDIAG/Coord: ─ loc#5 lat=36.6086371 lon=-6.2782443 speed=0.12938285m/s acc=26.26m sessionAge=16218ms
08-26 08:30:49.366 D PARKDIAG/Coord:   state hasEverMoved=false hasEverReachedDrivingSpeed=true userConfirmed=false vehicleExit=false stoppedSince=1787725849365 stoppedDur=0ms phase=Idle
08-26 08:30:49.369 D PARKDIAG/Coord:   ⚖ scoring=NotYet (signals: speed=0.12938285 stopped=0ms accuracy=26.26 exit=false)
08-26 08:30:51.299 D PARKDIAG/Coord: ─ loc#6 lat=36.6086129 lon=-6.27824 speed=0.131601m/s acc=26.368m sessionAge=18152ms
08-26 08:30:51.301 D PARKDIAG/Coord:   state hasEverMoved=false hasEverReachedDrivingSpeed=true userConfirmed=false vehicleExit=false stoppedSince=1787725849365 stoppedDur=1934ms phase=Idle
08-26 08:30:51.302 D PARKDIAG/Coord:   ⚖ scoring=NotYet (signals: speed=0.131601 stopped=1934ms accuracy=26.368 exit=false)
08-26 08:30:55.245 D PARKDIAG/Coord: ─ loc#7 lat=36.6084865 lon=-6.2781696 speed=0.102915615m/s acc=11.454m sessionAge=22098ms
08-26 08:30:55.251 D PARKDIAG/Coord:   state hasEverMoved=false hasEverReachedDrivingSpeed=true userConfirmed=false vehicleExit=false stoppedSince=1787725849365 stoppedDur=5880ms phase=Idle
08-26 08:30:55.255 D PARKDIAG/Coord:   ⚖ scoring=NotYet (signals: speed=0.102915615 stopped=5880ms accuracy=11.454 exit=false)
08-26 08:31:00.264 D PARKDIAG/Coord: ─ loc#8 lat=36.6084211 lon=-6.2782029 speed=0.06422584m/s acc=11.477m sessionAge=27116ms
08-26 08:31:00.266 D PARKDIAG/Coord:   ⚓ anchor FROZEN — drive-entered stop matured (stableFixes=3, walkFixes=1); only real driving (≥5.0 m/s) can move it [DET-ANCHOR-FREEZE-001][DET-SHORT-TRIP-FREEZE-001]
08-26 08:31:00.267 D PARKDIAG/Coord:   state hasEverMoved=false hasEverReachedDrivingSpeed=true userConfirmed=false vehicleExit=false stoppedSince=1787725849365 stoppedDur=10898ms phase=Idle
08-26 08:31:00.269 D PARKDIAG/Coord:   ⚖ scoring=NotYet (signals: speed=0.06422584 stopped=10898ms accuracy=11.477 exit=false)
08-26 08:31:03.246 D PARKDIAG/Coord: ─ loc#9 lat=36.6084169 lon=-6.2782022 speed=0.073318005m/s acc=10.659m sessionAge=30098ms
08-26 08:31:03.250 D PARKDIAG/Coord:   state hasEverMoved=false hasEverReachedDrivingSpeed=true userConfirmed=false vehicleExit=false stoppedSince=1787725849365 stoppedDur=13880ms phase=Idle
08-26 08:31:03.254 D PARKDIAG/Coord:   ⚖ scoring=NotYet (signals: speed=0.073318005 stopped=13880ms accuracy=10.659 exit=false)
08-26 08:31:08.246 D PARKDIAG/Coord: ─ loc#10 lat=36.6084076 lon=-6.2782097 speed=0.05745419m/s acc=9.465m sessionAge=35098ms
08-26 08:31:08.253 D PARKDIAG/Coord:   state hasEverMoved=false hasEverReachedDrivingSpeed=true userConfirmed=false vehicleExit=false stoppedSince=1787725849365 stoppedDur=18880ms phase=Idle
08-26 08:31:08.265 D PARKDIAG/Coord:   ⚖ scoring=NotYet (signals: speed=0.05745419 stopped=18880ms accuracy=9.465 exit=false)
08-26 08:31:10.222 D PARKDIAG/Coord: ─ loc#11 lat=36.6083985 lon=-6.2782182 speed=0.051899023m/s acc=9.308m sessionAge=37074ms
08-26 08:31:10.231 D PARKDIAG/Coord:   state hasEverMoved=false hasEverReachedDrivingSpeed=true userConfirmed=false vehicleExit=false stoppedSince=1787725849365 stoppedDur=20856ms phase=Idle
08-26 08:31:10.235 D PARKDIAG/Coord:   ⚖ scoring=NotYet (signals: speed=0.051899023 stopped=20856ms accuracy=9.308 exit=false)
08-26 08:31:13.269 D PARKDIAG/Coord: ─ loc#12 lat=36.6084051 lon=-6.27821 speed=0.050830677m/s acc=8.758m sessionAge=40121ms
08-26 08:31:13.279 D PARKDIAG/Coord:   state hasEverMoved=false hasEverReachedDrivingSpeed=true userConfirmed=false vehicleExit=false stoppedSince=1787725849365 stoppedDur=23903ms phase=Idle
08-26 08:31:13.288 D PARKDIAG/Coord:   ⚖ scoring=NotYet (signals: speed=0.050830677 stopped=23903ms accuracy=8.758 exit=false)
08-26 08:31:18.280 D PARKDIAG/Coord: ─ loc#13 lat=36.6084009 lon=-6.2782045 speed=0.0495958m/s acc=7.125m sessionAge=45130ms
08-26 08:31:18.286 D PARKDIAG/Coord:   state hasEverMoved=false hasEverReachedDrivingSpeed=true userConfirmed=false vehicleExit=false stoppedSince=1787725849365 stoppedDur=28912ms phase=Idle
08-26 08:31:18.292 D PARKDIAG/Coord:   ⚖ scoring=NotYet (signals: speed=0.0495958 stopped=28912ms accuracy=7.125 exit=false)
08-26 08:31:18.335 D PARKDIAG/OneFix: fix lat=36.6084009 lon=-6.2782045 speed=0.0495958m/s acc=7.125m age=0s
08-26 08:31:18.373 D PARKDIAG/Depart: attempt=2 geof=a786c135 speed=0.17854488km/h acc=7.125m → Inconclusive
08-26 08:31:23.272 D PARKDIAG/Coord: ─ loc#14 lat=36.6084051 lon=-6.2781991 speed=0.045291375m/s acc=5.571m sessionAge=50123ms
08-26 08:31:23.284 D PARKDIAG/Coord:   state hasEverMoved=false hasEverReachedDrivingSpeed=true userConfirmed=false vehicleExit=false stoppedSince=1787725849365 stoppedDur=33905ms phase=Idle
08-26 08:31:23.294 D PARKDIAG/Coord:   ⚖ scoring=NotYet (signals: speed=0.045291375 stopped=33905ms accuracy=5.571 exit=false)
08-26 08:31:26.996 D PARKDIAG/Coord: ─ loc#15 lat=36.6084032 lon=-6.2781985 speed=0.045588013m/s acc=4.528m sessionAge=53848ms
08-26 08:31:27.003 D PARKDIAG/Coord:   state hasEverMoved=false hasEverReachedDrivingSpeed=true userConfirmed=false vehicleExit=false stoppedSince=1787725849365 stoppedDur=37630ms phase=Idle
08-26 08:31:27.011 D PARKDIAG/Coord:   ⚖ scoring=NotYet (signals: speed=0.045588013 stopped=37630ms accuracy=4.528 exit=false)
08-26 08:31:33.293 D PARKDIAG/Coord: ─ loc#16 lat=36.608404 lon=-6.2781973 speed=0.035250038m/s acc=4.06m sessionAge=60145ms
08-26 08:31:33.301 D PARKDIAG/Coord:   state hasEverMoved=false hasEverReachedDrivingSpeed=true userConfirmed=false vehicleExit=false stoppedSince=1787725849365 stoppedDur=43927ms phase=Idle
08-26 08:31:33.310 D PARKDIAG/Coord:   ⚖ scoring=NotYet (signals: speed=0.035250038 stopped=43927ms accuracy=4.06 exit=false)
08-26 08:31:35.425 D PARKDIAG/Coord: ─ loc#17 lat=36.6084032 lon=-6.278198 speed=0.045011863m/s acc=3.747m sessionAge=62276ms
08-26 08:31:35.431 D PARKDIAG/Coord:   state hasEverMoved=false hasEverReachedDrivingSpeed=true userConfirmed=false vehicleExit=false stoppedSince=1787725849365 stoppedDur=46058ms phase=Idle
08-26 08:31:35.435 D PARKDIAG/Coord:   ⚖ scoring=NotYet (signals: speed=0.045011863 stopped=46058ms accuracy=3.747 exit=false)
08-26 08:31:38.245 D PARKDIAG/Coord: ─ loc#18 lat=36.6084049 lon=-6.2781973 speed=0.04616394m/s acc=3.701m sessionAge=65096ms
08-26 08:31:38.255 D PARKDIAG/Coord:   state hasEverMoved=false hasEverReachedDrivingSpeed=true userConfirmed=false vehicleExit=false stoppedSince=1787725849365 stoppedDur=48878ms phase=Idle
08-26 08:31:38.261 D PARKDIAG/Coord:   ⚖ scoring=NotYet (signals: speed=0.04616394 stopped=48878ms accuracy=3.701 exit=false)
08-26 08:31:43.265 D PARKDIAG/Coord: ─ loc#19 lat=36.6084029 lon=-6.2781967 speed=0.050221093m/s acc=3.573m sessionAge=70118ms
08-26 08:31:43.272 D PARKDIAG/Coord:   state hasEverMoved=false hasEverReachedDrivingSpeed=true userConfirmed=false vehicleExit=false stoppedSince=1787725849365 stoppedDur=53900ms phase=Idle
08-26 08:31:43.277 D PARKDIAG/Coord:   ⚖ scoring=NotYet (signals: speed=0.050221093 stopped=53900ms accuracy=3.573 exit=false)
08-26 08:31:48.242 D PARKDIAG/Coord: ─ loc#20 lat=36.6084036 lon=-6.2781967 speed=0.0544632m/s acc=3.469m sessionAge=75088ms
08-26 08:31:48.249 D PARKDIAG/Coord:   state hasEverMoved=false hasEverReachedDrivingSpeed=true userConfirmed=false vehicleExit=false stoppedSince=1787725849365 stoppedDur=58870ms phase=Idle
08-26 08:31:48.254 D PARKDIAG/Coord:   ⚖ scoring=NotYet (signals: speed=0.0544632 stopped=58870ms accuracy=3.469 exit=false)
08-26 08:31:52.260 D PARKDIAG/Coord: ─ loc#21 lat=36.6084027 lon=-6.2781972 speed=0.037707735m/s acc=3.438m sessionAge=79112ms
08-26 08:31:52.267 D PARKDIAG/Coord:   state hasEverMoved=false hasEverReachedDrivingSpeed=true userConfirmed=false vehicleExit=false stoppedSince=1787725849365 stoppedDur=62894ms phase=Idle
08-26 08:31:52.274 D PARKDIAG/Coord:   ⚖ scoring=NotYet (signals: speed=0.037707735 stopped=62894ms accuracy=3.438 exit=false)
08-26 08:31:58.261 D PARKDIAG/Coord: ─ loc#22 lat=36.6084037 lon=-6.278197 speed=0.0492338m/s acc=3.473m sessionAge=85113ms
08-26 08:31:58.266 D PARKDIAG/Coord:   state hasEverMoved=false hasEverReachedDrivingSpeed=true userConfirmed=false vehicleExit=false stoppedSince=1787725849365 stoppedDur=68895ms phase=Idle
08-26 08:31:58.273 D PARKDIAG/Coord:   ⚖ scoring=NotYet (signals: speed=0.0492338 stopped=68895ms accuracy=3.473 exit=false)
08-26 08:32:00.901 D PARKDIAG/Coord: ─ loc#23 lat=36.6084031 lon=-6.2781974 speed=0.04648159m/s acc=3.463m sessionAge=87752ms
08-26 08:32:00.905 D PARKDIAG/Coord:   state hasEverMoved=false hasEverReachedDrivingSpeed=true userConfirmed=false vehicleExit=false stoppedSince=1787725849365 stoppedDur=71534ms phase=Idle
08-26 08:32:00.909 D PARKDIAG/Coord:   ⚖ scoring=NotYet (signals: speed=0.04648159 stopped=71534ms accuracy=3.463 exit=false)
08-26 08:32:03.281 D PARKDIAG/Coord: ─ loc#24 lat=36.6084049 lon=-6.2781961 speed=0.044510804m/s acc=3.467m sessionAge=90132ms
08-26 08:32:03.287 D PARKDIAG/Coord:   state hasEverMoved=false hasEverReachedDrivingSpeed=true userConfirmed=false vehicleExit=false stoppedSince=1787725849365 stoppedDur=73914ms phase=Idle
08-26 08:32:03.294 D PARKDIAG/Coord:   ⚖ scoring=NotYet (signals: speed=0.044510804 stopped=73914ms accuracy=3.467 exit=false)
08-26 08:32:08.243 D PARKDIAG/Coord: ─ loc#25 lat=36.6084041 lon=-6.278197 speed=0.04387378m/s acc=3.532m sessionAge=95095ms
08-26 08:32:08.253 D PARKDIAG/Coord:   state hasEverMoved=false hasEverReachedDrivingSpeed=true userConfirmed=false vehicleExit=false stoppedSince=1787725849365 stoppedDur=78877ms phase=Idle
08-26 08:32:08.257 D PARKDIAG/Coord:   ⚖ scoring=NotYet (signals: speed=0.04387378 stopped=78877ms accuracy=3.532 exit=false)
08-26 08:32:13.268 D PARKDIAG/Coord: ─ loc#26 lat=36.608405 lon=-6.278197 speed=0.05555691m/s acc=3.583m sessionAge=100120ms
08-26 08:32:13.279 D PARKDIAG/Coord:   state hasEverMoved=false hasEverReachedDrivingSpeed=true userConfirmed=false vehicleExit=false stoppedSince=1787725849365 stoppedDur=83902ms phase=Idle
08-26 08:32:13.287 D PARKDIAG/Coord:   ⚖ scoring=NotYet (signals: speed=0.05555691 stopped=83902ms accuracy=3.583 exit=false)
08-26 08:32:17.803 D PARKDIAG/Coord: ─ loc#27 lat=36.608403 lon=-6.2781994 speed=0.048587702m/s acc=3.574m sessionAge=104656ms
08-26 08:32:17.814 D PARKDIAG/Coord:   state hasEverMoved=false hasEverReachedDrivingSpeed=true userConfirmed=false vehicleExit=false stoppedSince=1787725849365 stoppedDur=88438ms phase=Idle
08-26 08:32:17.818 D PARKDIAG/Coord:   ⚖ scoring=NotYet (signals: speed=0.048587702 stopped=88438ms accuracy=3.574 exit=false)
08-26 08:32:18.458 D PARKDIAG/OneFix: fix lat=36.6084047 lon=-6.2781983 speed=0.046886574m/s acc=3.546m age=0s
08-26 08:32:18.506 D PARKDIAG/Depart: attempt=3 geof=a786c135 speed=0.16879167km/h acc=3.546m → Inconclusive
08-26 08:32:18.509 D PARKDIAG/Depart: attempts exhausted with no admissible vehicle signal — dismissed (geof=a786c135-2500-42c4-8adc-dd7d695ae0d8)
08-26 08:32:23.264 D PARKDIAG/Coord: ─ loc#28 lat=36.6084024 lon=-6.2782009 speed=0.049749047m/s acc=3.561m sessionAge=110116ms
08-26 08:32:23.272 D PARKDIAG/Coord:   state hasEverMoved=false hasEverReachedDrivingSpeed=true userConfirmed=false vehicleExit=false stoppedSince=1787725849365 stoppedDur=93898ms phase=Idle
08-26 08:32:23.277 D PARKDIAG/Coord:   ⚖ scoring=Low (signals: speed=0.049749047 stopped=93898ms accuracy=3.561 exit=false)
08-26 08:32:23.280 D PARKDIAG/Coord:   → phase: Idle → LowReached(firstReachedAt=1787725943263) [BUG-DETECT-310502]
08-26 08:32:26.203 D PARKDIAG/Coord: ─ loc#29 lat=36.6084009 lon=-6.2782023 speed=0.04655869m/s acc=3.602m sessionAge=113056ms
08-26 08:32:26.213 D PARKDIAG/Coord:   state hasEverMoved=false hasEverReachedDrivingSpeed=true userConfirmed=false vehicleExit=false stoppedSince=1787725849365 stoppedDur=96838ms phase=LowReached(firstReachedAt=1787725943263)
08-26 08:32:26.221 D PARKDIAG/Coord:   ⚖ scoring=Low (signals: speed=0.04655869 stopped=96838ms accuracy=3.602 exit=false)
08-26 08:32:26.223 D PARKDIAG/Coord:   ⊘ Low/Medium notif suppressed — no vehicleExit, timeout in ~87060ms
08-26 08:32:28.282 D PARKDIAG/Coord: ─ loc#30 lat=36.6084019 lon=-6.2782008 speed=0.04470641m/s acc=3.59m sessionAge=115134ms
08-26 08:32:28.287 D PARKDIAG/Coord:   state hasEverMoved=false hasEverReachedDrivingSpeed=true userConfirmed=false vehicleExit=false stoppedSince=1787725849365 stoppedDur=98916ms phase=LowReached(firstReachedAt=1787725943263)
08-26 08:32:28.295 D PARKDIAG/Coord:   ⚖ scoring=Low (signals: speed=0.04470641 stopped=98916ms accuracy=3.59 exit=false)
08-26 08:32:28.298 D PARKDIAG/Coord:   ⊘ Low/Medium notif suppressed — no vehicleExit, timeout in ~84982ms
08-26 08:32:33.274 D PARKDIAG/Coord: ─ loc#31 lat=36.6084002 lon=-6.2782027 speed=0.039702483m/s acc=3.623m sessionAge=120126ms
08-26 08:32:33.286 D PARKDIAG/Coord:   state hasEverMoved=false hasEverReachedDrivingSpeed=true userConfirmed=false vehicleExit=false stoppedSince=1787725849365 stoppedDur=103908ms phase=LowReached(firstReachedAt=1787725943263)
08-26 08:32:33.294 D PARKDIAG/Coord:   ⚖ scoring=Low (signals: speed=0.039702483 stopped=103908ms accuracy=3.623 exit=false)
08-26 08:32:33.297 D PARKDIAG/Coord:   ⊘ Low/Medium notif suppressed — no vehicleExit, timeout in ~79990ms
08-26 08:32:38.291 D PARKDIAG/Coord: ─ loc#32 lat=36.6084005 lon=-6.2782024 speed=0.053243786m/s acc=3.663m sessionAge=125142ms
08-26 08:32:38.298 D PARKDIAG/Coord:   state hasEverMoved=false hasEverReachedDrivingSpeed=true userConfirmed=false vehicleExit=false stoppedSince=1787725849365 stoppedDur=108924ms phase=LowReached(firstReachedAt=1787725943263)
08-26 08:32:38.308 D PARKDIAG/Coord:   ⚖ scoring=Low (signals: speed=0.053243786 stopped=108924ms accuracy=3.663 exit=false)
08-26 08:32:38.311 D PARKDIAG/Coord:   ⊘ Low/Medium notif suppressed — no vehicleExit, timeout in ~74974ms
08-26 08:32:42.931 D PARKDIAG/Coord: ─ loc#33 lat=36.6083975 lon=-6.2782036 speed=0.034002215m/s acc=3.578m sessionAge=129784ms
08-26 08:32:42.943 D PARKDIAG/Coord:   state hasEverMoved=false hasEverReachedDrivingSpeed=true userConfirmed=false vehicleExit=false stoppedSince=1787725849365 stoppedDur=113566ms phase=LowReached(firstReachedAt=1787725943263)
08-26 08:32:42.947 D PARKDIAG/Coord:   ⚖ scoring=Low (signals: speed=0.034002215 stopped=113566ms accuracy=3.578 exit=false)
08-26 08:32:42.949 D PARKDIAG/Coord:   ⊘ Low/Medium notif suppressed — no vehicleExit, timeout in ~70332ms
08-26 08:32:48.247 D PARKDIAG/Coord: ─ loc#34 lat=36.6083959 lon=-6.2782037 speed=0.052080665m/s acc=3.409m sessionAge=135100ms
08-26 08:32:48.258 D PARKDIAG/Coord:   state hasEverMoved=false hasEverReachedDrivingSpeed=true userConfirmed=false vehicleExit=false stoppedSince=1787725849365 stoppedDur=118882ms phase=LowReached(firstReachedAt=1787725943263)
08-26 08:32:48.261 D PARKDIAG/Coord:   ⚖ scoring=Low (signals: speed=0.052080665 stopped=118882ms accuracy=3.409 exit=false)
08-26 08:32:48.262 D PARKDIAG/Coord:   ⊘ Low/Medium notif suppressed — no vehicleExit, timeout in ~65016ms
08-26 08:32:51.460 D PARKDIAG/Coord: ─ loc#35 lat=36.608393 lon=-6.2782049 speed=0.04387322m/s acc=3.545m sessionAge=138313ms
08-26 08:32:51.464 D PARKDIAG/Coord:   state hasEverMoved=false hasEverReachedDrivingSpeed=true userConfirmed=false vehicleExit=false stoppedSince=1787725849365 stoppedDur=122095ms phase=LowReached(firstReachedAt=1787725943263)
08-26 08:32:51.468 D PARKDIAG/Coord:   ⚖ scoring=Low (signals: speed=0.04387322 stopped=122095ms accuracy=3.545 exit=false)
08-26 08:32:51.471 D PARKDIAG/Coord:   ⊘ Low/Medium notif suppressed — no vehicleExit, timeout in ~61803ms
08-26 08:32:53.286 D PARKDIAG/Coord: ─ loc#36 lat=36.6083951 lon=-6.2782028 speed=0.044163622m/s acc=3.552m sessionAge=140138ms
08-26 08:32:53.290 D PARKDIAG/Coord:   state hasEverMoved=false hasEverReachedDrivingSpeed=true userConfirmed=false vehicleExit=false stoppedSince=1787725849365 stoppedDur=123920ms phase=LowReached(firstReachedAt=1787725943263)
08-26 08:32:53.295 D PARKDIAG/Coord:   ⚖ scoring=Low (signals: speed=0.044163622 stopped=123920ms accuracy=3.552 exit=false)
08-26 08:32:53.297 D PARKDIAG/Coord:   ⊘ Low/Medium notif suppressed — no vehicleExit, timeout in ~59978ms
08-26 08:32:58.276 D PARKDIAG/Coord: ─ loc#37 lat=36.6083919 lon=-6.2782042 speed=0.048520654m/s acc=3.656m sessionAge=145128ms
08-26 08:32:58.284 D PARKDIAG/Coord:   state hasEverMoved=false hasEverReachedDrivingSpeed=true userConfirmed=false vehicleExit=false stoppedSince=1787725849365 stoppedDur=128910ms phase=LowReached(firstReachedAt=1787725943263)
08-26 08:32:58.291 D PARKDIAG/Coord:   ⚖ scoring=Low (signals: speed=0.048520654 stopped=128910ms accuracy=3.656 exit=false)
08-26 08:32:58.295 D PARKDIAG/Coord:   ⊘ Low/Medium notif suppressed — no vehicleExit, timeout in ~54988ms
08-26 08:33:00.080 D PARKDIAG/Coord: ─ loc#38 lat=36.6083907 lon=-6.278205 speed=0.045903783m/s acc=3.607m sessionAge=146931ms
08-26 08:33:00.086 D PARKDIAG/Coord:   state hasEverMoved=false hasEverReachedDrivingSpeed=true userConfirmed=false vehicleExit=false stoppedSince=1787725849365 stoppedDur=130713ms phase=LowReached(firstReachedAt=1787725943263)
08-26 08:33:00.093 D PARKDIAG/Coord:   ⚖ scoring=Low (signals: speed=0.045903783 stopped=130713ms accuracy=3.607 exit=false)
08-26 08:33:00.096 D PARKDIAG/Coord:   ⊘ Low/Medium notif suppressed — no vehicleExit, timeout in ~53185ms
08-26 08:33:03.287 D PARKDIAG/Coord: ─ loc#39 lat=36.608392 lon=-6.2782041 speed=0.044995252m/s acc=3.65m sessionAge=150132ms
08-26 08:33:03.295 D PARKDIAG/Coord:   state hasEverMoved=false hasEverReachedDrivingSpeed=true userConfirmed=false vehicleExit=false stoppedSince=1787725849365 stoppedDur=133914ms phase=LowReached(firstReachedAt=1787725943263)
08-26 08:33:03.300 D PARKDIAG/Coord:   ⚖ scoring=Low (signals: speed=0.044995252 stopped=133914ms accuracy=3.65 exit=false)
08-26 08:33:03.303 D PARKDIAG/Coord:   ⊘ Low/Medium notif suppressed — no vehicleExit, timeout in ~49984ms
08-26 08:33:08.278 D PARKDIAG/Coord: ─ loc#40 lat=36.6083883 lon=-6.2782058 speed=0.050554723m/s acc=3.632m sessionAge=155127ms
08-26 08:33:08.284 D PARKDIAG/Coord:   state hasEverMoved=false hasEverReachedDrivingSpeed=true userConfirmed=false vehicleExit=false stoppedSince=1787725849365 stoppedDur=138909ms phase=LowReached(firstReachedAt=1787725943263)
08-26 08:33:08.291 D PARKDIAG/Coord:   ⚖ scoring=Low (signals: speed=0.050554723 stopped=138909ms accuracy=3.632 exit=false)
08-26 08:33:08.294 D PARKDIAG/Coord:   ⊘ Low/Medium notif suppressed — no vehicleExit, timeout in ~44989ms
08-26 08:33:13.286 D PARKDIAG/Coord: ─ loc#41 lat=36.6083886 lon=-6.278206 speed=0.05142151m/s acc=3.679m sessionAge=160137ms
08-26 08:33:13.292 D PARKDIAG/Coord:   state hasEverMoved=false hasEverReachedDrivingSpeed=true userConfirmed=false vehicleExit=false stoppedSince=1787725849365 stoppedDur=143919ms phase=LowReached(firstReachedAt=1787725943263)
08-26 08:33:13.297 D PARKDIAG/Coord:   ⚖ scoring=Low (signals: speed=0.05142151 stopped=143919ms accuracy=3.679 exit=false)
08-26 08:33:13.299 D PARKDIAG/Coord:   ⊘ Low/Medium notif suppressed — no vehicleExit, timeout in ~39979ms
08-26 08:33:17.269 D PARKDIAG/Coord: ─ loc#42 lat=36.6083867 lon=-6.2782071 speed=0.040235132m/s acc=3.629m sessionAge=164122ms
08-26 08:33:17.285 D PARKDIAG/Coord:   state hasEverMoved=false hasEverReachedDrivingSpeed=true userConfirmed=false vehicleExit=false stoppedSince=1787725849365 stoppedDur=147904ms phase=LowReached(firstReachedAt=1787725943263)
08-26 08:33:17.291 D PARKDIAG/Coord:   ⚖ scoring=Low (signals: speed=0.040235132 stopped=147904ms accuracy=3.629 exit=false)
08-26 08:33:17.292 D PARKDIAG/Coord:   ⊘ Low/Medium notif suppressed — no vehicleExit, timeout in ~35994ms
08-26 08:33:23.253 D PARKDIAG/Coord: ─ loc#43 lat=36.6083876 lon=-6.278206 speed=0.04513996m/s acc=3.475m sessionAge=170105ms
08-26 08:33:23.257 D PARKDIAG/Coord:   state hasEverMoved=false hasEverReachedDrivingSpeed=true userConfirmed=false vehicleExit=false stoppedSince=1787725849365 stoppedDur=153887ms phase=LowReached(firstReachedAt=1787725943263)
08-26 08:33:23.262 D PARKDIAG/Coord:   ⚖ scoring=Low (signals: speed=0.04513996 stopped=153887ms accuracy=3.475 exit=false)
08-26 08:33:23.266 D PARKDIAG/Coord:   ⊘ Low/Medium notif suppressed — no vehicleExit, timeout in ~30011ms
08-26 08:33:25.873 D PARKDIAG/Coord: ─ loc#44 lat=36.6083855 lon=-6.2782071 speed=0.05415883m/s acc=3.448m sessionAge=172725ms
08-26 08:33:25.889 D PARKDIAG/Coord:   state hasEverMoved=false hasEverReachedDrivingSpeed=true userConfirmed=false vehicleExit=false stoppedSince=1787725849365 stoppedDur=156507ms phase=LowReached(firstReachedAt=1787725943263)
08-26 08:33:25.894 D PARKDIAG/Coord:   ⚖ scoring=Low (signals: speed=0.05415883 stopped=156507ms accuracy=3.448 exit=false)
08-26 08:33:25.898 D PARKDIAG/Coord:   ⊘ Low/Medium notif suppressed — no vehicleExit, timeout in ~27391ms
08-26 08:33:28.287 D PARKDIAG/Coord: ─ loc#45 lat=36.6083877 lon=-6.2782054 speed=0.05515738m/s acc=3.452m sessionAge=175140ms
08-26 08:33:28.299 D PARKDIAG/Coord:   state hasEverMoved=false hasEverReachedDrivingSpeed=true userConfirmed=false vehicleExit=false stoppedSince=1787725849365 stoppedDur=158922ms phase=LowReached(firstReachedAt=1787725943263)
08-26 08:33:28.304 D PARKDIAG/Coord:   ⚖ scoring=Low (signals: speed=0.05515738 stopped=158922ms accuracy=3.452 exit=false)
08-26 08:33:28.306 D PARKDIAG/Coord:   ⊘ Low/Medium notif suppressed — no vehicleExit, timeout in ~24976ms
08-26 08:33:33.278 D PARKDIAG/Coord: ─ loc#46 lat=36.6083851 lon=-6.2782073 speed=0.052270148m/s acc=3.512m sessionAge=180130ms
08-26 08:33:33.287 D PARKDIAG/Coord:   state hasEverMoved=false hasEverReachedDrivingSpeed=true userConfirmed=false vehicleExit=false stoppedSince=1787725849365 stoppedDur=163912ms phase=LowReached(firstReachedAt=1787725943263)
08-26 08:33:33.293 D PARKDIAG/Coord:   ⚖ scoring=Low (signals: speed=0.052270148 stopped=163912ms accuracy=3.512 exit=false)
08-26 08:33:33.297 D PARKDIAG/Coord:   ⊘ Low/Medium notif suppressed — no vehicleExit, timeout in ~19986ms
08-26 08:33:35.182 D PARKDIAG/SigMotion: sync → disarmed
08-26 08:33:35.216 D PARKDIAG/ExactNet: ⏰ exact net DISARMED — no parked session to watch
08-26 08:33:35.224 D PARKDIAG/SafetyNet: ■ detection running — skipping check
08-26 08:33:38.292 D PARKDIAG/Coord: ─ loc#47 lat=36.6083842 lon=-6.278207 speed=0.0559356m/s acc=3.519m sessionAge=185144ms
08-26 08:33:38.298 D PARKDIAG/Coord:   state hasEverMoved=false hasEverReachedDrivingSpeed=true userConfirmed=false vehicleExit=false stoppedSince=1787725849365 stoppedDur=168926ms phase=LowReached(firstReachedAt=1787725943263)
08-26 08:33:38.307 D PARKDIAG/Coord:   ⚖ scoring=Low (signals: speed=0.0559356 stopped=168926ms accuracy=3.519 exit=false)
08-26 08:33:38.312 D PARKDIAG/Coord:   ⊘ Low/Medium notif suppressed — no vehicleExit, timeout in ~14972ms
08-26 08:33:43.090 D PARKDIAG/Coord: ─ loc#48 lat=36.608383 lon=-6.2782079 speed=0.045616303m/s acc=3.54m sessionAge=189942ms
08-26 08:33:43.095 D PARKDIAG/Coord:   state hasEverMoved=false hasEverReachedDrivingSpeed=true userConfirmed=false vehicleExit=false stoppedSince=1787725849365 stoppedDur=173724ms phase=LowReached(firstReachedAt=1787725943263)
08-26 08:33:43.100 D PARKDIAG/Coord:   ⚖ scoring=Low (signals: speed=0.045616303 stopped=173724ms accuracy=3.54 exit=false)
08-26 08:33:43.102 D PARKDIAG/Coord:   ⊘ Low/Medium notif suppressed — no vehicleExit, timeout in ~10174ms
08-26 08:33:48.275 D PARKDIAG/Coord: ─ loc#49 lat=36.608384 lon=-6.2782062 speed=0.04345679m/s acc=3.494m sessionAge=195127ms
08-26 08:33:48.282 D PARKDIAG/Coord:   state hasEverMoved=false hasEverReachedDrivingSpeed=true userConfirmed=false vehicleExit=false stoppedSince=1787725849365 stoppedDur=178909ms phase=LowReached(firstReachedAt=1787725943263)
08-26 08:33:48.287 D PARKDIAG/Coord:   ⚖ scoring=Low (signals: speed=0.04345679 stopped=178909ms accuracy=3.494 exit=false)
08-26 08:33:48.290 D PARKDIAG/Coord:   ⊘ Low/Medium notif suppressed — no vehicleExit, timeout in ~4989ms
08-26 08:33:51.695 D PARKDIAG/Coord: ─ loc#50 lat=36.6083821 lon=-6.2782074 speed=0.059310872m/s acc=3.614m sessionAge=198546ms
08-26 08:33:51.709 D PARKDIAG/Coord:   state hasEverMoved=false hasEverReachedDrivingSpeed=true userConfirmed=false vehicleExit=false stoppedSince=1787725849365 stoppedDur=182328ms phase=LowReached(firstReachedAt=1787725943263)
08-26 08:33:51.719 D PARKDIAG/Coord:   ⚖ scoring=Medium(score=0.55) (signals: speed=0.059310872 stopped=182328ms accuracy=3.614 exit=false)
08-26 08:33:51.721 D PARKDIAG/Coord:   ⊘ Low/Medium notif suppressed — no vehicleExit, timeout in ~1570ms
08-26 08:33:58.274 D PARKDIAG/Coord: ─ loc#51 lat=36.6083828 lon=-6.2782058 speed=0.048026934m/s acc=3.749m sessionAge=205126ms
08-26 08:33:58.289 D PARKDIAG/Coord:   state hasEverMoved=false hasEverReachedDrivingSpeed=true userConfirmed=false vehicleExit=false stoppedSince=1787725849365 stoppedDur=188908ms phase=LowReached(firstReachedAt=1787725943263)
08-26 08:33:58.301 D PARKDIAG/Coord:   ⚖ scoring=Medium(score=0.55) (signals: speed=0.048026934 stopped=188908ms accuracy=3.749 exit=false)
08-26 08:33:58.303 D PARKDIAG/Coord:   → showing parking-confirmation notif (Low/Medium, timeout=95010ms)
08-26 08:33:58.307 D PARKDIAG/Notify: ▶ NotifyParkingConfirmation.invoke confidence=Medium(score=0.55)
08-26 08:33:58.318 D PARKDIAG/Notify:   observeActiveVehicle resolved vehicleName=Ford Focus
08-26 08:33:58.338 D PARKDIAG/Notify: ■ NotifyParkingConfirmation.invoke DONE
08-26 08:34:00.280 D PARKDIAG/Coord: ─ loc#52 lat=36.6083818 lon=-6.278207 speed=0.030064775m/s acc=3.721m sessionAge=207131ms
08-26 08:34:00.293 D PARKDIAG/Coord:   state hasEverMoved=false hasEverReachedDrivingSpeed=true userConfirmed=false vehicleExit=false stoppedSince=1787725849365 stoppedDur=190913ms phase=Notified(shownAt=1787726038273)
08-26 08:34:00.308 D PARKDIAG/Coord:   ⚖ scoring=Medium(score=0.55) (signals: speed=0.030064775 stopped=190913ms accuracy=3.721 exit=false)
08-26 08:34:03.273 D PARKDIAG/Coord: ─ loc#53 lat=36.6083838 lon=-6.2782061 speed=0.051717035m/s acc=3.812m sessionAge=210124ms
08-26 08:34:03.279 D PARKDIAG/Coord:   state hasEverMoved=false hasEverReachedDrivingSpeed=true userConfirmed=false vehicleExit=false stoppedSince=1787725849365 stoppedDur=193906ms phase=Notified(shownAt=1787726038273)
08-26 08:34:03.287 D PARKDIAG/Coord:   ⚖ scoring=Medium(score=0.55) (signals: speed=0.051717035 stopped=193906ms accuracy=3.812 exit=false)
08-26 08:34:08.274 D PARKDIAG/Coord: ─ loc#54 lat=36.6083828 lon=-6.2782118 speed=0.044940088m/s acc=3.809m sessionAge=215126ms
08-26 08:34:08.283 D PARKDIAG/Coord:   state hasEverMoved=false hasEverReachedDrivingSpeed=true userConfirmed=false vehicleExit=false stoppedSince=1787725849365 stoppedDur=198908ms phase=Notified(shownAt=1787726038273)
08-26 08:34:08.289 D PARKDIAG/Coord:   ⚖ scoring=Medium(score=0.55) (signals: speed=0.044940088 stopped=198908ms accuracy=3.809 exit=false)
08-26 08:34:13.275 D PARKDIAG/Coord: ─ loc#55 lat=36.6083845 lon=-6.2782163 speed=0.044065848m/s acc=3.716m sessionAge=220126ms
08-26 08:34:13.282 D PARKDIAG/Coord:   state hasEverMoved=false hasEverReachedDrivingSpeed=true userConfirmed=false vehicleExit=false stoppedSince=1787725849365 stoppedDur=203908ms phase=Notified(shownAt=1787726038273)
08-26 08:34:13.287 D PARKDIAG/Coord:   ⚖ scoring=Medium(score=0.55) (signals: speed=0.044065848 stopped=203908ms accuracy=3.716 exit=false)
08-26 08:34:17.510 D PARKDIAG/Coord: ─ loc#56 lat=36.6083834 lon=-6.2782219 speed=0.046784863m/s acc=3.604m sessionAge=224362ms
08-26 08:34:17.514 D PARKDIAG/Coord:   state hasEverMoved=false hasEverReachedDrivingSpeed=true userConfirmed=false vehicleExit=false stoppedSince=1787725849365 stoppedDur=208144ms phase=Notified(shownAt=1787726038273)
08-26 08:34:17.522 D PARKDIAG/Coord:   ⚖ scoring=Medium(score=0.55) (signals: speed=0.046784863 stopped=208144ms accuracy=3.604 exit=false)
08-26 08:34:23.285 D PARKDIAG/Coord: ─ loc#57 lat=36.6083847 lon=-6.2782243 speed=0.043411072m/s acc=3.565m sessionAge=230138ms
08-26 08:34:23.292 D PARKDIAG/Coord:   state hasEverMoved=false hasEverReachedDrivingSpeed=true userConfirmed=false vehicleExit=false stoppedSince=1787725849365 stoppedDur=213920ms phase=Notified(shownAt=1787726038273)
08-26 08:34:23.296 D PARKDIAG/Coord:   ⚖ scoring=Medium(score=0.55) (signals: speed=0.043411072 stopped=213920ms accuracy=3.565 exit=false)
08-26 08:34:25.879 D PARKDIAG/Coord: ─ loc#58 lat=36.6083834 lon=-6.278229 speed=0.051016692m/s acc=3.641m sessionAge=232731ms
08-26 08:34:25.882 D PARKDIAG/Coord:   state hasEverMoved=false hasEverReachedDrivingSpeed=true userConfirmed=false vehicleExit=false stoppedSince=1787725849365 stoppedDur=216513ms phase=Notified(shownAt=1787726038273)
08-26 08:34:25.889 D PARKDIAG/Coord:   ⚖ scoring=Medium(score=0.55) (signals: speed=0.051016692 stopped=216513ms accuracy=3.641 exit=false)
08-26 08:34:28.288 D PARKDIAG/Coord: ─ loc#59 lat=36.6083859 lon=-6.2782266 speed=0.05173583m/s acc=3.67m sessionAge=235139ms
08-26 08:34:28.297 D PARKDIAG/Coord:   state hasEverMoved=false hasEverReachedDrivingSpeed=true userConfirmed=false vehicleExit=false stoppedSince=1787725849365 stoppedDur=218921ms phase=Notified(shownAt=1787726038273)
08-26 08:34:28.304 D PARKDIAG/Coord:   ⚖ scoring=Medium(score=0.55) (signals: speed=0.05173583 stopped=218921ms accuracy=3.67 exit=false)
08-26 08:34:33.246 D PARKDIAG/Coord: ─ loc#60 lat=36.608384 lon=-6.2782323 speed=0.056741003m/s acc=3.822m sessionAge=240099ms
08-26 08:34:33.248 D PARKDIAG/Coord:   state hasEverMoved=false hasEverReachedDrivingSpeed=true userConfirmed=false vehicleExit=false stoppedSince=1787725849365 stoppedDur=223881ms phase=Notified(shownAt=1787726038273)
08-26 08:34:33.249 D PARKDIAG/Coord:   ⚖ scoring=Medium(score=0.55) (signals: speed=0.056741003 stopped=223881ms accuracy=3.822 exit=false)
08-26 08:34:38.228 D PARKDIAG/Coord: ─ loc#61 lat=36.6083863 lon=-6.2782313 speed=0.040618945m/s acc=3.899m sessionAge=245068ms
08-26 08:34:38.240 D PARKDIAG/Coord:   state hasEverMoved=false hasEverReachedDrivingSpeed=true userConfirmed=false vehicleExit=false stoppedSince=1787725849365 stoppedDur=228850ms phase=Notified(shownAt=1787726038273)
08-26 08:34:38.253 D PARKDIAG/Coord:   ⚖ scoring=Medium(score=0.55) (signals: speed=0.040618945 stopped=228850ms accuracy=3.899 exit=false)
08-26 08:34:43.224 D PARKDIAG/Coord: ─ loc#62 lat=36.6083874 lon=-6.2782351 speed=0.04532605m/s acc=3.877m sessionAge=250076ms
08-26 08:34:43.242 D PARKDIAG/Coord:   state hasEverMoved=false hasEverReachedDrivingSpeed=true userConfirmed=false vehicleExit=false stoppedSince=1787725849365 stoppedDur=233858ms phase=Notified(shownAt=1787726038273)
08-26 08:34:43.247 D PARKDIAG/Coord:   ⚖ scoring=Medium(score=0.55) (signals: speed=0.04532605 stopped=233858ms accuracy=3.877 exit=false)
08-26 08:34:48.219 D PARKDIAG/Coord: ─ loc#63 lat=36.6083929 lon=-6.2782338 speed=0.046117797m/s acc=3.806m sessionAge=255072ms
08-26 08:34:48.221 D PARKDIAG/Coord:   state hasEverMoved=false hasEverReachedDrivingSpeed=true userConfirmed=false vehicleExit=false stoppedSince=1787725849365 stoppedDur=238854ms phase=Notified(shownAt=1787726038273)
08-26 08:34:48.223 D PARKDIAG/Coord:   ⚖ scoring=Medium(score=0.55) (signals: speed=0.046117797 stopped=238854ms accuracy=3.806 exit=false)
08-26 08:34:51.904 D PARKDIAG/Coord: ─ loc#64 lat=36.6083947 lon=-6.2782372 speed=0.030429129m/s acc=3.762m sessionAge=258755ms
08-26 08:34:51.907 D PARKDIAG/Coord:   state hasEverMoved=false hasEverReachedDrivingSpeed=true userConfirmed=false vehicleExit=false stoppedSince=1787725849365 stoppedDur=242537ms phase=Notified(shownAt=1787726038273)
08-26 08:34:51.914 D PARKDIAG/Coord:   ⚖ scoring=Medium(score=0.55) (signals: speed=0.030429129 stopped=242537ms accuracy=3.762 exit=false)
08-26 08:34:58.274 D PARKDIAG/Coord: ─ loc#65 lat=36.6084004 lon=-6.2782352 speed=0.043533076m/s acc=3.824m sessionAge=265126ms
08-26 08:34:58.278 D PARKDIAG/Coord:   state hasEverMoved=false hasEverReachedDrivingSpeed=true userConfirmed=false vehicleExit=false stoppedSince=1787725849365 stoppedDur=248908ms phase=Notified(shownAt=1787726038273)
08-26 08:34:58.286 D PARKDIAG/Coord:   ⚖ scoring=Medium(score=0.55) (signals: speed=0.043533076 stopped=248908ms accuracy=3.824 exit=false)
08-26 08:35:00.427 D PARKDIAG/Coord: ─ loc#66 lat=36.608401 lon=-6.2782363 speed=0.055090573m/s acc=3.899m sessionAge=267270ms
08-26 08:35:00.433 D PARKDIAG/Coord:   state hasEverMoved=false hasEverReachedDrivingSpeed=true userConfirmed=false vehicleExit=false stoppedSince=1787725849365 stoppedDur=251052ms phase=Notified(shownAt=1787726038273)
08-26 08:35:00.439 D PARKDIAG/Coord:   ⚖ scoring=Medium(score=0.55) (signals: speed=0.055090573 stopped=251052ms accuracy=3.899 exit=false)
08-26 08:35:03.270 D PARKDIAG/Coord: ─ loc#67 lat=36.6084047 lon=-6.2782321 speed=0.0545628m/s acc=3.901m sessionAge=270122ms
08-26 08:35:03.273 D PARKDIAG/Coord:   state hasEverMoved=false hasEverReachedDrivingSpeed=true userConfirmed=false vehicleExit=false stoppedSince=1787725849365 stoppedDur=253904ms phase=Notified(shownAt=1787726038273)
08-26 08:35:03.288 D PARKDIAG/Coord:   ⚖ scoring=Medium(score=0.55) (signals: speed=0.0545628 stopped=253904ms accuracy=3.901 exit=false)
08-26 08:35:08.214 D PARKDIAG/Coord: ─ loc#68 lat=36.6084064 lon=-6.278234 speed=0.042360835m/s acc=3.936m sessionAge=275067ms
08-26 08:35:08.219 D PARKDIAG/Coord:   state hasEverMoved=false hasEverReachedDrivingSpeed=true userConfirmed=false vehicleExit=false stoppedSince=1787725849365 stoppedDur=258849ms phase=Notified(shownAt=1787726038273)
08-26 08:35:08.222 D PARKDIAG/Coord:   ⚖ scoring=Medium(score=0.55) (signals: speed=0.042360835 stopped=258849ms accuracy=3.936 exit=false)
08-26 08:35:11.247 D PARKDIAG/Coord: ─ loc#69 lat=36.6084093 lon=-6.2782323 speed=0.043239653m/s acc=3.758m sessionAge=278100ms
08-26 08:35:11.251 D PARKDIAG/Coord:   state hasEverMoved=false hasEverReachedDrivingSpeed=true userConfirmed=false vehicleExit=false stoppedSince=1787725849365 stoppedDur=261882ms phase=Notified(shownAt=1787726038273)
08-26 08:35:11.257 D PARKDIAG/Coord:   ⚖ scoring=Medium(score=0.55) (signals: speed=0.043239653 stopped=261882ms accuracy=3.758 exit=false)
08-26 08:35:16.233 D PARKDIAG/Coord: ─ loc#70 lat=36.6084101 lon=-6.2782336 speed=0.049656525m/s acc=3.618m sessionAge=283081ms
08-26 08:35:16.240 D PARKDIAG/Coord:   state hasEverMoved=false hasEverReachedDrivingSpeed=true userConfirmed=false vehicleExit=false stoppedSince=1787725849365 stoppedDur=266863ms phase=Notified(shownAt=1787726038273)
08-26 08:35:16.250 D PARKDIAG/Coord:   ⚖ scoring=Medium(score=0.55) (signals: speed=0.049656525 stopped=266863ms accuracy=3.618 exit=false)
08-26 08:35:21.294 D PARKDIAG/Coord: ─ loc#71 lat=36.608412 lon=-6.2782323 speed=0.044352066m/s acc=3.548m sessionAge=288146ms
08-26 08:35:21.302 D PARKDIAG/Coord:   state hasEverMoved=false hasEverReachedDrivingSpeed=true userConfirmed=false vehicleExit=false stoppedSince=1787725849365 stoppedDur=271928ms phase=Notified(shownAt=1787726038273)
08-26 08:35:21.307 D PARKDIAG/Coord:   ⚖ scoring=Medium(score=0.55) (signals: speed=0.044352066 stopped=271928ms accuracy=3.548 exit=false)
08-26 08:35:25.910 D PARKDIAG/Coord: ─ loc#72 lat=36.6084132 lon=-6.278233 speed=0.042117327m/s acc=3.467m sessionAge=292763ms
08-26 08:35:25.917 D PARKDIAG/Coord:   state hasEverMoved=false hasEverReachedDrivingSpeed=true userConfirmed=false vehicleExit=false stoppedSince=1787725849365 stoppedDur=276545ms phase=Notified(shownAt=1787726038273)
08-26 08:35:25.925 D PARKDIAG/Coord:   ⚖ scoring=Medium(score=0.55) (signals: speed=0.042117327 stopped=276545ms accuracy=3.467 exit=false)
08-26 08:35:31.276 D PARKDIAG/Coord: ─ loc#73 lat=36.6084142 lon=-6.2782313 speed=0.03646933m/s acc=3.335m sessionAge=298128ms
08-26 08:35:31.283 D PARKDIAG/Coord:   state hasEverMoved=false hasEverReachedDrivingSpeed=true userConfirmed=false vehicleExit=false stoppedSince=1787725849365 stoppedDur=281910ms phase=Notified(shownAt=1787726038273)
08-26 08:35:31.292 D PARKDIAG/Coord:   ⚖ scoring=Medium(score=0.55) (signals: speed=0.03646933 stopped=281910ms accuracy=3.335 exit=false)
08-26 08:35:34.445 D PARKDIAG/Coord: ─ loc#74 lat=36.6084153 lon=-6.2782323 speed=0.04112452m/s acc=3.288m sessionAge=301297ms
08-26 08:35:34.453 D PARKDIAG/Coord:   state hasEverMoved=false hasEverReachedDrivingSpeed=true userConfirmed=false vehicleExit=false stoppedSince=1787725849365 stoppedDur=285079ms phase=Notified(shownAt=1787726038273)
08-26 08:35:34.461 D PARKDIAG/Coord:   ⚖ scoring=Medium(score=0.55) (signals: speed=0.04112452 stopped=285079ms accuracy=3.288 exit=false)
08-26 08:35:41.220 D PARKDIAG/Coord: ─ loc#75 lat=36.6084172 lon=-6.2782303 speed=0.037357684m/s acc=3.266m sessionAge=308072ms
08-26 08:35:41.228 D PARKDIAG/Coord:   state hasEverMoved=false hasEverReachedDrivingSpeed=true userConfirmed=false vehicleExit=false stoppedSince=1787725849365 stoppedDur=291854ms phase=Notified(shownAt=1787726038273)
08-26 08:35:41.232 D PARKDIAG/Coord:   ⚖ scoring=Medium(score=0.55) (signals: speed=0.037357684 stopped=291854ms accuracy=3.266 exit=false)
08-26 08:35:43.036 D PARKDIAG/Coord: ─ loc#76 lat=36.6084172 lon=-6.2782301 speed=0.03859735m/s acc=3.208m sessionAge=309889ms
08-26 08:35:43.039 D PARKDIAG/Coord:   state hasEverMoved=false hasEverReachedDrivingSpeed=true userConfirmed=false vehicleExit=false stoppedSince=1787725849365 stoppedDur=293671ms phase=Notified(shownAt=1787726038273)
08-26 08:35:43.041 D PARKDIAG/Coord:   ⚖ scoring=Medium(score=0.55) (signals: speed=0.03859735 stopped=293671ms accuracy=3.208 exit=false)
08-26 08:35:46.214 D PARKDIAG/Coord: ─ loc#77 lat=36.6084187 lon=-6.2782277 speed=0.040921558m/s acc=3.199m sessionAge=313067ms
08-26 08:35:46.224 D PARKDIAG/Coord:   state hasEverMoved=false hasEverReachedDrivingSpeed=true userConfirmed=false vehicleExit=false stoppedSince=1787725849365 stoppedDur=296849ms phase=Notified(shownAt=1787726038273)
08-26 08:35:46.228 D PARKDIAG/Coord:   ⚖ scoring=Medium(score=0.55) (signals: speed=0.040921558 stopped=296849ms accuracy=3.199 exit=false)
08-26 08:35:51.236 D PARKDIAG/Coord: ─ loc#78 lat=36.6084183 lon=-6.2782263 speed=0.048827432m/s acc=3.187m sessionAge=318088ms
08-26 08:35:51.239 D PARKDIAG/Coord:   state hasEverMoved=false hasEverReachedDrivingSpeed=true userConfirmed=false vehicleExit=false stoppedSince=1787725849365 stoppedDur=301870ms phase=Notified(shownAt=1787726038273)
08-26 08:35:51.250 D PARKDIAG/Coord:   ⚖ scoring=High(score=0.8) (signals: speed=0.048827432 stopped=301870ms accuracy=3.187 exit=false)
08-26 08:35:51.255 D PARKDIAG/Coord:   ▶ HIGH reached after Notified(shownAt=1787726038273) — entering CANDIDATE phase (suppressing duplicate notif) [BUG-STUCK-SESSION]
08-26 08:35:56.299 D PARKDIAG/Coord: ─ loc#79 lat=36.6084176 lon=-6.278223 speed=0.04038309m/s acc=3.266m sessionAge=323151ms
08-26 08:35:56.313 D PARKDIAG/Coord:   state hasEverMoved=false hasEverReachedDrivingSpeed=true userConfirmed=false vehicleExit=false stoppedSince=1787725849365 stoppedDur=306933ms phase=Candidate(highReachedAt=1787726151235, hadVehicleExit=false, shownAt=1787726038273)
08-26 08:35:56.327 D PARKDIAG/Coord:   ⏳ CANDIDATE phase — elapsed=5063ms steps=0/8 → decision=Inconclusive
08-26 08:36:00.414 D PARKDIAG/Coord: ─ loc#80 lat=36.6084165 lon=-6.2782237 speed=0.0387676m/s acc=3.238m sessionAge=327267ms
08-26 08:36:00.427 D PARKDIAG/Coord:   state hasEverMoved=false hasEverReachedDrivingSpeed=true userConfirmed=false vehicleExit=false stoppedSince=1787725849365 stoppedDur=311049ms phase=Candidate(highReachedAt=1787726151235, hadVehicleExit=false, shownAt=1787726038273)
08-26 08:36:00.432 D PARKDIAG/Coord:   ⏳ CANDIDATE phase — elapsed=9179ms steps=0/8 → decision=Inconclusive
08-26 08:36:06.219 D PARKDIAG/Coord: ─ loc#81 lat=36.6084158 lon=-6.2782209 speed=0.049578153m/s acc=3.162m sessionAge=333072ms
08-26 08:36:06.227 D PARKDIAG/Coord:   state hasEverMoved=false hasEverReachedDrivingSpeed=true userConfirmed=false vehicleExit=false stoppedSince=1787725849365 stoppedDur=316854ms phase=Candidate(highReachedAt=1787726151235, hadVehicleExit=false, shownAt=1787726038273)
08-26 08:36:06.231 D PARKDIAG/Coord:   ⏳ CANDIDATE phase — elapsed=14984ms steps=0/8 → decision=Inconclusive
08-26 08:36:09.036 D PARKDIAG/Coord: ─ loc#82 lat=36.608414 lon=-6.278221 speed=0.044312365m/s acc=3.202m sessionAge=335888ms
08-26 08:36:09.039 D PARKDIAG/Coord:   state hasEverMoved=false hasEverReachedDrivingSpeed=true userConfirmed=false vehicleExit=false stoppedSince=1787725849365 stoppedDur=319670ms phase=Candidate(highReachedAt=1787726151235, hadVehicleExit=false, shownAt=1787726038273)
08-26 08:36:09.044 D PARKDIAG/Coord:   ⏳ CANDIDATE phase — elapsed=17800ms steps=0/8 → decision=Inconclusive
08-26 08:36:11.215 D PARKDIAG/Coord: ─ loc#83 lat=36.6084144 lon=-6.2782191 speed=0.043319304m/s acc=3.231m sessionAge=338067ms
08-26 08:36:11.217 D PARKDIAG/Coord:   state hasEverMoved=false hasEverReachedDrivingSpeed=true userConfirmed=false vehicleExit=false stoppedSince=1787725849365 stoppedDur=321849ms phase=Candidate(highReachedAt=1787726151235, hadVehicleExit=false, shownAt=1787726038273)
08-26 08:36:11.231 D PARKDIAG/Coord:   ⏳ CANDIDATE phase — elapsed=19979ms steps=0/8 → decision=Inconclusive
08-26 08:36:16.215 D PARKDIAG/Coord: ─ loc#84 lat=36.6084129 lon=-6.2782186 speed=0.04704637m/s acc=3.29m sessionAge=343067ms
08-26 08:36:16.225 D PARKDIAG/Coord:   state hasEverMoved=false hasEverReachedDrivingSpeed=true userConfirmed=false vehicleExit=false stoppedSince=1787725849365 stoppedDur=326849ms phase=Candidate(highReachedAt=1787726151235, hadVehicleExit=false, shownAt=1787726038273)
08-26 08:36:16.230 D PARKDIAG/Coord:   ⏳ CANDIDATE phase — elapsed=24979ms steps=0/8 → decision=Inconclusive
08-26 08:36:21.215 D PARKDIAG/Coord: ─ loc#85 lat=36.6084105 lon=-6.2782185 speed=0.04857465m/s acc=3.175m sessionAge=348067ms
08-26 08:36:21.219 D PARKDIAG/Coord:   state hasEverMoved=false hasEverReachedDrivingSpeed=true userConfirmed=false vehicleExit=false stoppedSince=1787725849365 stoppedDur=331849ms phase=Candidate(highReachedAt=1787726151235, hadVehicleExit=false, shownAt=1787726038273)
08-26 08:36:21.223 D PARKDIAG/Coord:   ⏳ CANDIDATE phase — elapsed=29979ms steps=0/8 → decision=Inconclusive
08-26 08:36:26.248 D PARKDIAG/Coord: ─ loc#86 lat=36.6084103 lon=-6.2782181 speed=0.052611638m/s acc=3.256m sessionAge=353099ms
08-26 08:36:26.252 D PARKDIAG/Coord:   state hasEverMoved=false hasEverReachedDrivingSpeed=true userConfirmed=false vehicleExit=false stoppedSince=1787725849365 stoppedDur=336881ms phase=Candidate(highReachedAt=1787726151235, hadVehicleExit=false, shownAt=1787726038273)
08-26 08:36:26.255 D PARKDIAG/Coord:   ⏳ CANDIDATE phase — elapsed=35011ms steps=0/8 → decision=Inconclusive
08-26 08:36:31.278 D PARKDIAG/Coord: ─ loc#87 lat=36.6084099 lon=-6.2782178 speed=0.039289687m/s acc=3.362m sessionAge=358128ms
08-26 08:36:31.283 D PARKDIAG/Coord:   state hasEverMoved=false hasEverReachedDrivingSpeed=true userConfirmed=false vehicleExit=false stoppedSince=1787725849365 stoppedDur=341910ms phase=Candidate(highReachedAt=1787726151235, hadVehicleExit=false, shownAt=1787726038273)
08-26 08:36:31.289 D PARKDIAG/Coord:   ⏳ CANDIDATE phase — elapsed=40040ms steps=0/8 → decision=Inconclusive
08-26 08:36:34.888 D PARKDIAG/Coord: ─ loc#88 lat=36.6084083 lon=-6.2782186 speed=0.041802254m/s acc=3.167m sessionAge=361737ms
08-26 08:36:34.893 D PARKDIAG/Coord:   state hasEverMoved=false hasEverReachedDrivingSpeed=true userConfirmed=false vehicleExit=false stoppedSince=1787725849365 stoppedDur=345519ms phase=Candidate(highReachedAt=1787726151235, hadVehicleExit=false, shownAt=1787726038273)
08-26 08:36:34.897 D PARKDIAG/Coord:   ⏳ CANDIDATE phase — elapsed=43649ms steps=0/8 → decision=Inconclusive
08-26 08:36:41.270 D PARKDIAG/Coord: ─ loc#89 lat=36.6084064 lon=-6.2782178 speed=0.04788257m/s acc=3.167m sessionAge=368122ms
08-26 08:36:41.275 D PARKDIAG/Coord:   state hasEverMoved=false hasEverReachedDrivingSpeed=true userConfirmed=false vehicleExit=false stoppedSince=1787725849365 stoppedDur=351904ms phase=Candidate(highReachedAt=1787726151235, hadVehicleExit=false, shownAt=1787726038273)
08-26 08:36:41.290 D PARKDIAG/Coord:   ⏳ CANDIDATE phase — elapsed=50034ms steps=0/8 → decision=Inconclusive
08-26 08:36:43.506 D PARKDIAG/Coord: ─ loc#90 lat=36.6084054 lon=-6.2782187 speed=0.02447859m/s acc=3.233m sessionAge=370359ms
08-26 08:36:43.515 D PARKDIAG/Coord:   state hasEverMoved=false hasEverReachedDrivingSpeed=true userConfirmed=false vehicleExit=false stoppedSince=1787725849365 stoppedDur=354141ms phase=Candidate(highReachedAt=1787726151235, hadVehicleExit=false, shownAt=1787726038273)
08-26 08:36:43.521 D PARKDIAG/Coord:   ⏳ CANDIDATE phase — elapsed=52271ms steps=0/8 → decision=Inconclusive
08-26 08:36:46.293 D PARKDIAG/Coord: ─ loc#91 lat=36.6084059 lon=-6.2782171 speed=0.026377916m/s acc=3.228m sessionAge=373145ms
08-26 08:36:46.310 D PARKDIAG/Coord:   state hasEverMoved=false hasEverReachedDrivingSpeed=true userConfirmed=false vehicleExit=false stoppedSince=1787725849365 stoppedDur=356927ms phase=Candidate(highReachedAt=1787726151235, hadVehicleExit=false, shownAt=1787726038273)
08-26 08:36:46.319 D PARKDIAG/Coord:   ⏳ CANDIDATE phase — elapsed=55057ms steps=0/8 → decision=Inconclusive
08-26 08:36:51.305 D PARKDIAG/Coord: ─ loc#92 lat=36.6084035 lon=-6.2782193 speed=0.025601052m/s acc=3.227m sessionAge=378156ms
08-26 08:36:51.312 D PARKDIAG/Coord:   state hasEverMoved=false hasEverReachedDrivingSpeed=true userConfirmed=false vehicleExit=false stoppedSince=1787725849365 stoppedDur=361938ms phase=Candidate(highReachedAt=1787726151235, hadVehicleExit=false, shownAt=1787726038273)
08-26 08:36:51.319 D PARKDIAG/Coord:   ⏳ CANDIDATE phase — elapsed=60068ms steps=0/8 → decision=Inconclusive
08-26 08:36:56.289 D PARKDIAG/Coord: ─ loc#93 lat=36.6084033 lon=-6.2782197 speed=0.047785m/s acc=3.215m sessionAge=383140ms
08-26 08:36:56.298 D PARKDIAG/Coord:   state hasEverMoved=false hasEverReachedDrivingSpeed=true userConfirmed=false vehicleExit=false stoppedSince=1787725849365 stoppedDur=366922ms phase=Candidate(highReachedAt=1787726151235, hadVehicleExit=false, shownAt=1787726038273)
08-26 08:36:56.311 D PARKDIAG/Coord:   ⏳ CANDIDATE phase — elapsed=65052ms steps=0/8 → decision=Inconclusive
08-26 08:37:00.694 D PARKDIAG/Coord: ─ loc#94 lat=36.6084008 lon=-6.2782207 speed=0.059528884m/s acc=3.376m sessionAge=387546ms
08-26 08:37:00.703 D PARKDIAG/Coord:   state hasEverMoved=false hasEverReachedDrivingSpeed=true userConfirmed=false vehicleExit=false stoppedSince=1787725849365 stoppedDur=371328ms phase=Candidate(highReachedAt=1787726151235, hadVehicleExit=false, shownAt=1787726038273)
08-26 08:37:00.710 D PARKDIAG/Coord:   ⏳ CANDIDATE phase — elapsed=69458ms steps=0/8 → decision=Inconclusive
08-26 08:37:06.267 D PARKDIAG/Coord: ─ loc#95 lat=36.6083999 lon=-6.27822 speed=0.038946405m/s acc=3.381m sessionAge=393119ms
08-26 08:37:06.272 D PARKDIAG/Coord:   state hasEverMoved=false hasEverReachedDrivingSpeed=true userConfirmed=false vehicleExit=false stoppedSince=1787725849365 stoppedDur=376901ms phase=Candidate(highReachedAt=1787726151235, hadVehicleExit=false, shownAt=1787726038273)
08-26 08:37:06.279 D PARKDIAG/Coord:   ⏳ CANDIDATE phase — elapsed=75031ms steps=0/8 → decision=Inconclusive
08-26 08:37:09.339 D PARKDIAG/Coord: ─ loc#96 lat=36.6083981 lon=-6.2782221 speed=0.05078754m/s acc=3.336m sessionAge=396191ms
08-26 08:37:09.343 D PARKDIAG/Coord:   state hasEverMoved=false hasEverReachedDrivingSpeed=true userConfirmed=false vehicleExit=false stoppedSince=1787725849365 stoppedDur=379973ms phase=Candidate(highReachedAt=1787726151235, hadVehicleExit=false, shownAt=1787726038273)
08-26 08:37:09.350 D PARKDIAG/Coord:   ⏳ CANDIDATE phase — elapsed=78103ms steps=0/8 → decision=Inconclusive
08-26 08:37:11.235 D PARKDIAG/Coord: ─ loc#97 lat=36.6083994 lon=-6.27822 speed=0.0499687m/s acc=3.33m sessionAge=398087ms
08-26 08:37:11.244 D PARKDIAG/Coord:   state hasEverMoved=false hasEverReachedDrivingSpeed=true userConfirmed=false vehicleExit=false stoppedSince=1787725849365 stoppedDur=381869ms phase=Candidate(highReachedAt=1787726151235, hadVehicleExit=false, shownAt=1787726038273)
08-26 08:37:11.249 D PARKDIAG/Coord:   ⏳ CANDIDATE phase — elapsed=79999ms steps=0/8 → decision=Inconclusive
08-26 08:37:16.211 D PARKDIAG/Coord: ─ loc#98 lat=36.608398 lon=-6.2782223 speed=0.039690554m/s acc=3.301m sessionAge=403063ms
08-26 08:37:16.218 D PARKDIAG/Coord:   state hasEverMoved=false hasEverReachedDrivingSpeed=true userConfirmed=false vehicleExit=false stoppedSince=1787725849365 stoppedDur=386845ms phase=Candidate(highReachedAt=1787726151235, hadVehicleExit=false, shownAt=1787726038273)
08-26 08:37:16.222 D PARKDIAG/Coord:   ⏳ CANDIDATE phase — elapsed=84975ms steps=0/8 → decision=Inconclusive
08-26 08:37:21.232 D PARKDIAG/Coord: ─ loc#99 lat=36.608398 lon=-6.2782208 speed=0.03758243m/s acc=3.274m sessionAge=408084ms
08-26 08:37:21.241 D PARKDIAG/Coord:   state hasEverMoved=false hasEverReachedDrivingSpeed=true userConfirmed=false vehicleExit=false stoppedSince=1787725849365 stoppedDur=391866ms phase=Candidate(highReachedAt=1787726151235, hadVehicleExit=false, shownAt=1787726038273)
08-26 08:37:21.246 D PARKDIAG/Coord:   ⏳ CANDIDATE phase — elapsed=89996ms steps=0/8 → decision=Inconclusive
08-26 08:37:26.221 D PARKDIAG/Coord: ─ loc#100 lat=36.6083977 lon=-6.2782214 speed=0.0399953m/s acc=3.159m sessionAge=413074ms
08-26 08:37:26.229 D PARKDIAG/Coord:   state hasEverMoved=false hasEverReachedDrivingSpeed=true userConfirmed=false vehicleExit=false stoppedSince=1787725849365 stoppedDur=396856ms phase=Candidate(highReachedAt=1787726151235, hadVehicleExit=false, shownAt=1787726038273)
08-26 08:37:26.234 D PARKDIAG/Coord:   ⏳ CANDIDATE phase — elapsed=94986ms steps=0/8 → decision=Inconclusive
08-26 08:37:31.280 D PARKDIAG/Coord: ─ loc#101 lat=36.6083989 lon=-6.2782199 speed=0.043115243m/s acc=3.15m sessionAge=418131ms
08-26 08:37:31.288 D PARKDIAG/Coord:   state hasEverMoved=false hasEverReachedDrivingSpeed=true userConfirmed=false vehicleExit=false stoppedSince=1787725849365 stoppedDur=401913ms phase=Candidate(highReachedAt=1787726151235, hadVehicleExit=false, shownAt=1787726038273)
08-26 08:37:31.300 D PARKDIAG/Coord:   ⏳ CANDIDATE phase — elapsed=100043ms steps=0/8 → decision=Inconclusive
08-26 08:37:35.221 D PARKDIAG/Coord: ─ loc#102 lat=36.6083994 lon=-6.2782191 speed=0.040659748m/s acc=3.243m sessionAge=422073ms
08-26 08:37:35.235 D PARKDIAG/Coord:   state hasEverMoved=false hasEverReachedDrivingSpeed=true userConfirmed=false vehicleExit=false stoppedSince=1787725849365 stoppedDur=405855ms phase=Candidate(highReachedAt=1787726151235, hadVehicleExit=false, shownAt=1787726038273)
08-26 08:37:35.242 D PARKDIAG/Coord:   ⏳ CANDIDATE phase — elapsed=103985ms steps=0/8 → decision=Inconclusive
08-26 08:37:41.274 D PARKDIAG/Coord: ─ loc#103 lat=36.6084007 lon=-6.2782162 speed=0.040329494m/s acc=3.247m sessionAge=428124ms
08-26 08:37:41.279 D PARKDIAG/Coord:   state hasEverMoved=false hasEverReachedDrivingSpeed=true userConfirmed=false vehicleExit=false stoppedSince=1787725849365 stoppedDur=411906ms phase=Candidate(highReachedAt=1787726151235, hadVehicleExit=false, shownAt=1787726038273)
08-26 08:37:41.283 D PARKDIAG/Coord:   ⏳ CANDIDATE phase — elapsed=110036ms steps=0/8 → decision=Inconclusive
08-26 08:37:43.912 D PARKDIAG/Coord: ─ loc#104 lat=36.6084008 lon=-6.2782151 speed=0.03117419m/s acc=3.264m sessionAge=430764ms
08-26 08:37:43.919 D PARKDIAG/Coord:   state hasEverMoved=false hasEverReachedDrivingSpeed=true userConfirmed=false vehicleExit=false stoppedSince=1787725849365 stoppedDur=414546ms phase=Candidate(highReachedAt=1787726151235, hadVehicleExit=false, shownAt=1787726038273)
08-26 08:37:43.925 D PARKDIAG/Coord:   ⏳ CANDIDATE phase — elapsed=112676ms steps=0/8 → decision=Inconclusive
08-26 08:37:46.289 D PARKDIAG/Coord: ─ loc#105 lat=36.6084024 lon=-6.2782126 speed=0.030753495m/s acc=3.285m sessionAge=433140ms
08-26 08:37:46.296 D PARKDIAG/Coord:   state hasEverMoved=false hasEverReachedDrivingSpeed=true userConfirmed=false vehicleExit=false stoppedSince=1787725849365 stoppedDur=416922ms phase=Candidate(highReachedAt=1787726151235, hadVehicleExit=false, shownAt=1787726038273)
08-26 08:37:46.302 D PARKDIAG/Coord:   ⏳ CANDIDATE phase — elapsed=115052ms steps=0/8 → decision=Inconclusive
08-26 08:37:51.285 D PARKDIAG/Coord: ─ loc#106 lat=36.6084024 lon=-6.2782125 speed=0.054674078m/s acc=3.442m sessionAge=438136ms
08-26 08:37:51.291 D PARKDIAG/Coord:   state hasEverMoved=false hasEverReachedDrivingSpeed=true userConfirmed=false vehicleExit=false stoppedSince=1787725849365 stoppedDur=421918ms phase=Candidate(highReachedAt=1787726151235, hadVehicleExit=false, shownAt=1787726038273)
08-26 08:37:51.298 D PARKDIAG/Coord:   ⏳ CANDIDATE phase — elapsed=120048ms steps=0/8 → decision=Inconclusive
08-26 08:37:56.280 D PARKDIAG/Coord: ─ loc#107 lat=36.608405 lon=-6.2782087 speed=0.053023607m/s acc=3.598m sessionAge=443132ms
08-26 08:37:56.285 D PARKDIAG/Coord:   state hasEverMoved=false hasEverReachedDrivingSpeed=true userConfirmed=false vehicleExit=false stoppedSince=1787725849365 stoppedDur=426914ms phase=Candidate(highReachedAt=1787726151235, hadVehicleExit=false, shownAt=1787726038273)
08-26 08:37:56.291 D PARKDIAG/Coord:   ⏳ CANDIDATE phase — elapsed=125044ms steps=0/8 → decision=Inconclusive
08-26 08:38:01.106 D PARKDIAG/Coord: ─ loc#108 lat=36.608405 lon=-6.2782092 speed=0.04788172m/s acc=3.638m sessionAge=447958ms
08-26 08:38:01.119 D PARKDIAG/Coord:   state hasEverMoved=false hasEverReachedDrivingSpeed=true userConfirmed=false vehicleExit=false stoppedSince=1787725849365 stoppedDur=431740ms phase=Candidate(highReachedAt=1787726151235, hadVehicleExit=false, shownAt=1787726038273)
08-26 08:38:01.127 D PARKDIAG/Coord:   ⏳ CANDIDATE phase — elapsed=129870ms steps=0/8 → decision=Inconclusive
08-26 08:38:06.279 D PARKDIAG/Coord: ─ loc#109 lat=36.6084074 lon=-6.2782071 speed=0.051745538m/s acc=3.536m sessionAge=453125ms
08-26 08:38:06.287 D PARKDIAG/Coord:   state hasEverMoved=false hasEverReachedDrivingSpeed=true userConfirmed=false vehicleExit=false stoppedSince=1787725849365 stoppedDur=436907ms phase=Candidate(highReachedAt=1787726151235, hadVehicleExit=false, shownAt=1787726038273)
08-26 08:38:06.294 D PARKDIAG/Coord:   ⏳ CANDIDATE phase — elapsed=135037ms steps=0/8 → decision=Inconclusive
08-26 08:38:09.723 D PARKDIAG/Coord: ─ loc#110 lat=36.6084076 lon=-6.2782076 speed=0.045104727m/s acc=3.518m sessionAge=456575ms
08-26 08:38:09.731 D PARKDIAG/Coord:   state hasEverMoved=false hasEverReachedDrivingSpeed=true userConfirmed=false vehicleExit=false stoppedSince=1787725849365 stoppedDur=440357ms phase=Candidate(highReachedAt=1787726151235, hadVehicleExit=false, shownAt=1787726038273)
08-26 08:38:09.742 D PARKDIAG/Coord:   ⏳ CANDIDATE phase — elapsed=138487ms steps=0/8 → decision=Inconclusive
08-26 08:38:16.266 D PARKDIAG/Coord: ─ loc#111 lat=36.6084098 lon=-6.278205 speed=0.045942806m/s acc=3.508m sessionAge=463118ms
08-26 08:38:16.277 D PARKDIAG/Coord:   state hasEverMoved=false hasEverReachedDrivingSpeed=true userConfirmed=false vehicleExit=false stoppedSince=1787725849365 stoppedDur=446900ms phase=Candidate(highReachedAt=1787726151235, hadVehicleExit=false, shownAt=1787726038273)
08-26 08:38:16.288 D PARKDIAG/Coord:   ⏳ CANDIDATE phase — elapsed=145030ms steps=0/8 → decision=Inconclusive
08-26 08:38:18.342 D PARKDIAG/Coord: ─ loc#112 lat=36.6084097 lon=-6.2782053 speed=0.04475066m/s acc=3.465m sessionAge=465194ms
08-26 08:38:18.347 D PARKDIAG/Coord:   state hasEverMoved=false hasEverReachedDrivingSpeed=true userConfirmed=false vehicleExit=false stoppedSince=1787725849365 stoppedDur=448976ms phase=Candidate(highReachedAt=1787726151235, hadVehicleExit=false, shownAt=1787726038273)
08-26 08:38:18.362 D PARKDIAG/Coord:   ⏳ CANDIDATE phase — elapsed=147106ms steps=0/8 → decision=Inconclusive
08-26 08:38:21.280 D PARKDIAG/Coord: ─ loc#113 lat=36.6084106 lon=-6.2782036 speed=0.04716096m/s acc=3.481m sessionAge=468131ms
08-26 08:38:21.286 D PARKDIAG/Coord:   state hasEverMoved=false hasEverReachedDrivingSpeed=true userConfirmed=false vehicleExit=false stoppedSince=1787725849365 stoppedDur=451913ms phase=Candidate(highReachedAt=1787726151235, hadVehicleExit=false, shownAt=1787726038273)
08-26 08:38:21.295 D PARKDIAG/Coord:   ⏳ CANDIDATE phase — elapsed=150043ms steps=0/8 → decision=Inconclusive
08-26 08:38:26.274 D PARKDIAG/Coord: ─ loc#114 lat=36.6084102 lon=-6.278205 speed=0.04291633m/s acc=3.571m sessionAge=473126ms
08-26 08:38:26.283 D PARKDIAG/Coord:   state hasEverMoved=false hasEverReachedDrivingSpeed=true userConfirmed=false vehicleExit=false stoppedSince=1787725849365 stoppedDur=456908ms phase=Candidate(highReachedAt=1787726151235, hadVehicleExit=false, shownAt=1787726038273)
08-26 08:38:26.290 D PARKDIAG/Coord:   ⏳ CANDIDATE phase — elapsed=155038ms steps=0/8 → decision=Inconclusive
08-26 08:38:31.274 D PARKDIAG/Coord: ─ loc#115 lat=36.6084112 lon=-6.2782039 speed=0.047485627m/s acc=3.639m sessionAge=478124ms
08-26 08:38:31.282 D PARKDIAG/Coord:   state hasEverMoved=false hasEverReachedDrivingSpeed=true userConfirmed=false vehicleExit=false stoppedSince=1787725849365 stoppedDur=461906ms phase=Candidate(highReachedAt=1787726151235, hadVehicleExit=false, shownAt=1787726038273)
08-26 08:38:31.289 D PARKDIAG/Coord:   ⏳ CANDIDATE phase — elapsed=160036ms steps=0/8 → decision=Inconclusive
08-26 08:38:35.500 D PARKDIAG/Coord: ─ loc#116 lat=36.6084104 lon=-6.2782041 speed=0.052045293m/s acc=3.643m sessionAge=482353ms
08-26 08:38:35.504 D PARKDIAG/Coord:   state hasEverMoved=false hasEverReachedDrivingSpeed=true userConfirmed=false vehicleExit=false stoppedSince=1787725849365 stoppedDur=466135ms phase=Candidate(highReachedAt=1787726151235, hadVehicleExit=false, shownAt=1787726038273)
08-26 08:38:35.510 D PARKDIAG/Coord:   ⏳ CANDIDATE phase — elapsed=164265ms steps=0/8 → decision=Inconclusive
08-26 08:38:41.260 D PARKDIAG/Coord: ─ loc#117 lat=36.6084113 lon=-6.2782019 speed=0.048214413m/s acc=3.677m sessionAge=488112ms
08-26 08:38:41.268 D PARKDIAG/Coord:   state hasEverMoved=false hasEverReachedDrivingSpeed=true userConfirmed=false vehicleExit=false stoppedSince=1787725849365 stoppedDur=471894ms phase=Candidate(highReachedAt=1787726151235, hadVehicleExit=false, shownAt=1787726038273)
08-26 08:38:41.276 D PARKDIAG/Coord:   ⏳ CANDIDATE phase — elapsed=170024ms steps=0/8 → decision=Inconclusive
08-26 08:38:44.146 D PARKDIAG/Coord: ─ loc#118 lat=36.6084107 lon=-6.2782021 speed=0.045976758m/s acc=3.704m sessionAge=490999ms
08-26 08:38:44.155 D PARKDIAG/Coord:   state hasEverMoved=false hasEverReachedDrivingSpeed=true userConfirmed=false vehicleExit=false stoppedSince=1787725849365 stoppedDur=474781ms phase=Candidate(highReachedAt=1787726151235, hadVehicleExit=false, shownAt=1787726038273)
08-26 08:38:44.161 D PARKDIAG/Coord:   ⏳ CANDIDATE phase — elapsed=172911ms steps=0/8 → decision=Inconclusive
08-26 08:38:46.284 D PARKDIAG/Coord: ─ loc#119 lat=36.608411 lon=-6.2782007 speed=0.046975847m/s acc=3.713m sessionAge=493131ms
08-26 08:38:46.295 D PARKDIAG/Coord:   state hasEverMoved=false hasEverReachedDrivingSpeed=true userConfirmed=false vehicleExit=false stoppedSince=1787725849365 stoppedDur=476913ms phase=Candidate(highReachedAt=1787726151235, hadVehicleExit=false, shownAt=1787726038273)
08-26 08:38:46.303 D PARKDIAG/Coord:   ⏳ CANDIDATE phase — elapsed=175043ms steps=0/8 → decision=Inconclusive
08-26 08:38:51.281 D PARKDIAG/Coord: ─ loc#120 lat=36.6084102 lon=-6.2782015 speed=0.051457465m/s acc=3.77m sessionAge=498133ms
08-26 08:38:51.288 D PARKDIAG/Coord:   state hasEverMoved=false hasEverReachedDrivingSpeed=true userConfirmed=false vehicleExit=false stoppedSince=1787725849365 stoppedDur=481915ms phase=Candidate(highReachedAt=1787726151235, hadVehicleExit=false, shownAt=1787726038273)
08-26 08:38:51.292 D PARKDIAG/Coord:   ⏳ CANDIDATE phase — elapsed=180045ms steps=0/8 → decision=Inconclusive
08-26 08:38:56.288 D PARKDIAG/Coord: ─ loc#121 lat=36.6084107 lon=-6.2782 speed=0.057078227m/s acc=3.805m sessionAge=503140ms
08-26 08:38:56.294 D PARKDIAG/Coord:   state hasEverMoved=false hasEverReachedDrivingSpeed=true userConfirmed=false vehicleExit=false stoppedSince=1787725849365 stoppedDur=486922ms phase=Candidate(highReachedAt=1787726151235, hadVehicleExit=false, shownAt=1787726038273)
08-26 08:38:56.305 D PARKDIAG/Coord:   ⏳ CANDIDATE phase — elapsed=185052ms steps=0/8 → decision=Inconclusive
08-26 08:39:01.262 D PARKDIAG/Coord: ─ loc#122 lat=36.6084105 lon=-6.2782006 speed=0.035918143m/s acc=3.741m sessionAge=508112ms
08-26 08:39:01.268 D PARKDIAG/Coord:   state hasEverMoved=false hasEverReachedDrivingSpeed=true userConfirmed=false vehicleExit=false stoppedSince=1787725849365 stoppedDur=491894ms phase=Candidate(highReachedAt=1787726151235, hadVehicleExit=false, shownAt=1787726038273)
08-26 08:39:01.277 D PARKDIAG/Coord:   ⏳ CANDIDATE phase — elapsed=190024ms steps=0/8 → decision=Inconclusive
08-26 08:39:06.279 D PARKDIAG/Coord: ─ loc#123 lat=36.6084096 lon=-6.2781992 speed=0.05144408m/s acc=3.647m sessionAge=513131ms
08-26 08:39:06.290 D PARKDIAG/Coord:   state hasEverMoved=false hasEverReachedDrivingSpeed=true userConfirmed=false vehicleExit=false stoppedSince=1787725849365 stoppedDur=496913ms phase=Candidate(highReachedAt=1787726151235, hadVehicleExit=false, shownAt=1787726038273)
08-26 08:39:06.298 D PARKDIAG/Coord:   ⏳ CANDIDATE phase — elapsed=195043ms steps=0/8 → decision=Inconclusive
08-26 08:39:09.942 D PARKDIAG/Coord: ─ loc#124 lat=36.6084093 lon=-6.2781994 speed=0.046709027m/s acc=3.614m sessionAge=516794ms
08-26 08:39:09.957 D PARKDIAG/Coord:   state hasEverMoved=false hasEverReachedDrivingSpeed=true userConfirmed=false vehicleExit=false stoppedSince=1787725849365 stoppedDur=500576ms phase=Candidate(highReachedAt=1787726151235, hadVehicleExit=false, shownAt=1787726038273)
08-26 08:39:09.962 D PARKDIAG/Coord:   ⏳ CANDIDATE phase — elapsed=198706ms steps=0/8 → decision=Inconclusive
08-26 08:39:16.263 D PARKDIAG/Coord: ─ loc#125 lat=36.6084113 lon=-6.2781977 speed=0.048788093m/s acc=3.551m sessionAge=523115ms
08-26 08:39:16.268 D PARKDIAG/Coord:   state hasEverMoved=false hasEverReachedDrivingSpeed=true userConfirmed=false vehicleExit=false stoppedSince=1787725849365 stoppedDur=506897ms phase=Candidate(highReachedAt=1787726151235, hadVehicleExit=false, shownAt=1787726038273)
08-26 08:39:16.273 D PARKDIAG/Coord:   ⏳ CANDIDATE phase — elapsed=205027ms steps=0/8 → decision=Inconclusive
08-26 08:39:18.484 D PARKDIAG/Coord: ─ loc#126 lat=36.608411 lon=-6.2781983 speed=0.055227656m/s acc=3.498m sessionAge=525336ms
08-26 08:39:18.490 D PARKDIAG/Coord:   state hasEverMoved=false hasEverReachedDrivingSpeed=true userConfirmed=false vehicleExit=false stoppedSince=1787725849365 stoppedDur=509118ms phase=Candidate(highReachedAt=1787726151235, hadVehicleExit=false, shownAt=1787726038273)
08-26 08:39:18.503 D PARKDIAG/Coord:   ⏳ CANDIDATE phase — elapsed=207248ms steps=0/8 → decision=Inconclusive
08-26 08:39:21.282 D PARKDIAG/Coord: ─ loc#127 lat=36.6084117 lon=-6.2781979 speed=0.056491755m/s acc=3.538m sessionAge=528135ms
08-26 08:39:21.290 D PARKDIAG/Coord:   state hasEverMoved=false hasEverReachedDrivingSpeed=true userConfirmed=false vehicleExit=false stoppedSince=1787725849365 stoppedDur=511917ms phase=Candidate(highReachedAt=1787726151235, hadVehicleExit=false, shownAt=1787726038273)
08-26 08:39:21.297 D PARKDIAG/Coord:   ⏳ CANDIDATE phase — elapsed=210047ms steps=0/8 → decision=Inconclusive
08-26 08:39:26.249 D PARKDIAG/Coord: ─ loc#128 lat=36.6084116 lon=-6.2781983 speed=0.049322575m/s acc=3.668m sessionAge=533101ms
08-26 08:39:26.254 D PARKDIAG/Coord:   state hasEverMoved=false hasEverReachedDrivingSpeed=true userConfirmed=false vehicleExit=false stoppedSince=1787725849365 stoppedDur=516883ms phase=Candidate(highReachedAt=1787726151235, hadVehicleExit=false, shownAt=1787726038273)
08-26 08:39:26.258 D PARKDIAG/Coord:   ⏳ CANDIDATE phase — elapsed=215013ms steps=0/8 → decision=Inconclusive
08-26 08:39:28.273 D PARKDIAG/Coord: ─ loc#129 lat=36.6084103 lon=-6.2782009 speed=0.054755293m/s acc=3.472m sessionAge=535124ms
08-26 08:39:28.278 D PARKDIAG/Coord:   state hasEverMoved=false hasEverReachedDrivingSpeed=true userConfirmed=false vehicleExit=false stoppedSince=1787725849365 stoppedDur=518906ms phase=Candidate(highReachedAt=1787726151235, hadVehicleExit=false, shownAt=1787726038273)
08-26 08:39:28.284 D PARKDIAG/Coord:   ⏳ CANDIDATE phase — elapsed=217036ms steps=0/8 → decision=Inconclusive
08-26 08:39:30.272 D PARKDIAG/Coord: ─ loc#130 lat=36.6084056 lon=-6.2782078 speed=0.04942753m/s acc=3.424m sessionAge=537124ms
08-26 08:39:30.281 D PARKDIAG/Coord:   state hasEverMoved=false hasEverReachedDrivingSpeed=true userConfirmed=false vehicleExit=false stoppedSince=1787725849365 stoppedDur=520906ms phase=Candidate(highReachedAt=1787726151235, hadVehicleExit=false, shownAt=1787726038273)
08-26 08:39:30.288 D PARKDIAG/Coord:   ⏳ CANDIDATE phase — elapsed=219036ms steps=0/8 → decision=Inconclusive
08-26 08:39:32.277 D PARKDIAG/Coord: ─ loc#131 lat=36.6083988 lon=-6.2782138 speed=0.050382122m/s acc=3.353m sessionAge=539130ms
08-26 08:39:32.287 D PARKDIAG/Coord:   state hasEverMoved=false hasEverReachedDrivingSpeed=true userConfirmed=false vehicleExit=false stoppedSince=1787725849365 stoppedDur=522912ms phase=Candidate(highReachedAt=1787726151235, hadVehicleExit=false, shownAt=1787726038273)
08-26 08:39:32.296 D PARKDIAG/Coord:   ⏳ CANDIDATE phase — elapsed=221042ms steps=0/8 → decision=Inconclusive
08-26 08:39:34.277 D PARKDIAG/Coord: ─ loc#132 lat=36.608394 lon=-6.2782193 speed=0.0425846m/s acc=3.292m sessionAge=541128ms
08-26 08:39:34.283 D PARKDIAG/Coord:   state hasEverMoved=false hasEverReachedDrivingSpeed=true userConfirmed=false vehicleExit=false stoppedSince=1787725849365 stoppedDur=524910ms phase=Candidate(highReachedAt=1787726151235, hadVehicleExit=false, shownAt=1787726038273)
08-26 08:39:34.289 D PARKDIAG/Coord:   ⏳ CANDIDATE phase — elapsed=223040ms steps=0/8 → decision=Inconclusive
08-26 08:39:36.273 D PARKDIAG/Coord: ─ loc#133 lat=36.6083908 lon=-6.2782219 speed=0.039230075m/s acc=3.152m sessionAge=543126ms
08-26 08:39:36.277 D PARKDIAG/Coord:   state hasEverMoved=false hasEverReachedDrivingSpeed=true userConfirmed=false vehicleExit=false stoppedSince=1787725849365 stoppedDur=526908ms phase=Candidate(highReachedAt=1787726151235, hadVehicleExit=false, shownAt=1787726038273)
08-26 08:39:36.286 D PARKDIAG/Coord:   ⏳ CANDIDATE phase — elapsed=225038ms steps=0/8 → decision=Inconclusive
08-26 08:39:41.288 D PARKDIAG/Coord: ─ loc#134 lat=36.6083886 lon=-6.2782241 speed=0.04709713m/s acc=3.0m sessionAge=548140ms
08-26 08:39:41.292 D PARKDIAG/Coord:   state hasEverMoved=false hasEverReachedDrivingSpeed=true userConfirmed=false vehicleExit=false stoppedSince=1787725849365 stoppedDur=531922ms phase=Candidate(highReachedAt=1787726151235, hadVehicleExit=false, shownAt=1787726038273)
08-26 08:39:41.296 D PARKDIAG/Coord:   ⏳ CANDIDATE phase — elapsed=230052ms steps=0/8 → decision=Inconclusive
08-26 08:39:44.322 D PARKDIAG/Coord: ─ loc#135 lat=36.6083874 lon=-6.2782256 speed=0.04635056m/s acc=3.0m sessionAge=551173ms
08-26 08:39:44.329 D PARKDIAG/Coord:   state hasEverMoved=false hasEverReachedDrivingSpeed=true userConfirmed=false vehicleExit=false stoppedSince=1787725849365 stoppedDur=534955ms phase=Candidate(highReachedAt=1787726151235, hadVehicleExit=false, shownAt=1787726038273)
08-26 08:39:44.334 D PARKDIAG/Coord:   ⏳ CANDIDATE phase — elapsed=233085ms steps=0/8 → decision=Inconclusive
08-26 08:39:46.294 D PARKDIAG/Coord: ─ loc#136 lat=36.6083892 lon=-6.2782239 speed=0.042189505m/s acc=3.0m sessionAge=553144ms
08-26 08:39:46.300 D PARKDIAG/Coord:   state hasEverMoved=false hasEverReachedDrivingSpeed=true userConfirmed=false vehicleExit=false stoppedSince=1787725849365 stoppedDur=536926ms phase=Candidate(highReachedAt=1787726151235, hadVehicleExit=false, shownAt=1787726038273)
08-26 08:39:46.306 D PARKDIAG/Coord:   ⏳ CANDIDATE phase — elapsed=235056ms steps=0/8 → decision=Inconclusive
08-26 08:39:51.281 D PARKDIAG/Coord: ─ loc#137 lat=36.6083881 lon=-6.2782259 speed=0.04848539m/s acc=3.038m sessionAge=558134ms
08-26 08:39:51.288 D PARKDIAG/Coord:   state hasEverMoved=false hasEverReachedDrivingSpeed=true userConfirmed=false vehicleExit=false stoppedSince=1787725849365 stoppedDur=541916ms phase=Candidate(highReachedAt=1787726151235, hadVehicleExit=false, shownAt=1787726038273)
08-26 08:39:51.294 D PARKDIAG/Coord:   ⏳ CANDIDATE phase — elapsed=240046ms steps=0/8 → decision=Inconclusive
08-26 08:39:56.285 D PARKDIAG/Coord: ─ loc#138 lat=36.6083893 lon=-6.2782265 speed=0.05176426m/s acc=3.042m sessionAge=563137ms
08-26 08:39:56.291 D PARKDIAG/Coord:   state hasEverMoved=false hasEverReachedDrivingSpeed=true userConfirmed=false vehicleExit=false stoppedSince=1787725849365 stoppedDur=546919ms phase=Candidate(highReachedAt=1787726151235, hadVehicleExit=false, shownAt=1787726038273)
08-26 08:39:56.298 D PARKDIAG/Coord:   ⏳ CANDIDATE phase — elapsed=245049ms steps=0/8 → decision=Inconclusive
08-26 08:40:01.289 D PARKDIAG/Coord: ─ loc#139 lat=36.608388 lon=-6.2782287 speed=0.04684604m/s acc=3.087m sessionAge=568140ms
08-26 08:40:01.299 D PARKDIAG/Coord:   state hasEverMoved=false hasEverReachedDrivingSpeed=true userConfirmed=false vehicleExit=false stoppedSince=1787725849365 stoppedDur=551922ms phase=Candidate(highReachedAt=1787726151235, hadVehicleExit=false, shownAt=1787726038273)
08-26 08:40:01.304 D PARKDIAG/Coord:   ⏳ CANDIDATE phase — elapsed=250052ms steps=0/8 → decision=Inconclusive
08-26 08:40:06.294 D PARKDIAG/Coord: ─ loc#140 lat=36.6083881 lon=-6.2782283 speed=0.04227695m/s acc=3.161m sessionAge=573145ms
08-26 08:40:06.302 D PARKDIAG/Coord:   state hasEverMoved=false hasEverReachedDrivingSpeed=true userConfirmed=false vehicleExit=false stoppedSince=1787725849365 stoppedDur=556927ms phase=Candidate(highReachedAt=1787726151235, hadVehicleExit=false, shownAt=1787726038273)
08-26 08:40:06.310 D PARKDIAG/Coord:   ⏳ CANDIDATE phase — elapsed=255057ms steps=0/8 → decision=Inconclusive
08-26 08:40:10.147 D PARKDIAG/Coord: ─ loc#141 lat=36.6083866 lon=-6.2782294 speed=0.043983784m/s acc=3.092m sessionAge=576999ms
08-26 08:40:10.158 D PARKDIAG/Coord:   state hasEverMoved=false hasEverReachedDrivingSpeed=true userConfirmed=false vehicleExit=false stoppedSince=1787725849365 stoppedDur=560781ms phase=Candidate(highReachedAt=1787726151235, hadVehicleExit=false, shownAt=1787726038273)
08-26 08:40:10.168 D PARKDIAG/Coord:   ⏳ CANDIDATE phase — elapsed=258911ms steps=0/8 → decision=Inconclusive
08-26 08:40:16.267 D PARKDIAG/Coord: ─ loc#142 lat=36.6083864 lon=-6.278229 speed=0.043470412m/s acc=3.101m sessionAge=583119ms
08-26 08:40:16.272 D PARKDIAG/Coord:   state hasEverMoved=false hasEverReachedDrivingSpeed=true userConfirmed=false vehicleExit=false stoppedSince=1787725849365 stoppedDur=566901ms phase=Candidate(highReachedAt=1787726151235, hadVehicleExit=false, shownAt=1787726038273)
08-26 08:40:16.280 D PARKDIAG/Coord:   ⏳ CANDIDATE phase — elapsed=265031ms steps=0/8 → decision=Inconclusive
08-26 08:40:18.757 D PARKDIAG/Coord: ─ loc#143 lat=36.6083859 lon=-6.27823 speed=0.0533305m/s acc=3.113m sessionAge=585609ms
08-26 08:40:18.763 D PARKDIAG/Coord:   state hasEverMoved=false hasEverReachedDrivingSpeed=true userConfirmed=false vehicleExit=false stoppedSince=1787725849365 stoppedDur=569391ms phase=Candidate(highReachedAt=1787726151235, hadVehicleExit=false, shownAt=1787726038273)
08-26 08:40:18.769 D PARKDIAG/Coord:   ⏳ CANDIDATE phase — elapsed=267521ms steps=0/8 → decision=Inconclusive
08-26 08:40:21.274 D PARKDIAG/Coord: ─ loc#144 lat=36.6083876 lon=-6.2782286 speed=0.054167267m/s acc=3.157m sessionAge=588126ms
08-26 08:40:21.284 D PARKDIAG/Coord:   state hasEverMoved=false hasEverReachedDrivingSpeed=true userConfirmed=false vehicleExit=false stoppedSince=1787725849365 stoppedDur=571908ms phase=Candidate(highReachedAt=1787726151235, hadVehicleExit=false, shownAt=1787726038273)
08-26 08:40:21.290 D PARKDIAG/Coord:   ⏳ CANDIDATE phase — elapsed=270038ms steps=0/8 → decision=Inconclusive
08-26 08:40:26.293 D PARKDIAG/Coord: ─ loc#145 lat=36.6083881 lon=-6.2782294 speed=0.051258784m/s acc=3.238m sessionAge=593145ms
08-26 08:40:26.303 D PARKDIAG/Coord:   state hasEverMoved=false hasEverReachedDrivingSpeed=true userConfirmed=false vehicleExit=false stoppedSince=1787725849365 stoppedDur=576927ms phase=Candidate(highReachedAt=1787726151235, hadVehicleExit=false, shownAt=1787726038273)
08-26 08:40:26.313 D PARKDIAG/Coord:   ⏳ CANDIDATE phase — elapsed=275057ms steps=0/8 → decision=Inconclusive
08-26 08:40:31.284 D PARKDIAG/Coord: ─ loc#146 lat=36.6083898 lon=-6.2782284 speed=0.053817082m/s acc=3.203m sessionAge=598136ms
08-26 08:40:31.290 D PARKDIAG/Coord:   state hasEverMoved=false hasEverReachedDrivingSpeed=true userConfirmed=false vehicleExit=false stoppedSince=1787725849365 stoppedDur=581918ms phase=Candidate(highReachedAt=1787726151235, hadVehicleExit=false, shownAt=1787726038273)
08-26 08:40:31.299 D PARKDIAG/Coord:   ⏳ CANDIDATE phase — elapsed=280048ms steps=0/8 → decision=Inconclusive
08-26 08:40:35.956 D PARKDIAG/Coord: ─ loc#147 lat=36.6083905 lon=-6.2782286 speed=0.05708697m/s acc=3.25m sessionAge=602805ms
08-26 08:40:35.966 D PARKDIAG/Coord:   state hasEverMoved=false hasEverReachedDrivingSpeed=true userConfirmed=false vehicleExit=false stoppedSince=1787725849365 stoppedDur=586587ms phase=Candidate(highReachedAt=1787726151235, hadVehicleExit=false, shownAt=1787726038273)
08-26 08:40:35.972 D PARKDIAG/Coord:   ⏳ CANDIDATE phase — elapsed=284717ms steps=0/8 → decision=Inconclusive
08-26 08:40:41.277 D PARKDIAG/Coord: ─ loc#148 lat=36.6083913 lon=-6.2782275 speed=0.047064263m/s acc=3.284m sessionAge=608127ms
08-26 08:40:41.283 D PARKDIAG/Coord:   state hasEverMoved=false hasEverReachedDrivingSpeed=true userConfirmed=false vehicleExit=false stoppedSince=1787725849365 stoppedDur=591909ms phase=Candidate(highReachedAt=1787726151235, hadVehicleExit=false, shownAt=1787726038273)
08-26 08:40:41.289 D PARKDIAG/Coord:   ⏳ CANDIDATE phase — elapsed=290039ms steps=0/8 → decision=Inconclusive
08-26 08:40:44.543 D PARKDIAG/Coord: ─ loc#149 lat=36.6083919 lon=-6.2782279 speed=0.045851886m/s acc=3.302m sessionAge=611395ms
08-26 08:40:44.548 D PARKDIAG/Coord:   state hasEverMoved=false hasEverReachedDrivingSpeed=true userConfirmed=false vehicleExit=false stoppedSince=1787725849365 stoppedDur=595177ms phase=Candidate(highReachedAt=1787726151235, hadVehicleExit=false, shownAt=1787726038273)
08-26 08:40:44.554 D PARKDIAG/Coord:   ⏳ CANDIDATE phase — elapsed=293307ms steps=0/8 → decision=Inconclusive
08-26 08:40:51.266 D PARKDIAG/Coord: ─ loc#150 lat=36.6083955 lon=-6.2782257 speed=0.05762248m/s acc=3.436m sessionAge=618116ms
08-26 08:40:51.277 D PARKDIAG/Coord:   state hasEverMoved=false hasEverReachedDrivingSpeed=true userConfirmed=false vehicleExit=false stoppedSince=1787725849365 stoppedDur=601898ms phase=Candidate(highReachedAt=1787726151235, hadVehicleExit=false, shownAt=1787726038273)
08-26 08:40:51.283 D PARKDIAG/Coord:   ⏳ CANDIDATE phase — elapsed=300028ms steps=0/8 → decision=Rejected
08-26 08:40:51.285 D PARKDIAG/Coord:   ⊘ CANDIDATE expired without egress proof — discarding, steps 0 kept but no longer fresh [BUG-GARAGE-COLA-001][DET-EVIDENCE-MUST-NOT-LOWER-CONFIDENCE-001]
08-26 08:40:53.162 D PARKDIAG/Coord: ─ loc#151 lat=36.6083957 lon=-6.2782266 speed=0.047029257m/s acc=3.431m sessionAge=620015ms
08-26 08:40:53.164 D PARKDIAG/Coord:   state hasEverMoved=false hasEverReachedDrivingSpeed=true userConfirmed=false vehicleExit=false stoppedSince=1787725849365 stoppedDur=603797ms phase=Notified(shownAt=1787726038273)
08-26 08:40:53.167 D PARKDIAG/Coord:   ⚖ scoring=High(score=0.8) (signals: speed=0.047029257 stopped=603797ms accuracy=3.431 exit=false)
08-26 08:40:53.168 D PARKDIAG/Coord:   ▶ HIGH reached after Notified(shownAt=1787726038273) — entering CANDIDATE phase (suppressing duplicate notif) [BUG-STUCK-SESSION]
08-26 08:40:56.293 D PARKDIAG/Coord: ─ loc#152 lat=36.6083969 lon=-6.278224 speed=0.042021938m/s acc=3.505m sessionAge=623145ms
08-26 08:40:56.302 D PARKDIAG/Coord:   state hasEverMoved=false hasEverReachedDrivingSpeed=true userConfirmed=false vehicleExit=false stoppedSince=1787725849365 stoppedDur=606927ms phase=Candidate(highReachedAt=1787726453162, hadVehicleExit=false, shownAt=1787726038273)
08-26 08:40:56.308 D PARKDIAG/Coord:   ⏳ CANDIDATE phase — elapsed=3130ms steps=0/8 → decision=Inconclusive
08-26 08:41:01.311 D PARKDIAG/Coord: ─ loc#153 lat=36.6083957 lon=-6.278224 speed=0.04430475m/s acc=3.478m sessionAge=628162ms
08-26 08:41:01.317 D PARKDIAG/Coord:   state hasEverMoved=false hasEverReachedDrivingSpeed=true userConfirmed=false vehicleExit=false stoppedSince=1787725849365 stoppedDur=611944ms phase=Candidate(highReachedAt=1787726453162, hadVehicleExit=false, shownAt=1787726038273)
08-26 08:41:01.322 D PARKDIAG/Coord:   ⏳ CANDIDATE phase — elapsed=8147ms steps=0/8 → decision=Inconclusive
08-26 08:41:06.274 D PARKDIAG/Coord: ─ loc#154 lat=36.6083969 lon=-6.2782217 speed=0.048365988m/s acc=3.412m sessionAge=633124ms
08-26 08:41:06.289 D PARKDIAG/Coord:   state hasEverMoved=false hasEverReachedDrivingSpeed=true userConfirmed=false vehicleExit=false stoppedSince=1787725849365 stoppedDur=616906ms phase=Candidate(highReachedAt=1787726453162, hadVehicleExit=false, shownAt=1787726038273)
08-26 08:41:06.295 D PARKDIAG/Coord:   ⏳ CANDIDATE phase — elapsed=13109ms steps=0/8 → decision=Inconclusive
08-26 08:41:10.354 D PARKDIAG/Coord: ─ loc#155 lat=36.6083965 lon=-6.2782211 speed=0.04741116m/s acc=3.349m sessionAge=637206ms
08-26 08:41:10.361 D PARKDIAG/Coord:   state hasEverMoved=false hasEverReachedDrivingSpeed=true userConfirmed=false vehicleExit=false stoppedSince=1787725849365 stoppedDur=620988ms phase=Candidate(highReachedAt=1787726453162, hadVehicleExit=false, shownAt=1787726038273)
08-26 08:41:10.365 D PARKDIAG/Coord:   ⏳ CANDIDATE phase — elapsed=17191ms steps=0/8 → decision=Inconclusive
08-26 08:41:16.273 D PARKDIAG/Coord: ─ loc#156 lat=36.6083984 lon=-6.278219 speed=0.05447616m/s acc=3.348m sessionAge=643124ms
08-26 08:41:16.283 D PARKDIAG/Coord:   state hasEverMoved=false hasEverReachedDrivingSpeed=true userConfirmed=false vehicleExit=false stoppedSince=1787725849365 stoppedDur=626906ms phase=Candidate(highReachedAt=1787726453162, hadVehicleExit=false, shownAt=1787726038273)
08-26 08:41:16.287 D PARKDIAG/Coord:   ⏳ CANDIDATE phase — elapsed=23109ms steps=0/8 → decision=Inconclusive
08-26 08:41:18.872 D PARKDIAG/Coord: ─ loc#157 lat=36.608398 lon=-6.2782192 speed=0.045403372m/s acc=3.319m sessionAge=645723ms
08-26 08:41:18.877 D PARKDIAG/Coord:   state hasEverMoved=false hasEverReachedDrivingSpeed=true userConfirmed=false vehicleExit=false stoppedSince=1787725849365 stoppedDur=629505ms phase=Candidate(highReachedAt=1787726453162, hadVehicleExit=false, shownAt=1787726038273)
08-26 08:41:18.884 D PARKDIAG/Coord:   ⏳ CANDIDATE phase — elapsed=25708ms steps=0/8 → decision=Inconclusive
08-26 08:41:21.290 D PARKDIAG/Coord: ─ loc#158 lat=36.608399 lon=-6.2782175 speed=0.046631917m/s acc=3.336m sessionAge=648142ms
08-26 08:41:21.295 D PARKDIAG/Coord:   state hasEverMoved=false hasEverReachedDrivingSpeed=true userConfirmed=false vehicleExit=false stoppedSince=1787725849365 stoppedDur=631924ms phase=Candidate(highReachedAt=1787726453162, hadVehicleExit=false, shownAt=1787726038273)
08-26 08:41:21.300 D PARKDIAG/Coord:   ⏳ CANDIDATE phase — elapsed=28127ms steps=0/8 → decision=Inconclusive
08-26 08:41:26.276 D PARKDIAG/Coord: ─ loc#159 lat=36.6083981 lon=-6.2782178 speed=0.039400026m/s acc=3.359m sessionAge=653128ms
08-26 08:41:26.286 D PARKDIAG/Coord:   state hasEverMoved=false hasEverReachedDrivingSpeed=true userConfirmed=false vehicleExit=false stoppedSince=1787725849365 stoppedDur=636910ms phase=Candidate(highReachedAt=1787726453162, hadVehicleExit=false, shownAt=1787726038273)
08-26 08:41:26.294 D PARKDIAG/Coord:   ⏳ CANDIDATE phase — elapsed=33113ms steps=0/8 → decision=Inconclusive
08-26 08:41:31.212 D PARKDIAG/Coord: ─ loc#160 lat=36.6083997 lon=-6.278217 speed=0.04445821m/s acc=3.338m sessionAge=658063ms
08-26 08:41:31.215 D PARKDIAG/Coord:   state hasEverMoved=false hasEverReachedDrivingSpeed=true userConfirmed=false vehicleExit=false stoppedSince=1787725849365 stoppedDur=641845ms phase=Candidate(highReachedAt=1787726453162, hadVehicleExit=false, shownAt=1787726038273)
08-26 08:41:31.219 D PARKDIAG/Coord:   ⏳ CANDIDATE phase — elapsed=38048ms steps=0/8 → decision=Inconclusive
08-26 08:41:36.177 D PARKDIAG/Coord: ─ loc#161 lat=36.6084 lon=-6.278217 speed=0.04926182m/s acc=3.406m sessionAge=663027ms
08-26 08:41:36.183 D PARKDIAG/Coord:   state hasEverMoved=false hasEverReachedDrivingSpeed=true userConfirmed=false vehicleExit=false stoppedSince=1787725849365 stoppedDur=646809ms phase=Candidate(highReachedAt=1787726453162, hadVehicleExit=false, shownAt=1787726038273)
08-26 08:41:36.188 D PARKDIAG/Coord:   ⏳ CANDIDATE phase — elapsed=43012ms steps=0/8 → decision=Inconclusive
08-26 08:41:41.274 D PARKDIAG/Coord: ─ loc#162 lat=36.6084015 lon=-6.278216 speed=0.05000418m/s acc=3.393m sessionAge=668125ms
08-26 08:41:41.281 D PARKDIAG/Coord:   state hasEverMoved=false hasEverReachedDrivingSpeed=true userConfirmed=false vehicleExit=false stoppedSince=1787725849365 stoppedDur=651907ms phase=Candidate(highReachedAt=1787726453162, hadVehicleExit=false, shownAt=1787726038273)
08-26 08:41:41.287 D PARKDIAG/Coord:   ⏳ CANDIDATE phase — elapsed=48110ms steps=0/8 → decision=Inconclusive
08-26 08:41:44.769 D PARKDIAG/Coord: ─ loc#163 lat=36.6084008 lon=-6.2782164 speed=0.051733922m/s acc=3.439m sessionAge=671621ms
08-26 08:41:44.775 D PARKDIAG/Coord:   state hasEverMoved=false hasEverReachedDrivingSpeed=true userConfirmed=false vehicleExit=false stoppedSince=1787725849365 stoppedDur=655403ms phase=Candidate(highReachedAt=1787726453162, hadVehicleExit=false, shownAt=1787726038273)
08-26 08:41:44.782 D PARKDIAG/Coord:   ⏳ CANDIDATE phase — elapsed=51606ms steps=0/8 → decision=Inconclusive
08-26 08:41:51.275 D PARKDIAG/Coord: ─ loc#164 lat=36.608402 lon=-6.2782155 speed=0.053361855m/s acc=3.56m sessionAge=678127ms
08-26 08:41:51.280 D PARKDIAG/Coord:   state hasEverMoved=false hasEverReachedDrivingSpeed=true userConfirmed=false vehicleExit=false stoppedSince=1787725849365 stoppedDur=661909ms phase=Candidate(highReachedAt=1787726453162, hadVehicleExit=false, shownAt=1787726038273)
08-26 08:41:51.283 D PARKDIAG/Coord:   ⏳ CANDIDATE phase — elapsed=58112ms steps=0/8 → decision=Inconclusive
08-26 08:41:53.362 D PARKDIAG/Coord: ─ loc#165 lat=36.6084016 lon=-6.2782156 speed=0.055935472m/s acc=3.632m sessionAge=680215ms
08-26 08:41:53.376 D PARKDIAG/Coord:   state hasEverMoved=false hasEverReachedDrivingSpeed=true userConfirmed=false vehicleExit=false stoppedSince=1787725849365 stoppedDur=663997ms phase=Candidate(highReachedAt=1787726453162, hadVehicleExit=false, shownAt=1787726038273)
08-26 08:41:53.382 D PARKDIAG/Coord:   ⏳ CANDIDATE phase — elapsed=60200ms steps=0/8 → decision=Inconclusive
08-26 08:41:56.264 D PARKDIAG/Coord: ─ loc#166 lat=36.6084051 lon=-6.2782115 speed=0.06109773m/s acc=3.664m sessionAge=683113ms
08-26 08:41:56.269 D PARKDIAG/Coord:   state hasEverMoved=false hasEverReachedDrivingSpeed=true userConfirmed=false vehicleExit=false stoppedSince=1787725849365 stoppedDur=666895ms phase=Candidate(highReachedAt=1787726453162, hadVehicleExit=false, shownAt=1787726038273)
08-26 08:41:56.274 D PARKDIAG/Coord:   ⏳ CANDIDATE phase — elapsed=63098ms steps=0/8 → decision=Inconclusive
08-26 08:42:01.271 D PARKDIAG/Coord: ─ loc#167 lat=36.6084042 lon=-6.2782124 speed=0.048287373m/s acc=3.695m sessionAge=688121ms
08-26 08:42:01.275 D PARKDIAG/Coord:   state hasEverMoved=false hasEverReachedDrivingSpeed=true userConfirmed=false vehicleExit=false stoppedSince=1787725849365 stoppedDur=671903ms phase=Candidate(highReachedAt=1787726453162, hadVehicleExit=false, shownAt=1787726038273)
08-26 08:42:01.281 D PARKDIAG/Coord:   ⏳ CANDIDATE phase — elapsed=68106ms steps=0/8 → decision=Inconclusive
08-26 08:42:06.279 D PARKDIAG/Coord: ─ loc#168 lat=36.6084049 lon=-6.278212 speed=0.0498423m/s acc=3.61m sessionAge=693128ms
08-26 08:42:06.289 D PARKDIAG/Coord:   state hasEverMoved=false hasEverReachedDrivingSpeed=true userConfirmed=false vehicleExit=false stoppedSince=1787725849365 stoppedDur=676910ms phase=Candidate(highReachedAt=1787726453162, hadVehicleExit=false, shownAt=1787726038273)
08-26 08:42:06.295 D PARKDIAG/Coord:   ⏳ CANDIDATE phase — elapsed=73113ms steps=0/8 → decision=Inconclusive
08-26 08:42:10.554 D PARKDIAG/Coord: ─ loc#169 lat=36.6084043 lon=-6.2782124 speed=0.04641084m/s acc=3.612m sessionAge=697402ms
08-26 08:42:10.562 D PARKDIAG/Coord:   state hasEverMoved=false hasEverReachedDrivingSpeed=true userConfirmed=false vehicleExit=false stoppedSince=1787725849365 stoppedDur=681184ms phase=Candidate(highReachedAt=1787726453162, hadVehicleExit=false, shownAt=1787726038273)
08-26 08:42:10.566 D PARKDIAG/Coord:   ⏳ CANDIDATE phase — elapsed=77387ms steps=0/8 → decision=Inconclusive
08-26 08:42:16.294 D PARKDIAG/Coord: ─ loc#170 lat=36.6084049 lon=-6.2782116 speed=0.03815113m/s acc=3.536m sessionAge=703145ms
08-26 08:42:16.301 D PARKDIAG/Coord:   state hasEverMoved=false hasEverReachedDrivingSpeed=true userConfirmed=false vehicleExit=false stoppedSince=1787725849365 stoppedDur=686927ms phase=Candidate(highReachedAt=1787726453162, hadVehicleExit=false, shownAt=1787726038273)
08-26 08:42:16.309 D PARKDIAG/Coord:   ⏳ CANDIDATE phase — elapsed=83130ms steps=0/8 → decision=Inconclusive
08-26 08:42:19.183 D PARKDIAG/Coord: ─ loc#171 lat=36.6084038 lon=-6.2782122 speed=0.042861752m/s acc=3.375m sessionAge=706036ms
08-26 08:42:19.189 D PARKDIAG/Coord:   state hasEverMoved=false hasEverReachedDrivingSpeed=true userConfirmed=false vehicleExit=false stoppedSince=1787725849365 stoppedDur=689818ms phase=Candidate(highReachedAt=1787726453162, hadVehicleExit=false, shownAt=1787726038273)
08-26 08:42:19.199 D PARKDIAG/Coord:   ⏳ CANDIDATE phase — elapsed=86021ms steps=0/8 → decision=Inconclusive
08-26 08:42:21.274 D PARKDIAG/Coord: ─ loc#172 lat=36.6084048 lon=-6.278211 speed=0.04286408m/s acc=3.371m sessionAge=708126ms
08-26 08:42:21.279 D PARKDIAG/Coord:   state hasEverMoved=false hasEverReachedDrivingSpeed=true userConfirmed=false vehicleExit=false stoppedSince=1787725849365 stoppedDur=691908ms phase=Candidate(highReachedAt=1787726453162, hadVehicleExit=false, shownAt=1787726038273)
08-26 08:42:21.285 D PARKDIAG/Coord:   ⏳ CANDIDATE phase — elapsed=88111ms steps=0/8 → decision=Inconclusive
08-26 08:42:26.281 D PARKDIAG/Coord: ─ loc#173 lat=36.6084041 lon=-6.2782117 speed=0.04167736m/s acc=3.406m sessionAge=713131ms
08-26 08:42:26.286 D PARKDIAG/Coord:   state hasEverMoved=false hasEverReachedDrivingSpeed=true userConfirmed=false vehicleExit=false stoppedSince=1787725849365 stoppedDur=696913ms phase=Candidate(highReachedAt=1787726453162, hadVehicleExit=false, shownAt=1787726038273)
08-26 08:42:26.291 D PARKDIAG/Coord:   ⏳ CANDIDATE phase — elapsed=93116ms steps=0/8 → decision=Inconclusive
08-26 08:42:31.289 D PARKDIAG/Coord: ─ loc#174 lat=36.6084035 lon=-6.278211 speed=0.04080659m/s acc=3.442m sessionAge=718140ms
08-26 08:42:31.297 D PARKDIAG/Coord:   state hasEverMoved=false hasEverReachedDrivingSpeed=true userConfirmed=false vehicleExit=false stoppedSince=1787725849365 stoppedDur=701922ms phase=Candidate(highReachedAt=1787726453162, hadVehicleExit=false, shownAt=1787726038273)
08-26 08:42:31.304 D PARKDIAG/Coord:   ⏳ CANDIDATE phase — elapsed=98125ms steps=0/8 → decision=Inconclusive
08-26 08:42:36.229 D PARKDIAG/Coord: ─ loc#175 lat=36.6084026 lon=-6.278212 speed=0.056647815m/s acc=3.506m sessionAge=723081ms
08-26 08:42:36.233 D PARKDIAG/Coord:   state hasEverMoved=false hasEverReachedDrivingSpeed=true userConfirmed=false vehicleExit=false stoppedSince=1787725849365 stoppedDur=706863ms phase=Candidate(highReachedAt=1787726453162, hadVehicleExit=false, shownAt=1787726038273)
08-26 08:42:36.236 D PARKDIAG/Coord:   ⏳ CANDIDATE phase — elapsed=103066ms steps=0/8 → decision=Inconclusive
08-26 08:42:41.280 D PARKDIAG/Coord: ─ loc#176 lat=36.6084027 lon=-6.2782113 speed=0.055824596m/s acc=3.546m sessionAge=728132ms
08-26 08:42:41.294 D PARKDIAG/Coord:   state hasEverMoved=false hasEverReachedDrivingSpeed=true userConfirmed=false vehicleExit=false stoppedSince=1787725849365 stoppedDur=711914ms phase=Candidate(highReachedAt=1787726453162, hadVehicleExit=false, shownAt=1787726038273)
08-26 08:42:41.301 D PARKDIAG/Coord:   ⏳ CANDIDATE phase — elapsed=108117ms steps=0/8 → decision=Inconclusive
08-26 08:42:44.965 D PARKDIAG/Coord: ─ loc#177 lat=36.6084015 lon=-6.2782125 speed=0.04349308m/s acc=3.472m sessionAge=731817ms
08-26 08:42:44.969 D PARKDIAG/Coord:   state hasEverMoved=false hasEverReachedDrivingSpeed=true userConfirmed=false vehicleExit=false stoppedSince=1787725849365 stoppedDur=715599ms phase=Candidate(highReachedAt=1787726453162, hadVehicleExit=false, shownAt=1787726038273)
08-26 08:42:44.975 D PARKDIAG/Coord:   ⏳ CANDIDATE phase — elapsed=111802ms steps=0/8 → decision=Inconclusive
08-26 08:42:51.267 D PARKDIAG/Coord: ─ loc#178 lat=36.6084045 lon=-6.2782116 speed=0.045383126m/s acc=3.338m sessionAge=738119ms
08-26 08:42:51.271 D PARKDIAG/Coord:   state hasEverMoved=false hasEverReachedDrivingSpeed=true userConfirmed=false vehicleExit=false stoppedSince=1787725849365 stoppedDur=721901ms phase=Candidate(highReachedAt=1787726453162, hadVehicleExit=false, shownAt=1787726038273)
08-26 08:42:51.277 D PARKDIAG/Coord:   ⏳ CANDIDATE phase — elapsed=118104ms steps=0/8 → decision=Inconclusive
08-26 08:42:53.591 D PARKDIAG/Coord: ─ loc#179 lat=36.6084037 lon=-6.2782127 speed=0.041675087m/s acc=3.263m sessionAge=740443ms
08-26 08:42:53.599 D PARKDIAG/Coord:   state hasEverMoved=false hasEverReachedDrivingSpeed=true userConfirmed=false vehicleExit=false stoppedSince=1787725849365 stoppedDur=724225ms phase=Candidate(highReachedAt=1787726453162, hadVehicleExit=false, shownAt=1787726038273)
08-26 08:42:53.609 D PARKDIAG/Coord:   ⏳ CANDIDATE phase — elapsed=120428ms steps=0/8 → decision=Inconclusive
08-26 08:42:56.273 D PARKDIAG/Coord: ─ loc#180 lat=36.608407 lon=-6.2782109 speed=0.04417606m/s acc=3.225m sessionAge=743125ms
08-26 08:42:56.286 D PARKDIAG/Coord:   state hasEverMoved=false hasEverReachedDrivingSpeed=true userConfirmed=false vehicleExit=false stoppedSince=1787725849365 stoppedDur=726907ms phase=Candidate(highReachedAt=1787726453162, hadVehicleExit=false, shownAt=1787726038273)
08-26 08:42:56.292 D PARKDIAG/Coord:   ⏳ CANDIDATE phase — elapsed=123110ms steps=0/8 → decision=Inconclusive
08-26 08:43:01.267 D PARKDIAG/Coord: ─ loc#181 lat=36.6084068 lon=-6.278212 speed=0.042902835m/s acc=3.161m sessionAge=748119ms
08-26 08:43:01.273 D PARKDIAG/Coord:   state hasEverMoved=false hasEverReachedDrivingSpeed=true userConfirmed=false vehicleExit=false stoppedSince=1787725849365 stoppedDur=731901ms phase=Candidate(highReachedAt=1787726453162, hadVehicleExit=false, shownAt=1787726038273)
08-26 08:43:01.278 D PARKDIAG/Coord:   ⏳ CANDIDATE phase — elapsed=128104ms steps=0/8 → decision=Inconclusive
08-26 08:43:06.275 D PARKDIAG/Coord: ─ loc#182 lat=36.6084065 lon=-6.2782128 speed=0.04648503m/s acc=3.197m sessionAge=753127ms
08-26 08:43:06.281 D PARKDIAG/Coord:   state hasEverMoved=false hasEverReachedDrivingSpeed=true userConfirmed=false vehicleExit=false stoppedSince=1787725849365 stoppedDur=736909ms phase=Candidate(highReachedAt=1787726453162, hadVehicleExit=false, shownAt=1787726038273)
08-26 08:43:06.289 D PARKDIAG/Coord:   ⏳ CANDIDATE phase — elapsed=133112ms steps=0/8 → decision=Inconclusive
08-26 08:43:10.782 D PARKDIAG/Coord: ─ loc#183 lat=36.6084056 lon=-6.2782132 speed=0.049769763m/s acc=3.255m sessionAge=757634ms
08-26 08:43:10.791 D PARKDIAG/Coord:   state hasEverMoved=false hasEverReachedDrivingSpeed=true userConfirmed=false vehicleExit=false stoppedSince=1787725849365 stoppedDur=741416ms phase=Candidate(highReachedAt=1787726453162, hadVehicleExit=false, shownAt=1787726038273)
08-26 08:43:10.797 D PARKDIAG/Coord:   ⏳ CANDIDATE phase — elapsed=137619ms steps=0/8 → decision=Inconclusive
08-26 08:43:16.281 D PARKDIAG/Coord: ─ loc#184 lat=36.6084109 lon=-6.2782129 speed=0.04770354m/s acc=3.245m sessionAge=763134ms
08-26 08:43:16.288 D PARKDIAG/Coord:   state hasEverMoved=false hasEverReachedDrivingSpeed=true userConfirmed=false vehicleExit=false stoppedSince=1787725849365 stoppedDur=746916ms phase=Candidate(highReachedAt=1787726453162, hadVehicleExit=false, shownAt=1787726038273)
08-26 08:43:16.293 D PARKDIAG/Coord:   ⏳ CANDIDATE phase — elapsed=143119ms steps=0/8 → decision=Inconclusive
08-26 08:43:19.364 D PARKDIAG/Coord: ─ loc#185 lat=36.6084126 lon=-6.278215 speed=0.044584777m/s acc=3.296m sessionAge=766217ms
08-26 08:43:19.373 D PARKDIAG/Coord:   state hasEverMoved=false hasEverReachedDrivingSpeed=true userConfirmed=false vehicleExit=false stoppedSince=1787725849365 stoppedDur=749999ms phase=Candidate(highReachedAt=1787726453162, hadVehicleExit=false, shownAt=1787726038273)
08-26 08:43:19.375 D PARKDIAG/Coord:   ⏳ CANDIDATE phase — elapsed=146202ms steps=0/8 → decision=Inconclusive
08-26 08:43:21.290 D PARKDIAG/Coord: ─ loc#186 lat=36.608415 lon=-6.2782128 speed=0.046132013m/s acc=3.305m sessionAge=768132ms
08-26 08:43:21.297 D PARKDIAG/Coord:   state hasEverMoved=false hasEverReachedDrivingSpeed=true userConfirmed=false vehicleExit=false stoppedSince=1787725849365 stoppedDur=751914ms phase=Candidate(highReachedAt=1787726453162, hadVehicleExit=false, shownAt=1787726038273)
08-26 08:43:21.303 D PARKDIAG/Coord:   ⏳ CANDIDATE phase — elapsed=148117ms steps=0/8 → decision=Inconclusive
08-26 08:43:26.307 D PARKDIAG/Coord: ─ loc#187 lat=36.608417 lon=-6.2782147 speed=0.038373962m/s acc=3.386m sessionAge=773158ms
08-26 08:43:26.316 D PARKDIAG/Coord:   state hasEverMoved=false hasEverReachedDrivingSpeed=true userConfirmed=false vehicleExit=false stoppedSince=1787725849365 stoppedDur=756940ms phase=Candidate(highReachedAt=1787726453162, hadVehicleExit=false, shownAt=1787726038273)
08-26 08:43:26.321 D PARKDIAG/Coord:   ⏳ CANDIDATE phase — elapsed=153143ms steps=0/8 → decision=Inconclusive
08-26 08:43:31.278 D PARKDIAG/Coord: ─ loc#188 lat=36.6084201 lon=-6.2782142 speed=0.045807075m/s acc=3.36m sessionAge=778130ms
08-26 08:43:31.289 D PARKDIAG/Coord:   state hasEverMoved=false hasEverReachedDrivingSpeed=true userConfirmed=false vehicleExit=false stoppedSince=1787725849365 stoppedDur=761912ms phase=Candidate(highReachedAt=1787726453162, hadVehicleExit=false, shownAt=1787726038273)
08-26 08:43:31.296 D PARKDIAG/Coord:   ⏳ CANDIDATE phase — elapsed=158115ms steps=0/8 → decision=Inconclusive
08-26 08:43:36.281 D PARKDIAG/Coord: ─ loc#189 lat=36.6084218 lon=-6.278216 speed=0.05246639m/s acc=3.271m sessionAge=783133ms
08-26 08:43:36.289 D PARKDIAG/Coord:   state hasEverMoved=false hasEverReachedDrivingSpeed=true userConfirmed=false vehicleExit=false stoppedSince=1787725849365 stoppedDur=766915ms phase=Candidate(highReachedAt=1787726453162, hadVehicleExit=false, shownAt=1787726038273)
08-26 08:43:36.299 D PARKDIAG/Coord:   ⏳ CANDIDATE phase — elapsed=163118ms steps=0/8 → decision=Inconclusive
08-26 08:43:41.278 D PARKDIAG/Coord: ─ loc#190 lat=36.6084239 lon=-6.2782151 speed=0.045002025m/s acc=3.244m sessionAge=788131ms
08-26 08:43:41.294 D PARKDIAG/Coord:   state hasEverMoved=false hasEverReachedDrivingSpeed=true userConfirmed=false vehicleExit=false stoppedSince=1787725849365 stoppedDur=771913ms phase=Candidate(highReachedAt=1787726453162, hadVehicleExit=false, shownAt=1787726038273)
08-26 08:43:41.301 D PARKDIAG/Coord:   ⏳ CANDIDATE phase — elapsed=168116ms steps=0/8 → decision=Inconclusive
08-26 08:43:45.114 D PARKDIAG/Coord: ─ loc#191 lat=36.6084241 lon=-6.2782153 speed=0.038525924m/s acc=3.257m sessionAge=791967ms
08-26 08:43:45.118 D PARKDIAG/Coord:   state hasEverMoved=false hasEverReachedDrivingSpeed=true userConfirmed=false vehicleExit=false stoppedSince=1787725849365 stoppedDur=775749ms phase=Candidate(highReachedAt=1787726453162, hadVehicleExit=false, shownAt=1787726038273)
08-26 08:43:45.124 D PARKDIAG/Coord:   ⏳ CANDIDATE phase — elapsed=171952ms steps=0/8 → decision=Inconclusive
08-26 08:43:51.270 D PARKDIAG/Coord: ─ loc#192 lat=36.6084248 lon=-6.2782138 speed=0.04350259m/s acc=3.349m sessionAge=798123ms
08-26 08:43:51.280 D PARKDIAG/Coord:   state hasEverMoved=false hasEverReachedDrivingSpeed=true userConfirmed=false vehicleExit=false stoppedSince=1787725849365 stoppedDur=781905ms phase=Candidate(highReachedAt=1787726453162, hadVehicleExit=false, shownAt=1787726038273)
08-26 08:43:51.283 D PARKDIAG/Coord:   ⏳ CANDIDATE phase — elapsed=178108ms steps=0/8 → decision=Inconclusive
08-26 08:43:53.790 D PARKDIAG/Coord: ─ loc#193 lat=36.6084234 lon=-6.2782141 speed=0.036264226m/s acc=3.234m sessionAge=800642ms
08-26 08:43:53.801 D PARKDIAG/Coord:   state hasEverMoved=false hasEverReachedDrivingSpeed=true userConfirmed=false vehicleExit=false stoppedSince=1787725849365 stoppedDur=784424ms phase=Candidate(highReachedAt=1787726453162, hadVehicleExit=false, shownAt=1787726038273)
08-26 08:43:53.806 D PARKDIAG/Coord:   ⏳ CANDIDATE phase — elapsed=180627ms steps=0/8 → decision=Inconclusive
08-26 08:43:56.275 D PARKDIAG/Coord: ─ loc#194 lat=36.608424 lon=-6.2782116 speed=0.03521985m/s acc=3.216m sessionAge=803127ms
08-26 08:43:56.282 D PARKDIAG/Coord:   state hasEverMoved=false hasEverReachedDrivingSpeed=true userConfirmed=false vehicleExit=false stoppedSince=1787725849365 stoppedDur=786909ms phase=Candidate(highReachedAt=1787726453162, hadVehicleExit=false, shownAt=1787726038273)
08-26 08:43:56.288 D PARKDIAG/Coord:   ⏳ CANDIDATE phase — elapsed=183112ms steps=0/8 → decision=Inconclusive
08-26 08:44:01.229 D PARKDIAG/Coord: ─ loc#195 lat=36.6084226 lon=-6.2782123 speed=0.04966972m/s acc=3.219m sessionAge=808082ms
08-26 08:44:01.231 D PARKDIAG/Coord:   state hasEverMoved=false hasEverReachedDrivingSpeed=true userConfirmed=false vehicleExit=false stoppedSince=1787725849365 stoppedDur=791864ms phase=Candidate(highReachedAt=1787726453162, hadVehicleExit=false, shownAt=1787726038273)
08-26 08:44:01.240 D PARKDIAG/Coord:   ⏳ CANDIDATE phase — elapsed=188067ms steps=0/8 → decision=Inconclusive
08-26 08:44:06.210 D PARKDIAG/Coord: ─ loc#196 lat=36.6084221 lon=-6.2782111 speed=0.03275943m/s acc=3.129m sessionAge=813063ms
08-26 08:44:06.214 D PARKDIAG/Coord:   state hasEverMoved=false hasEverReachedDrivingSpeed=true userConfirmed=false vehicleExit=false stoppedSince=1787725849365 stoppedDur=796845ms phase=Candidate(highReachedAt=1787726453162, hadVehicleExit=false, shownAt=1787726038273)
08-26 08:44:06.217 D PARKDIAG/Coord:   ⏳ CANDIDATE phase — elapsed=193048ms steps=0/8 → decision=Inconclusive
08-26 08:44:10.971 D PARKDIAG/Coord: ─ loc#197 lat=36.6084225 lon=-6.2782109 speed=0.036589686m/s acc=3.038m sessionAge=817820ms
08-26 08:44:10.989 D PARKDIAG/Coord:   state hasEverMoved=false hasEverReachedDrivingSpeed=true userConfirmed=false vehicleExit=false stoppedSince=1787725849365 stoppedDur=801602ms phase=Candidate(highReachedAt=1787726453162, hadVehicleExit=false, shownAt=1787726038273)
08-26 08:44:10.999 D PARKDIAG/Coord:   ⏳ CANDIDATE phase — elapsed=197805ms steps=0/8 → decision=Inconclusive
08-26 08:44:16.270 D PARKDIAG/Coord: ─ loc#198 lat=36.6084237 lon=-6.2782086 speed=0.055635408m/s acc=3.116m sessionAge=823122ms
08-26 08:44:16.274 D PARKDIAG/Coord:   state hasEverMoved=false hasEverReachedDrivingSpeed=true userConfirmed=false vehicleExit=false stoppedSince=1787725849365 stoppedDur=806904ms phase=Candidate(highReachedAt=1787726453162, hadVehicleExit=false, shownAt=1787726038273)
08-26 08:44:16.284 D PARKDIAG/Coord:   ⏳ CANDIDATE phase — elapsed=203107ms steps=0/8 → decision=Inconclusive
08-26 08:44:19.536 D PARKDIAG/Coord: ─ loc#199 lat=36.6084238 lon=-6.2782097 speed=0.042515103m/s acc=3.157m sessionAge=826388ms
08-26 08:44:19.542 D PARKDIAG/Coord:   state hasEverMoved=false hasEverReachedDrivingSpeed=true userConfirmed=false vehicleExit=false stoppedSince=1787725849365 stoppedDur=810170ms phase=Candidate(highReachedAt=1787726453162, hadVehicleExit=false, shownAt=1787726038273)
08-26 08:44:19.547 D PARKDIAG/Coord:   ⏳ CANDIDATE phase — elapsed=206373ms steps=0/8 → decision=Inconclusive
08-26 08:44:21.272 D PARKDIAG/Coord: ─ loc#200 lat=36.6084243 lon=-6.2782085 speed=0.04287363m/s acc=3.149m sessionAge=828124ms
08-26 08:44:21.281 D PARKDIAG/Coord:   state hasEverMoved=false hasEverReachedDrivingSpeed=true userConfirmed=false vehicleExit=false stoppedSince=1787725849365 stoppedDur=811906ms phase=Candidate(highReachedAt=1787726453162, hadVehicleExit=false, shownAt=1787726038273)
08-26 08:44:21.289 D PARKDIAG/Coord:   ⏳ CANDIDATE phase — elapsed=208109ms steps=0/8 → decision=Inconclusive
08-26 08:44:26.292 D PARKDIAG/Coord: ─ loc#201 lat=36.6084243 lon=-6.2782085 speed=0.038889077m/s acc=3.163m sessionAge=833144ms
08-26 08:44:26.297 D PARKDIAG/Coord:   state hasEverMoved=false hasEverReachedDrivingSpeed=true userConfirmed=false vehicleExit=false stoppedSince=1787725849365 stoppedDur=816926ms phase=Candidate(highReachedAt=1787726453162, hadVehicleExit=false, shownAt=1787726038273)
08-26 08:44:26.305 D PARKDIAG/Coord:   ⏳ CANDIDATE phase — elapsed=213129ms steps=0/8 → decision=Inconclusive
08-26 08:44:28.232 D PARKDIAG/Coord: ─ loc#202 lat=36.6084238 lon=-6.2782086 speed=0.039733727m/s acc=3.109m sessionAge=835084ms
08-26 08:44:28.237 D PARKDIAG/Coord:   state hasEverMoved=false hasEverReachedDrivingSpeed=true userConfirmed=false vehicleExit=false stoppedSince=1787725849365 stoppedDur=818866ms phase=Candidate(highReachedAt=1787726453162, hadVehicleExit=false, shownAt=1787726038273)
08-26 08:44:28.244 D PARKDIAG/Coord:   ⏳ CANDIDATE phase — elapsed=215069ms steps=0/8 → decision=Inconclusive
08-26 08:44:31.253 D PARKDIAG/Coord: ─ loc#203 lat=36.6084232 lon=-6.2782078 speed=0.042289685m/s acc=3.167m sessionAge=838105ms
08-26 08:44:31.261 D PARKDIAG/Coord:   state hasEverMoved=false hasEverReachedDrivingSpeed=true userConfirmed=false vehicleExit=false stoppedSince=1787725849365 stoppedDur=821887ms phase=Candidate(highReachedAt=1787726453162, hadVehicleExit=false, shownAt=1787726038273)
08-26 08:44:31.264 D PARKDIAG/Coord:   ⏳ CANDIDATE phase — elapsed=218090ms steps=0/8 → decision=Inconclusive
08-26 08:44:36.274 D PARKDIAG/Coord: ─ loc#204 lat=36.6084229 lon=-6.2782086 speed=0.038285162m/s acc=3.185m sessionAge=843122ms
08-26 08:44:36.278 D PARKDIAG/Coord:   state hasEverMoved=false hasEverReachedDrivingSpeed=true userConfirmed=false vehicleExit=false stoppedSince=1787725849365 stoppedDur=826904ms phase=Candidate(highReachedAt=1787726453162, hadVehicleExit=false, shownAt=1787726038273)
08-26 08:44:36.283 D PARKDIAG/Coord:   ⏳ CANDIDATE phase — elapsed=223107ms steps=0/8 → decision=Inconclusive
08-26 08:44:41.276 D PARKDIAG/Coord: ─ loc#205 lat=36.6084227 lon=-6.2782067 speed=0.036715284m/s acc=3.266m sessionAge=848128ms
08-26 08:44:41.284 D PARKDIAG/Coord:   state hasEverMoved=false hasEverReachedDrivingSpeed=true userConfirmed=false vehicleExit=false stoppedSince=1787725849365 stoppedDur=831910ms phase=Candidate(highReachedAt=1787726453162, hadVehicleExit=false, shownAt=1787726038273)
08-26 08:44:41.289 D PARKDIAG/Coord:   ⏳ CANDIDATE phase — elapsed=228113ms steps=0/8 → decision=Inconclusive
08-26 08:44:45.426 D PARKDIAG/Coord: ─ loc#206 lat=36.6084223 lon=-6.278208 speed=0.045298725m/s acc=3.279m sessionAge=852278ms
08-26 08:44:45.436 D PARKDIAG/Coord:   state hasEverMoved=false hasEverReachedDrivingSpeed=true userConfirmed=false vehicleExit=false stoppedSince=1787725849365 stoppedDur=836060ms phase=Candidate(highReachedAt=1787726453162, hadVehicleExit=false, shownAt=1787726038273)
08-26 08:44:45.443 D PARKDIAG/Coord:   ⏳ CANDIDATE phase — elapsed=232263ms steps=0/8 → decision=Inconclusive
08-26 08:44:51.259 D PARKDIAG/Coord: ─ loc#207 lat=36.6084214 lon=-6.2782076 speed=0.05408444m/s acc=3.335m sessionAge=858112ms
08-26 08:44:51.267 D PARKDIAG/Coord:   state hasEverMoved=false hasEverReachedDrivingSpeed=true userConfirmed=false vehicleExit=false stoppedSince=1787725849365 stoppedDur=841894ms phase=Candidate(highReachedAt=1787726453162, hadVehicleExit=false, shownAt=1787726038273)
08-26 08:44:51.270 D PARKDIAG/Coord:   ⏳ CANDIDATE phase — elapsed=238097ms steps=0/8 → decision=Inconclusive
08-26 08:44:53.986 D PARKDIAG/Coord: ─ loc#208 lat=36.6084208 lon=-6.2782082 speed=0.033542093m/s acc=3.333m sessionAge=860838ms
08-26 08:44:53.990 D PARKDIAG/Coord:   state hasEverMoved=false hasEverReachedDrivingSpeed=true userConfirmed=false vehicleExit=false stoppedSince=1787725849365 stoppedDur=844620ms phase=Candidate(highReachedAt=1787726453162, hadVehicleExit=false, shownAt=1787726038273)
08-26 08:44:53.994 D PARKDIAG/Coord:   ⏳ CANDIDATE phase — elapsed=240823ms steps=0/8 → decision=Inconclusive
08-26 08:44:56.279 D PARKDIAG/Coord: ─ loc#209 lat=36.6084224 lon=-6.2782058 speed=0.0321508m/s acc=3.315m sessionAge=863132ms
08-26 08:44:56.293 D PARKDIAG/Coord:   state hasEverMoved=false hasEverReachedDrivingSpeed=true userConfirmed=false vehicleExit=false stoppedSince=1787725849365 stoppedDur=846914ms phase=Candidate(highReachedAt=1787726453162, hadVehicleExit=false, shownAt=1787726038273)
08-26 08:44:56.301 D PARKDIAG/Coord:   ⏳ CANDIDATE phase — elapsed=243117ms steps=0/8 → decision=Inconclusive
08-26 08:45:01.266 D PARKDIAG/Coord: ─ loc#210 lat=36.6084221 lon=-6.2782062 speed=0.051356945m/s acc=3.4m sessionAge=868118ms
08-26 08:45:01.273 D PARKDIAG/Coord:   state hasEverMoved=false hasEverReachedDrivingSpeed=true userConfirmed=false vehicleExit=false stoppedSince=1787725849365 stoppedDur=851900ms phase=Candidate(highReachedAt=1787726453162, hadVehicleExit=false, shownAt=1787726038273)
08-26 08:45:01.281 D PARKDIAG/Coord:   ⏳ CANDIDATE phase — elapsed=248103ms steps=0/8 → decision=Inconclusive
08-26 08:45:06.288 D PARKDIAG/Coord: ─ loc#211 lat=36.6084213 lon=-6.2782064 speed=0.043531034m/s acc=3.47m sessionAge=873132ms
08-26 08:45:06.294 D PARKDIAG/Coord:   state hasEverMoved=false hasEverReachedDrivingSpeed=true userConfirmed=false vehicleExit=false stoppedSince=1787725849365 stoppedDur=856914ms phase=Candidate(highReachedAt=1787726453162, hadVehicleExit=false, shownAt=1787726038273)
08-26 08:45:06.300 D PARKDIAG/Coord:   ⏳ CANDIDATE phase — elapsed=253117ms steps=0/8 → decision=Inconclusive
08-26 08:45:11.187 D PARKDIAG/Coord: ─ loc#212 lat=36.6084206 lon=-6.2782068 speed=0.04321197m/s acc=3.386m sessionAge=878040ms
08-26 08:45:11.199 D PARKDIAG/Coord:   state hasEverMoved=false hasEverReachedDrivingSpeed=true userConfirmed=false vehicleExit=false stoppedSince=1787725849365 stoppedDur=861822ms phase=Candidate(highReachedAt=1787726453162, hadVehicleExit=false, shownAt=1787726038273)
08-26 08:45:11.205 D PARKDIAG/Coord:   ⏳ CANDIDATE phase — elapsed=258025ms steps=0/8 → decision=Inconclusive
08-26 08:45:16.281 D PARKDIAG/Coord: ─ loc#213 lat=36.6084224 lon=-6.2782047 speed=0.05185419m/s acc=3.271m sessionAge=883132ms
08-26 08:45:16.285 D PARKDIAG/Coord:   state hasEverMoved=false hasEverReachedDrivingSpeed=true userConfirmed=false vehicleExit=false stoppedSince=1787725849365 stoppedDur=866914ms phase=Candidate(highReachedAt=1787726453162, hadVehicleExit=false, shownAt=1787726038273)
08-26 08:45:16.289 D PARKDIAG/Coord:   ⏳ CANDIDATE phase — elapsed=263117ms steps=0/8 → decision=Inconclusive
08-26 08:45:19.706 D PARKDIAG/Coord: ─ loc#214 lat=36.6084214 lon=-6.2782057 speed=0.042140894m/s acc=3.28m sessionAge=886558ms
08-26 08:45:19.712 D PARKDIAG/Coord:   state hasEverMoved=false hasEverReachedDrivingSpeed=true userConfirmed=false vehicleExit=false stoppedSince=1787725849365 stoppedDur=870340ms phase=Candidate(highReachedAt=1787726453162, hadVehicleExit=false, shownAt=1787726038273)
08-26 08:45:19.719 D PARKDIAG/Coord:   ⏳ CANDIDATE phase — elapsed=266543ms steps=0/8 → decision=Inconclusive
08-26 08:45:26.291 D PARKDIAG/Coord: ─ loc#215 lat=36.6084202 lon=-6.2782052 speed=0.041412205m/s acc=3.248m sessionAge=893143ms
08-26 08:45:26.297 D PARKDIAG/Coord:   state hasEverMoved=false hasEverReachedDrivingSpeed=true userConfirmed=false vehicleExit=false stoppedSince=1787725849365 stoppedDur=876925ms phase=Candidate(highReachedAt=1787726453162, hadVehicleExit=false, shownAt=1787726038273)
08-26 08:45:26.305 D PARKDIAG/Coord:   ⏳ CANDIDATE phase — elapsed=273128ms steps=0/8 → decision=Inconclusive
08-26 08:45:28.334 D PARKDIAG/Coord: ─ loc#216 lat=36.6084199 lon=-6.2782061 speed=0.041544057m/s acc=3.214m sessionAge=895186ms
08-26 08:45:28.339 D PARKDIAG/Coord:   state hasEverMoved=false hasEverReachedDrivingSpeed=true userConfirmed=false vehicleExit=false stoppedSince=1787725849365 stoppedDur=878968ms phase=Candidate(highReachedAt=1787726453162, hadVehicleExit=false, shownAt=1787726038273)
08-26 08:45:28.345 D PARKDIAG/Coord:   ⏳ CANDIDATE phase — elapsed=275171ms steps=0/8 → decision=Inconclusive
08-26 08:45:31.294 D PARKDIAG/Coord: ─ loc#217 lat=36.608421 lon=-6.2782046 speed=0.043102156m/s acc=3.296m sessionAge=898132ms
08-26 08:45:31.302 D PARKDIAG/Coord:   state hasEverMoved=false hasEverReachedDrivingSpeed=true userConfirmed=false vehicleExit=false stoppedSince=1787725849365 stoppedDur=881914ms phase=Candidate(highReachedAt=1787726453162, hadVehicleExit=false, shownAt=1787726038273)
08-26 08:45:31.307 D PARKDIAG/Coord:   ⏳ CANDIDATE phase — elapsed=278117ms steps=0/8 → decision=Inconclusive
08-26 08:45:36.269 D PARKDIAG/Coord: ─ loc#218 lat=36.6084198 lon=-6.2782056 speed=0.04377881m/s acc=3.278m sessionAge=903119ms
08-26 08:45:36.274 D PARKDIAG/Coord:   state hasEverMoved=false hasEverReachedDrivingSpeed=true userConfirmed=false vehicleExit=false stoppedSince=1787725849365 stoppedDur=886901ms phase=Candidate(highReachedAt=1787726453162, hadVehicleExit=false, shownAt=1787726038273)
08-26 08:45:36.277 D PARKDIAG/Coord:   ⏳ CANDIDATE phase — elapsed=283104ms steps=0/8 → decision=Inconclusive
08-26 08:45:41.270 D PARKDIAG/Coord: ─ loc#219 lat=36.6084208 lon=-6.2782045 speed=0.044005595m/s acc=3.212m sessionAge=908123ms
08-26 08:45:41.277 D PARKDIAG/Coord:   state hasEverMoved=false hasEverReachedDrivingSpeed=true userConfirmed=false vehicleExit=false stoppedSince=1787725849365 stoppedDur=891905ms phase=Candidate(highReachedAt=1787726453162, hadVehicleExit=false, shownAt=1787726038273)
08-26 08:45:41.288 D PARKDIAG/Coord:   ⏳ CANDIDATE phase — elapsed=288108ms steps=0/8 → decision=Inconclusive
08-26 08:45:45.512 D PARKDIAG/Coord: ─ loc#220 lat=36.6084207 lon=-6.2782047 speed=0.052393805m/s acc=3.206m sessionAge=912363ms
08-26 08:45:45.521 D PARKDIAG/Coord:   state hasEverMoved=false hasEverReachedDrivingSpeed=true userConfirmed=false vehicleExit=false stoppedSince=1787725849365 stoppedDur=896145ms phase=Candidate(highReachedAt=1787726453162, hadVehicleExit=false, shownAt=1787726038273)
08-26 08:45:45.525 D PARKDIAG/Coord:   ⏳ CANDIDATE phase — elapsed=292348ms steps=0/8 → decision=Inconclusive
08-26 08:45:51.273 D PARKDIAG/Coord: ─ loc#221 lat=36.6084211 lon=-6.2782045 speed=0.042751834m/s acc=3.212m sessionAge=918126ms
08-26 08:45:51.277 D PARKDIAG/Coord:   state hasEverMoved=false hasEverReachedDrivingSpeed=true userConfirmed=false vehicleExit=false stoppedSince=1787725849365 stoppedDur=901908ms phase=Candidate(highReachedAt=1787726453162, hadVehicleExit=false, shownAt=1787726038273)
08-26 08:45:51.281 D PARKDIAG/Coord:   ⏳ CANDIDATE phase — elapsed=298111ms steps=0/8 → decision=Inconclusive
08-26 08:45:54.167 D PARKDIAG/Coord: ─ loc#222 lat=36.6084203 lon=-6.2782053 speed=0.050938226m/s acc=3.214m sessionAge=921017ms
08-26 08:45:54.177 D PARKDIAG/Coord:   state hasEverMoved=false hasEverReachedDrivingSpeed=true userConfirmed=false vehicleExit=false stoppedSince=1787725849365 stoppedDur=904799ms phase=Candidate(highReachedAt=1787726453162, hadVehicleExit=false, shownAt=1787726038273)
08-26 08:45:54.186 D PARKDIAG/Coord:   ⏳ CANDIDATE phase — elapsed=301002ms steps=0/8 → decision=Rejected
08-26 08:45:54.187 D PARKDIAG/Coord:   ⊘ CANDIDATE expired without egress proof — discarding, steps 0 kept but no longer fresh [BUG-GARAGE-COLA-001][DET-EVIDENCE-MUST-NOT-LOWER-CONFIDENCE-001]
08-26 08:45:56.271 D PARKDIAG/Coord: ─ loc#223 lat=36.6084203 lon=-6.2782046 speed=0.050688248m/s acc=3.266m sessionAge=923123ms
08-26 08:45:56.277 D PARKDIAG/Coord:   state hasEverMoved=false hasEverReachedDrivingSpeed=true userConfirmed=false vehicleExit=false stoppedSince=1787725849365 stoppedDur=906905ms phase=Notified(shownAt=1787726038273)
08-26 08:45:56.283 D PARKDIAG/Coord:   ⚖ scoring=High(score=0.8) (signals: speed=0.050688248 stopped=906905ms accuracy=3.266 exit=false)
08-26 08:45:56.286 D PARKDIAG/Coord:   ▶ HIGH reached after Notified(shownAt=1787726038273) — entering CANDIDATE phase (suppressing duplicate notif) [BUG-STUCK-SESSION]
08-26 08:46:01.271 D PARKDIAG/Coord: ─ loc#224 lat=36.6084192 lon=-6.2782039 speed=0.04125408m/s acc=3.378m sessionAge=928123ms
08-26 08:46:01.277 D PARKDIAG/Coord:   state hasEverMoved=false hasEverReachedDrivingSpeed=true userConfirmed=false vehicleExit=false stoppedSince=1787725849365 stoppedDur=911905ms phase=Candidate(highReachedAt=1787726756270, hadVehicleExit=false, shownAt=1787726038273)
08-26 08:46:01.283 D PARKDIAG/Coord:   ⏳ CANDIDATE phase — elapsed=5000ms steps=0/8 → decision=Inconclusive
08-26 08:46:06.278 D PARKDIAG/Coord: ─ loc#225 lat=36.6084221 lon=-6.2782043 speed=0.047303796m/s acc=3.402m sessionAge=933128ms
08-26 08:46:06.284 D PARKDIAG/Coord:   state hasEverMoved=false hasEverReachedDrivingSpeed=true userConfirmed=false vehicleExit=false stoppedSince=1787725849365 stoppedDur=916910ms phase=Candidate(highReachedAt=1787726756270, hadVehicleExit=false, shownAt=1787726038273)
08-26 08:46:06.290 D PARKDIAG/Coord:   ⏳ CANDIDATE phase — elapsed=10005ms steps=0/8 → decision=Inconclusive
08-26 08:46:11.246 D PARKDIAG/Coord: ─ loc#226 lat=36.6084255 lon=-6.2782059 speed=0.042189706m/s acc=3.451m sessionAge=938098ms
08-26 08:46:11.253 D PARKDIAG/Coord:   state hasEverMoved=false hasEverReachedDrivingSpeed=true userConfirmed=false vehicleExit=false stoppedSince=1787725849365 stoppedDur=921880ms phase=Candidate(highReachedAt=1787726756270, hadVehicleExit=false, shownAt=1787726038273)
08-26 08:46:11.260 D PARKDIAG/Coord:   ⏳ CANDIDATE phase — elapsed=14975ms steps=0/8 → decision=Inconclusive
08-26 08:46:16.275 D PARKDIAG/Coord: ─ loc#227 lat=36.6084288 lon=-6.2782069 speed=0.041931927m/s acc=3.542m sessionAge=943127ms
08-26 08:46:16.281 D PARKDIAG/Coord:   state hasEverMoved=false hasEverReachedDrivingSpeed=true userConfirmed=false vehicleExit=false stoppedSince=1787725849365 stoppedDur=926909ms phase=Candidate(highReachedAt=1787726756270, hadVehicleExit=false, shownAt=1787726038273)
08-26 08:46:16.299 D PARKDIAG/Coord:   ⏳ CANDIDATE phase — elapsed=20004ms steps=0/8 → decision=Inconclusive
08-26 08:46:20.019 D PARKDIAG/Coord: ─ loc#228 lat=36.608431 lon=-6.2782094 speed=0.030111704m/s acc=3.626m sessionAge=946870ms
08-26 08:46:20.024 D PARKDIAG/Coord:   state hasEverMoved=false hasEverReachedDrivingSpeed=true userConfirmed=false vehicleExit=false stoppedSince=1787725849365 stoppedDur=930652ms phase=Candidate(highReachedAt=1787726756270, hadVehicleExit=false, shownAt=1787726038273)
08-26 08:46:20.030 D PARKDIAG/Coord:   ⏳ CANDIDATE phase — elapsed=23747ms steps=0/8 → decision=Inconclusive
08-26 08:46:26.311 D PARKDIAG/Coord: ─ loc#229 lat=36.6084345 lon=-6.2782096 speed=0.04046303m/s acc=3.616m sessionAge=953160ms
08-26 08:46:26.315 D PARKDIAG/Coord:   state hasEverMoved=false hasEverReachedDrivingSpeed=true userConfirmed=false vehicleExit=false stoppedSince=1787725849365 stoppedDur=936942ms phase=Candidate(highReachedAt=1787726756270, hadVehicleExit=false, shownAt=1787726038273)
08-26 08:46:26.318 D PARKDIAG/Coord:   ⏳ CANDIDATE phase — elapsed=30037ms steps=0/8 → decision=Inconclusive
08-26 08:46:28.572 D PARKDIAG/Coord: ─ loc#230 lat=36.6084348 lon=-6.278212 speed=0.039788906m/s acc=3.635m sessionAge=955423ms
08-26 08:46:28.580 D PARKDIAG/Coord:   state hasEverMoved=false hasEverReachedDrivingSpeed=true userConfirmed=false vehicleExit=false stoppedSince=1787725849365 stoppedDur=939205ms phase=Candidate(highReachedAt=1787726756270, hadVehicleExit=false, shownAt=1787726038273)
08-26 08:46:28.588 D PARKDIAG/Coord:   ⏳ CANDIDATE phase — elapsed=32300ms steps=0/8 → decision=Inconclusive
08-26 08:46:31.275 D PARKDIAG/Coord: ─ loc#231 lat=36.608436 lon=-6.2782098 speed=0.03945604m/s acc=3.639m sessionAge=958127ms
08-26 08:46:31.282 D PARKDIAG/Coord:   state hasEverMoved=false hasEverReachedDrivingSpeed=true userConfirmed=false vehicleExit=false stoppedSince=1787725849365 stoppedDur=941909ms phase=Candidate(highReachedAt=1787726756270, hadVehicleExit=false, shownAt=1787726038273)
08-26 08:46:31.289 D PARKDIAG/Coord:   ⏳ CANDIDATE phase — elapsed=35004ms steps=0/8 → decision=Inconclusive
08-26 08:46:36.299 D PARKDIAG/Coord: ─ loc#232 lat=36.6084351 lon=-6.2782104 speed=0.039856527m/s acc=3.659m sessionAge=963151ms
08-26 08:46:36.305 D PARKDIAG/Coord:   state hasEverMoved=false hasEverReachedDrivingSpeed=true userConfirmed=false vehicleExit=false stoppedSince=1787725849365 stoppedDur=946933ms phase=Candidate(highReachedAt=1787726756270, hadVehicleExit=false, shownAt=1787726038273)
08-26 08:46:36.311 D PARKDIAG/Coord:   ⏳ CANDIDATE phase — elapsed=40028ms steps=0/8 → decision=Inconclusive
08-26 08:46:41.221 D PARKDIAG/Coord: ─ loc#233 lat=36.6084334 lon=-6.2782094 speed=0.040987942m/s acc=3.51m sessionAge=968074ms
08-26 08:46:41.223 D PARKDIAG/Coord:   state hasEverMoved=false hasEverReachedDrivingSpeed=true userConfirmed=false vehicleExit=false stoppedSince=1787725849365 stoppedDur=951856ms phase=Candidate(highReachedAt=1787726756270, hadVehicleExit=false, shownAt=1787726038273)
08-26 08:46:41.225 D PARKDIAG/Coord:   ⏳ CANDIDATE phase — elapsed=44951ms steps=0/8 → decision=Inconclusive
08-26 08:46:45.729 D PARKDIAG/Coord: ─ loc#234 lat=36.6084315 lon=-6.278211 speed=0.046815388m/s acc=3.3m sessionAge=972581ms
08-26 08:46:45.733 D PARKDIAG/Coord:   state hasEverMoved=false hasEverReachedDrivingSpeed=true userConfirmed=false vehicleExit=false stoppedSince=1787725849365 stoppedDur=956363ms phase=Candidate(highReachedAt=1787726756270, hadVehicleExit=false, shownAt=1787726038273)
08-26 08:46:45.738 D PARKDIAG/Coord:   ⏳ CANDIDATE phase — elapsed=49458ms steps=0/8 → decision=Inconclusive
08-26 08:46:51.267 D PARKDIAG/Coord: ─ loc#235 lat=36.6084292 lon=-6.2782115 speed=0.030919578m/s acc=3.213m sessionAge=978116ms
08-26 08:46:51.272 D PARKDIAG/Coord:   state hasEverMoved=false hasEverReachedDrivingSpeed=true userConfirmed=false vehicleExit=false stoppedSince=1787725849365 stoppedDur=961898ms phase=Candidate(highReachedAt=1787726756270, hadVehicleExit=false, shownAt=1787726038273)
08-26 08:46:51.278 D PARKDIAG/Coord:   ⏳ CANDIDATE phase — elapsed=54993ms steps=0/8 → decision=Inconclusive
08-26 08:46:54.374 D PARKDIAG/Coord: ─ loc#236 lat=36.6084282 lon=-6.2782125 speed=0.038732044m/s acc=3.217m sessionAge=981223ms
08-26 08:46:54.382 D PARKDIAG/Coord:   state hasEverMoved=false hasEverReachedDrivingSpeed=true userConfirmed=false vehicleExit=false stoppedSince=1787725849365 stoppedDur=965005ms phase=Candidate(highReachedAt=1787726756270, hadVehicleExit=false, shownAt=1787726038273)
08-26 08:46:54.386 D PARKDIAG/Coord:   ⏳ CANDIDATE phase — elapsed=58100ms steps=0/8 → decision=Inconclusive
08-26 08:46:56.271 D PARKDIAG/Coord: ─ loc#237 lat=36.6084289 lon=-6.2782105 speed=0.03819004m/s acc=3.209m sessionAge=983124ms
08-26 08:46:56.278 D PARKDIAG/Coord:   state hasEverMoved=false hasEverReachedDrivingSpeed=true userConfirmed=false vehicleExit=false stoppedSince=1787725849365 stoppedDur=966906ms phase=Candidate(highReachedAt=1787726756270, hadVehicleExit=false, shownAt=1787726038273)
08-26 08:46:56.287 D PARKDIAG/Coord:   ⏳ CANDIDATE phase — elapsed=60001ms steps=0/8 → decision=Inconclusive
08-26 08:47:01.277 D PARKDIAG/Coord: ─ loc#238 lat=36.6084283 lon=-6.2782124 speed=0.040848467m/s acc=3.267m sessionAge=988128ms
08-26 08:47:01.285 D PARKDIAG/Coord:   state hasEverMoved=false hasEverReachedDrivingSpeed=true userConfirmed=false vehicleExit=false stoppedSince=1787725849365 stoppedDur=971910ms phase=Candidate(highReachedAt=1787726756270, hadVehicleExit=false, shownAt=1787726038273)
08-26 08:47:01.292 D PARKDIAG/Coord:   ⏳ CANDIDATE phase — elapsed=65005ms steps=0/8 → decision=Inconclusive
08-26 08:47:06.281 D PARKDIAG/Coord: ─ loc#239 lat=36.6084292 lon=-6.2782129 speed=0.04140288m/s acc=3.322m sessionAge=993132ms
08-26 08:47:06.292 D PARKDIAG/Coord:   state hasEverMoved=false hasEverReachedDrivingSpeed=true userConfirmed=false vehicleExit=false stoppedSince=1787725849365 stoppedDur=976914ms phase=Candidate(highReachedAt=1787726756270, hadVehicleExit=false, shownAt=1787726038273)
08-26 08:47:06.297 D PARKDIAG/Coord:   ⏳ CANDIDATE phase — elapsed=70009ms steps=0/8 → decision=Inconclusive
08-26 08:47:11.290 D PARKDIAG/Coord: ─ loc#240 lat=36.6084286 lon=-6.2782141 speed=0.048959017m/s acc=3.308m sessionAge=998143ms
08-26 08:47:11.294 D PARKDIAG/Coord:   state hasEverMoved=false hasEverReachedDrivingSpeed=true userConfirmed=false vehicleExit=false stoppedSince=1787725849365 stoppedDur=981925ms phase=Candidate(highReachedAt=1787726756270, hadVehicleExit=false, shownAt=1787726038273)
08-26 08:47:11.298 D PARKDIAG/Coord:   ⏳ CANDIDATE phase — elapsed=75020ms steps=0/8 → decision=Inconclusive
08-26 08:47:16.281 D PARKDIAG/Coord: ─ loc#241 lat=36.6084276 lon=-6.2782151 speed=0.029413007m/s acc=3.263m sessionAge=1003133ms
08-26 08:47:16.295 D PARKDIAG/Coord:   state hasEverMoved=false hasEverReachedDrivingSpeed=true userConfirmed=false vehicleExit=false stoppedSince=1787725849365 stoppedDur=986915ms phase=Candidate(highReachedAt=1787726756270, hadVehicleExit=false, shownAt=1787726038273)
08-26 08:47:16.301 D PARKDIAG/Coord:   ⏳ CANDIDATE phase — elapsed=80010ms steps=0/8 → decision=Inconclusive
08-26 08:47:20.251 D PARKDIAG/Coord: ─ loc#242 lat=36.6084275 lon=-6.2782176 speed=0.04668242m/s acc=3.238m sessionAge=1007103ms
08-26 08:47:20.253 D PARKDIAG/Coord:   state hasEverMoved=false hasEverReachedDrivingSpeed=true userConfirmed=false vehicleExit=false stoppedSince=1787725849365 stoppedDur=990885ms phase=Candidate(highReachedAt=1787726756270, hadVehicleExit=false, shownAt=1787726038273)
08-26 08:47:20.260 D PARKDIAG/Coord:   ⏳ CANDIDATE phase — elapsed=83980ms steps=0/8 → decision=Inconclusive
08-26 08:47:26.285 D PARKDIAG/Coord: ─ loc#243 lat=36.6084288 lon=-6.2782187 speed=0.044090282m/s acc=3.276m sessionAge=1013135ms
08-26 08:47:26.290 D PARKDIAG/Coord:   state hasEverMoved=false hasEverReachedDrivingSpeed=true userConfirmed=false vehicleExit=false stoppedSince=1787725849365 stoppedDur=996917ms phase=Candidate(highReachedAt=1787726756270, hadVehicleExit=false, shownAt=1787726038273)
08-26 08:47:26.294 D PARKDIAG/Coord:   ⏳ CANDIDATE phase — elapsed=90012ms steps=0/8 → decision=Inconclusive
08-26 08:47:28.826 D PARKDIAG/Coord: ─ loc#244 lat=36.6084288 lon=-6.278221 speed=0.03449582m/s acc=3.287m sessionAge=1015678ms
08-26 08:47:28.831 D PARKDIAG/Coord:   state hasEverMoved=false hasEverReachedDrivingSpeed=true userConfirmed=false vehicleExit=false stoppedSince=1787725849365 stoppedDur=999460ms phase=Candidate(highReachedAt=1787726756270, hadVehicleExit=false, shownAt=1787726038273)
08-26 08:47:28.840 D PARKDIAG/Coord:   ⏳ CANDIDATE phase — elapsed=92555ms steps=0/8 → decision=Inconclusive
08-26 08:47:31.290 D PARKDIAG/Coord: ─ loc#245 lat=36.6084299 lon=-6.2782185 speed=0.034436032m/s acc=3.257m sessionAge=1018140ms
08-26 08:47:31.295 D PARKDIAG/Coord:   state hasEverMoved=false hasEverReachedDrivingSpeed=true userConfirmed=false vehicleExit=false stoppedSince=1787725849365 stoppedDur=1001922ms phase=Candidate(highReachedAt=1787726756270, hadVehicleExit=false, shownAt=1787726038273)
08-26 08:47:31.301 D PARKDIAG/Coord:   ⏳ CANDIDATE phase — elapsed=95017ms steps=0/8 → decision=Inconclusive
08-26 08:47:36.259 D PARKDIAG/Coord: ─ loc#246 lat=36.6084297 lon=-6.2782219 speed=0.04299595m/s acc=3.228m sessionAge=1023111ms
08-26 08:47:36.263 D PARKDIAG/Coord:   state hasEverMoved=false hasEverReachedDrivingSpeed=true userConfirmed=false vehicleExit=false stoppedSince=1787725849365 stoppedDur=1006893ms phase=Candidate(highReachedAt=1787726756270, hadVehicleExit=false, shownAt=1787726038273)
08-26 08:47:36.267 D PARKDIAG/Coord:   ⏳ CANDIDATE phase — elapsed=99988ms steps=0/8 → decision=Inconclusive
08-26 08:47:41.291 D PARKDIAG/Coord: ─ loc#247 lat=36.6084299 lon=-6.2782238 speed=0.03674277m/s acc=3.205m sessionAge=1028143ms
08-26 08:47:41.296 D PARKDIAG/Coord:   state hasEverMoved=false hasEverReachedDrivingSpeed=true userConfirmed=false vehicleExit=false stoppedSince=1787725849365 stoppedDur=1011925ms phase=Candidate(highReachedAt=1787726756270, hadVehicleExit=false, shownAt=1787726038273)
08-26 08:47:41.300 D PARKDIAG/Coord:   ⏳ CANDIDATE phase — elapsed=105020ms steps=0/8 → decision=Inconclusive
08-26 08:47:45.966 D PARKDIAG/Coord: ─ loc#248 lat=36.6084299 lon=-6.2782268 speed=0.038905986m/s acc=3.25m sessionAge=1032818ms
08-26 08:47:45.975 D PARKDIAG/Coord:   state hasEverMoved=false hasEverReachedDrivingSpeed=true userConfirmed=false vehicleExit=false stoppedSince=1787725849365 stoppedDur=1016600ms phase=Candidate(highReachedAt=1787726756270, hadVehicleExit=false, shownAt=1787726038273)
08-26 08:47:45.981 D PARKDIAG/Coord:   ⏳ CANDIDATE phase — elapsed=109695ms steps=0/8 → decision=Inconclusive
08-26 08:47:51.270 D PARKDIAG/Coord: ─ loc#249 lat=36.6084299 lon=-6.278225 speed=0.048309542m/s acc=3.117m sessionAge=1038121ms
08-26 08:47:51.275 D PARKDIAG/Coord:   state hasEverMoved=false hasEverReachedDrivingSpeed=true userConfirmed=false vehicleExit=false stoppedSince=1787725849365 stoppedDur=1021903ms phase=Candidate(highReachedAt=1787726756270, hadVehicleExit=false, shownAt=1787726038273)
08-26 08:47:51.281 D PARKDIAG/Coord:   ⏳ CANDIDATE phase — elapsed=114998ms steps=0/8 → decision=Inconclusive
08-26 08:47:54.585 D PARKDIAG/Coord: ─ loc#250 lat=36.6084295 lon=-6.2782276 speed=0.055849988m/s acc=3.189m sessionAge=1041437ms
08-26 08:47:54.590 D PARKDIAG/Coord:   state hasEverMoved=false hasEverReachedDrivingSpeed=true userConfirmed=false vehicleExit=false stoppedSince=1787725849365 stoppedDur=1025219ms phase=Candidate(highReachedAt=1787726756270, hadVehicleExit=false, shownAt=1787726038273)
08-26 08:47:54.594 D PARKDIAG/Coord:   ⏳ CANDIDATE phase — elapsed=118314ms steps=0/8 → decision=Inconclusive
08-26 08:48:01.278 D PARKDIAG/Coord: ─ loc#251 lat=36.6084286 lon=-6.2782285 speed=0.05357541m/s acc=3.323m sessionAge=1048131ms
08-26 08:48:01.283 D PARKDIAG/Coord:   state hasEverMoved=false hasEverReachedDrivingSpeed=true userConfirmed=false vehicleExit=false stoppedSince=1787725849365 stoppedDur=1031913ms phase=Candidate(highReachedAt=1787726756270, hadVehicleExit=false, shownAt=1787726038273)
08-26 08:48:01.287 D PARKDIAG/Coord:   ⏳ CANDIDATE phase — elapsed=125008ms steps=0/8 → decision=Inconclusive
08-26 08:48:03.241 D PARKDIAG/Coord: ─ loc#252 lat=36.6084286 lon=-6.2782302 speed=0.013332009m/s acc=3.28m sessionAge=1050094ms
08-26 08:48:03.246 D PARKDIAG/Coord:   state hasEverMoved=false hasEverReachedDrivingSpeed=true userConfirmed=false vehicleExit=false stoppedSince=1787725849365 stoppedDur=1033876ms phase=Candidate(highReachedAt=1787726756270, hadVehicleExit=false, shownAt=1787726038273)
08-26 08:48:03.252 D PARKDIAG/Coord:   ⏳ CANDIDATE phase — elapsed=126971ms steps=0/8 → decision=Inconclusive
08-26 08:48:06.277 D PARKDIAG/Coord: ─ loc#253 lat=36.6084293 lon=-6.2782281 speed=0.047278333m/s acc=3.332m sessionAge=1053129ms
08-26 08:48:06.281 D PARKDIAG/Coord:   state hasEverMoved=false hasEverReachedDrivingSpeed=true userConfirmed=false vehicleExit=false stoppedSince=1787725849365 stoppedDur=1036911ms phase=Candidate(highReachedAt=1787726756270, hadVehicleExit=false, shownAt=1787726038273)
08-26 08:48:06.285 D PARKDIAG/Coord:   ⏳ CANDIDATE phase — elapsed=130006ms steps=0/8 → decision=Inconclusive
08-26 08:48:11.273 D PARKDIAG/Coord: ─ loc#254 lat=36.6084291 lon=-6.2782322 speed=0.05255635m/s acc=3.301m sessionAge=1058125ms
08-26 08:48:11.277 D PARKDIAG/Coord:   state hasEverMoved=false hasEverReachedDrivingSpeed=true userConfirmed=false vehicleExit=false stoppedSince=1787725849365 stoppedDur=1041907ms phase=Candidate(highReachedAt=1787726756270, hadVehicleExit=false, shownAt=1787726038273)
08-26 08:48:11.287 D PARKDIAG/Coord:   ⏳ CANDIDATE phase — elapsed=135002ms steps=0/8 → decision=Inconclusive
08-26 08:48:16.271 D PARKDIAG/Coord: ─ loc#255 lat=36.6084285 lon=-6.2782325 speed=0.045555253m/s acc=3.355m sessionAge=1063124ms
08-26 08:48:16.278 D PARKDIAG/Coord:   state hasEverMoved=false hasEverReachedDrivingSpeed=true userConfirmed=false vehicleExit=false stoppedSince=1787725849365 stoppedDur=1046906ms phase=Candidate(highReachedAt=1787726756270, hadVehicleExit=false, shownAt=1787726038273)
08-26 08:48:16.285 D PARKDIAG/Coord:   ⏳ CANDIDATE phase — elapsed=140001ms steps=0/8 → decision=Inconclusive
08-26 08:48:20.327 D PARKDIAG/Coord: ─ loc#256 lat=36.6084284 lon=-6.2782339 speed=0.044370618m/s acc=3.406m sessionAge=1067180ms
08-26 08:48:20.332 D PARKDIAG/Coord:   state hasEverMoved=false hasEverReachedDrivingSpeed=true userConfirmed=false vehicleExit=false stoppedSince=1787725849365 stoppedDur=1050962ms phase=Candidate(highReachedAt=1787726756270, hadVehicleExit=false, shownAt=1787726038273)
08-26 08:48:20.338 D PARKDIAG/Coord:   ⏳ CANDIDATE phase — elapsed=144057ms steps=0/8 → decision=Inconclusive
08-26 08:48:26.229 D PARKDIAG/Coord: ─ loc#257 lat=36.6084283 lon=-6.2782355 speed=0.029803105m/s acc=3.397m sessionAge=1073081ms
08-26 08:48:26.236 D PARKDIAG/Coord:   state hasEverMoved=false hasEverReachedDrivingSpeed=true userConfirmed=false vehicleExit=false stoppedSince=1787725849365 stoppedDur=1056863ms phase=Candidate(highReachedAt=1787726756270, hadVehicleExit=false, shownAt=1787726038273)
08-26 08:48:26.248 D PARKDIAG/Coord:   ⏳ CANDIDATE phase — elapsed=149958ms steps=0/8 → decision=Inconclusive
08-26 08:48:28.926 D PARKDIAG/Coord: ─ loc#258 lat=36.6084282 lon=-6.2782357 speed=0.032828305m/s acc=3.465m sessionAge=1075777ms
08-26 08:48:28.932 D PARKDIAG/Coord:   state hasEverMoved=false hasEverReachedDrivingSpeed=true userConfirmed=false vehicleExit=false stoppedSince=1787725849365 stoppedDur=1059559ms phase=Candidate(highReachedAt=1787726756270, hadVehicleExit=false, shownAt=1787726038273)
08-26 08:48:28.936 D PARKDIAG/Coord:   ⏳ CANDIDATE phase — elapsed=152654ms steps=0/8 → decision=Inconclusive
08-26 08:48:31.277 D PARKDIAG/Coord: ─ loc#259 lat=36.6084295 lon=-6.2782309 speed=0.032956205m/s acc=3.442m sessionAge=1078130ms
08-26 08:48:31.285 D PARKDIAG/Coord:   state hasEverMoved=false hasEverReachedDrivingSpeed=true userConfirmed=false vehicleExit=false stoppedSince=1787725849365 stoppedDur=1061912ms phase=Candidate(highReachedAt=1787726756270, hadVehicleExit=false, shownAt=1787726038273)
08-26 08:48:31.292 D PARKDIAG/Coord:   ⏳ CANDIDATE phase — elapsed=155007ms steps=0/8 → decision=Inconclusive
08-26 08:48:35.369 D PARKDIAG/SafetyNet: ■ detection running — skipping check
08-26 08:48:36.369 D PARKDIAG/Coord: ─ loc#260 lat=36.6084304 lon=-6.2782344 speed=0.047734816m/s acc=3.409m sessionAge=1083222ms
08-26 08:48:36.399 D PARKDIAG/Coord:   state hasEverMoved=false hasEverReachedDrivingSpeed=true userConfirmed=false vehicleExit=false stoppedSince=1787725849365 stoppedDur=1067004ms phase=Candidate(highReachedAt=1787726756270, hadVehicleExit=false, shownAt=1787726038273)
08-26 08:48:36.408 D PARKDIAG/Coord:   ⏳ CANDIDATE phase — elapsed=160099ms steps=0/8 → decision=Inconclusive
08-26 08:48:41.256 D PARKDIAG/Coord: ─ loc#261 lat=36.608432 lon=-6.2782313 speed=0.040938385m/s acc=3.358m sessionAge=1088109ms
08-26 08:48:41.258 D PARKDIAG/Coord:   state hasEverMoved=false hasEverReachedDrivingSpeed=true userConfirmed=false vehicleExit=false stoppedSince=1787725849365 stoppedDur=1071891ms phase=Candidate(highReachedAt=1787726756270, hadVehicleExit=false, shownAt=1787726038273)
08-26 08:48:41.259 D PARKDIAG/Coord:   ⏳ CANDIDATE phase — elapsed=164986ms steps=0/8 → decision=Inconclusive
08-26 08:48:46.233 D PARKDIAG/Coord: ─ loc#262 lat=36.6084329 lon=-6.278234 speed=0.04289643m/s acc=3.409m sessionAge=1093080ms
08-26 08:48:46.237 D PARKDIAG/Coord:   state hasEverMoved=false hasEverReachedDrivingSpeed=true userConfirmed=false vehicleExit=false stoppedSince=1787725849365 stoppedDur=1076862ms phase=Candidate(highReachedAt=1787726756270, hadVehicleExit=false, shownAt=1787726038273)
08-26 08:48:46.241 D PARKDIAG/Coord:   ⏳ CANDIDATE phase — elapsed=169957ms steps=0/8 → decision=Inconclusive
08-26 08:48:51.254 D PARKDIAG/Coord: ─ loc#263 lat=36.6084349 lon=-6.2782316 speed=0.04231401m/s acc=3.432m sessionAge=1098106ms
08-26 08:48:51.259 D PARKDIAG/Coord:   state hasEverMoved=false hasEverReachedDrivingSpeed=true userConfirmed=false vehicleExit=false stoppedSince=1787725849365 stoppedDur=1081888ms phase=Candidate(highReachedAt=1787726756270, hadVehicleExit=false, shownAt=1787726038273)
08-26 08:48:51.263 D PARKDIAG/Coord:   ⏳ CANDIDATE phase — elapsed=174983ms steps=0/8 → decision=Inconclusive
08-26 08:48:54.795 D PARKDIAG/Coord: ─ loc#264 lat=36.6084352 lon=-6.2782353 speed=0.03655959m/s acc=3.45m sessionAge=1101647ms
08-26 08:48:54.809 D PARKDIAG/Coord:   state hasEverMoved=false hasEverReachedDrivingSpeed=true userConfirmed=false vehicleExit=false stoppedSince=1787725849365 stoppedDur=1085429ms phase=Candidate(highReachedAt=1787726756270, hadVehicleExit=false, shownAt=1787726038273)
08-26 08:48:54.824 D PARKDIAG/Coord:   ⏳ CANDIDATE phase — elapsed=178524ms steps=0/8 → decision=Inconclusive
08-26 08:49:01.283 D PARKDIAG/Coord: ─ loc#265 lat=36.6084347 lon=-6.2782364 speed=0.040466554m/s acc=3.328m sessionAge=1108135ms
08-26 08:49:01.289 D PARKDIAG/Coord:   state hasEverMoved=false hasEverReachedDrivingSpeed=true userConfirmed=false vehicleExit=false stoppedSince=1787725849365 stoppedDur=1091917ms phase=Candidate(highReachedAt=1787726756270, hadVehicleExit=false, shownAt=1787726038273)
08-26 08:49:01.296 D PARKDIAG/Coord:   ⑊ no user response after 903009ms (limit=900000ms) → Ask(reason=NO_DRIVE, distanceMeters=null) [maxSpeed=0.0m/s pinned=true walkEntered=false walkFixes=1 stepEvents=0 sawSteps=true walkInSpan=5m carRest=1091917ms stopped=1091917ms gapMs=0] [DET-WALK-ENTERED-ANCHOR-ZONE-001][DET-GAP-ANCHOR-ZONE-001]
08-26 08:49:03.466 D PARKDIAG/Coord:   takeWhile=false — flow will end
08-26 08:49:03.921 W PARKDIAG/RetractDeducedDeparture: retract failed for spot=a786c135 — the short TTL still bounds it
  com.google.firebase.firestore.FirebaseFirestoreException: PERMISSION_DENIED: Missing or insufficient permissions.
	at com.google.firebase.firestore.util.Util.exceptionFromStatus(Util.java:152)
	at com.google.firebase.firestore.core.SyncEngine.notifyUser(SyncEngine.java:629)
	at com.google.firebase.firestore.core.SyncEngine.handleRejectedWrite(SyncEngine.java:511)
	at com.google.firebase.firestore.core.MemoryComponentProvider$RemoteStoreCallback.handleRejectedWrite(MemoryComponentProvider.java:135)
	at com.google.firebase.firestore.remote.RemoteStore.handleWriteError(RemoteStore.java:750)
	at com.google.firebase.firestore.remote.RemoteStore.handleWriteStreamClose(RemoteStore.java:706)
	at com.google.firebase.firestore.remote.RemoteStore.access$600(RemoteStore.java:62)
	at com.google.firebase.firestore.remote.RemoteStore$2.onClose(RemoteStore.java:220)
	at com.google.firebase.firestore.remote.AbstractStream.close(AbstractStream.java:379)
	at com.google.firebase.firestore.remote.AbstractStream.handleServerClose(AbstractStream.java:433)
	at com.google.firebase.firestore.remote.AbstractStream$StreamObserver.lambda$onClose$3$com-google-firebase-firestore-remote-AbstractStream$StreamObserver(AbstractStream.java:160)
	at com.google.firebase.firestore.remote.AbstractStream$StreamObserver$$ExternalSyntheticLambda3.run(D8$$SyntheticClass:0)
	at com.google.firebase.firestore.remote.AbstractStream$CloseGuardedRunner.run(AbstractStream.java:67)
	at com.google.firebase.firestore.remote.AbstractStream$StreamObserver.onClose(AbstractStream.java:146)
	at com.google.firebase.firestore.remote.FirestoreChannel$1.onClose(FirestoreChannel.java:173)
	at io.grpc.internal.ClientCallImpl.closeObserver(ClientCallImpl.java:574)
	at io.grpc.internal.ClientCallImpl.access$300(ClientCallImpl.java:72)
	at io.grpc.internal.ClientCallImpl$ClientStreamListenerImpl$1StreamClosed.runInternal(ClientCallImpl.java:742)
	at io.grpc.internal.ClientCallImpl$ClientStreamListenerImpl$1StreamClosed.runInContext(ClientCallImpl.java:723)
	at io.grpc.internal.ContextRunnable.run(ContextRunnable.java:37)
	at io.grpc.internal.SerializingExecutor.run(SerializingExecutor.java:133)
	at java.util.concurrent.Executors$RunnableAdapter.call(Executors.java:520)
	at java.util.concurrent.FutureTask.run(FutureTask.java:328)
	at java.util.concurrent.ScheduledThreadPoolExecutor$ScheduledFutureTask.run(ScheduledThreadPoolExecutor.java:323)
	at java.util.concurrent.ThreadPoolExecutor.runWorker(ThreadPoolExecutor.java:1100)
	at java.util.concurrent.ThreadPoolExecutor$Worker.run(ThreadPoolExecutor.java:624)
	at com.google.firebase.firestore.util.AsyncQueue$SynchronizedShutdownAwareExecutor$DelayedStartFactory.run(AsyncQueue.java:235)
	at java.lang.Thread.run(Thread.java:1572)
Caused by: io.grpc.StatusException: PERMISSION_DENIED: Missing or insufficient permissions.
	at io.grpc.Status.asException(Status.java:541)
	at com.google.firebase.firestore.util.Util.exceptionFromStatus(Util.java:150)
	... 27 more

08-26 08:49:03.934 D PARKDIAG/Coord: ■ coordinator.invoke() EXITED — locationCount=0 completed=true
08-26 08:49:03.935 D PARKDIAG/Service:     ✓ coordinator returned NORMALLY
08-26 08:49:03.951 D PARKDIAG/StepCounter: cumulative steps read → 2408
08-26 08:49:03.959 D PARKDIAG/Service:     ■ job complete → DetectionEnded(startId=4) → intake
08-26 08:49:03.991 D PARKDIAG/Service:   ⏾ enterSentry(detection-ended) — resident, GPS off, re-arming departure wake [DET-RESIDENT-FGS-001]
08-26 08:49:04.020 D PARKDIAG/SigMotion: sync → armed=true
08-26 08:49:04.174 D PARKDIAG/ExactNet: ⏰ exact net ARMED (exact=true, every 5 min)
08-26 08:49:04.201 D PARKDIAG/OneFix: fix lat=36.6084345 lon=-6.2782375 speed=0.04218173m/s acc=3.286m age=0s
08-26 08:49:04.244 D PARKDIAG/StepCounter: cumulative steps read → 2408
08-26 08:49:04.269 D PARKDIAG/SafetyNet: ▶ inside fence — re-registering geofence=a786c135-2500-42c4-8adc-dd7d695ae0d8 (poisoned 1005s ago, steps@anchor=2408)
08-26 08:49:04.347 D PARKDIAG/SafetyNet: [detection-end] geof=724147ef: sigues junto al coche (d=24m, radio 103m) → resello la referencia de pasos; la valla se re-registró hace 304min, no toca aún · geof=a786c135: sigues junto al coche (d=11m, radio 85m) → re-registro la valla por si el sistema la borró
08-26 08:55:17.382 D PARKDIAG/ExactNet: ⏰ exact heartbeat fired (doze stretch: 73217 ms)
08-26 08:55:17.550 D PARKDIAG/OneFix: fix lat=36.6084345 lon=-6.2782375 speed=0.0m/s acc=100.0m age=0s
08-26 08:55:17.570 D PARKDIAG/StepCounter: cumulative steps read → 2408
08-26 08:55:17.589 D PARKDIAG/SafetyNet: [exact-alarm] geof=724147ef: sigues junto al coche (d=24m, radio 103m) → resello la referencia de pasos; la valla se re-registró hace 311min, no toca aún · geof=a786c135: sigues junto al coche (d=11m, radio 85m) → resello la referencia de pasos; la valla se re-registró hace 6min, no toca aún
08-26 09:01:17.535 D PARKDIAG/ExactNet: ⏰ exact heartbeat fired (doze stretch: 60050 ms)
08-26 09:01:17.732 D PARKDIAG/OneFix: fix lat=36.6084345 lon=-6.2782375 speed=0.0m/s acc=100.0m age=0s
08-26 09:01:17.770 D PARKDIAG/StepCounter: cumulative steps read → 2408
08-26 09:01:17.790 D PARKDIAG/SafetyNet: [exact-alarm] geof=724147ef: sigues junto al coche (d=24m, radio 103m) → resello la referencia de pasos; la valla se re-registró hace 317min, no toca aún · geof=a786c135: sigues junto al coche (d=11m, radio 85m) → resello la referencia de pasos; la valla se re-registró hace 12min, no toca aún
08-26 09:03:35.531 D PARKDIAG/OneFix: fix lat=36.6084345 lon=-6.2782375 speed=0.0m/s acc=100.0m age=0s
08-26 09:03:35.598 D PARKDIAG/StepCounter: cumulative steps read → 2408
08-26 09:03:35.621 D PARKDIAG/SafetyNet: [periodic] geof=724147ef: sigues junto al coche (d=24m, radio 103m) → resello la referencia de pasos; la valla se re-registró hace 319min, no toca aún · geof=a786c135: sigues junto al coche (d=11m, radio 85m) → resello la referencia de pasos; la valla se re-registró hace 14min, no toca aún
08-26 09:10:06.573 D PARKDIAG/ExactNet: ⏰ exact heartbeat fired (doze stretch: 91106 ms)
08-26 09:10:06.802 D PARKDIAG/OneFix: fix lat=36.6084345 lon=-6.2782375 speed=0.0m/s acc=100.0m age=0s
08-26 09:10:06.830 D PARKDIAG/StepCounter: cumulative steps read → 2408
08-26 09:10:06.844 D PARKDIAG/SafetyNet: [exact-alarm] geof=724147ef: sigues junto al coche (d=24m, radio 103m) → resello la referencia de pasos; la valla se re-registró hace 325min, no toca aún · geof=a786c135: sigues junto al coche (d=11m, radio 85m) → resello la referencia de pasos; la valla se re-registró hace 21min, no toca aún
08-26 09:15:23.705 D PARKDIAG/ExactNet: ⏰ exact heartbeat fired (doze stretch: 16986 ms)
08-26 09:15:23.953 D PARKDIAG/OneFix: fix lat=36.6084345 lon=-6.2782375 speed=0.0m/s acc=100.0m age=17s
08-26 09:15:24.008 D PARKDIAG/StepCounter: cumulative steps read → 2408
08-26 09:15:24.027 D PARKDIAG/SafetyNet: [exact-alarm] geof=724147ef: sigues junto al coche (d=24m, radio 103m) → resello la referencia de pasos; la valla se re-registró hace 331min, no toca aún · geof=a786c135: sigues junto al coche (d=11m, radio 85m) → resello la referencia de pasos; la valla se re-registró hace 26min, no toca aún
08-26 09:16:57.106 D PARKDIAG/SigMotion: ▶ significant motion — SENTRY resident, direct wake [DET-RESIDENT-FGS-001]
08-26 09:16:57.196 D PARKDIAG/Service: ▶ onStartCommand action=io.apptolast.paparcar.ACTION_SENTRY_WAKE flags=0 startId=5
08-26 09:16:57.225 D PARKDIAG/Service:   ✓ startForeground done (locationPermission=true)
08-26 09:16:57.255 D PARKDIAG/Service:   → SENTRY_WAKE — significant motion on live process, arming Coordinator (Unverified) [DET-RESIDENT-FGS-001]
08-26 09:16:57.312 D PARKDIAG/Service:   ▶ startParkingDetection — launching coordinator (trigger=SIGNIFICANT_MOTION)
08-26 09:16:57.359 D PARKDIAG/Service:     ▶ detection coroutine entered, invoking coordinator
08-26 09:16:57.381 D PARKDIAG/Coord: ▶ coordinator.invoke() entry (armEvidence=self_observed) — calling reset()
08-26 09:16:57.383 D PARKDIAG/Coord:   → session-start dismiss PARKING_CONFIRMATION (savedConfirmAge=nullms, limit=900000ms)
08-26 09:17:07.288 D PARKDIAG/Coord: ─ loc#1 lat=36.6082933 lon=-6.2783333 speed=7.79115E-5m/s acc=8.9m sessionAge=9907ms
08-26 09:17:07.290 D PARKDIAG/Coord:   state hasEverMoved=false hasEverReachedDrivingSpeed=false userConfirmed=false vehicleExit=false stoppedSince=1787728627287 stoppedDur=0ms phase=Idle
08-26 09:17:07.300 D PARKDIAG/Coord:   ⏸ skipping: !hasEverReachedDrivingSpeed
08-26 09:17:13.230 D PARKDIAG/Coord: ─ loc#2 lat=36.6083321 lon=-6.2783068 speed=0.36717558m/s acc=27.377m sessionAge=15850ms
08-26 09:17:13.234 D PARKDIAG/Coord:   state hasEverMoved=false hasEverReachedDrivingSpeed=false userConfirmed=false vehicleExit=false stoppedSince=1787728627287 stoppedDur=5943ms phase=Idle
08-26 09:17:13.245 D PARKDIAG/Coord:   ⏸ skipping: !hasEverReachedDrivingSpeed
08-26 09:17:17.128 D PARKDIAG/Coord: ─ loc#3 lat=36.60834 lon=-6.2782869 speed=0.70772445m/s acc=25.695m sessionAge=19741ms
08-26 09:17:17.132 D PARKDIAG/Coord:   state hasEverMoved=false hasEverReachedDrivingSpeed=false userConfirmed=false vehicleExit=false stoppedSince=1787728627287 stoppedDur=9834ms phase=Idle
08-26 09:17:17.135 D PARKDIAG/Coord:   ⏸ skipping: !hasEverReachedDrivingSpeed
08-26 09:17:23.268 D PARKDIAG/Coord: ─ loc#4 lat=36.6084257 lon=-6.2782074 speed=0.08639674m/s acc=13.22m sessionAge=25887ms
08-26 09:17:23.273 D PARKDIAG/Coord:   state hasEverMoved=false hasEverReachedDrivingSpeed=false userConfirmed=false vehicleExit=false stoppedSince=1787728627287 stoppedDur=15980ms phase=Idle
08-26 09:17:23.277 D PARKDIAG/Coord:   ⏸ skipping: !hasEverReachedDrivingSpeed
08-26 09:17:25.589 D PARKDIAG/Coord: ─ loc#5 lat=36.6083813 lon=-6.2782413 speed=0.06384516m/s acc=12.694m sessionAge=28207ms
08-26 09:17:25.605 D PARKDIAG/Coord:   state hasEverMoved=false hasEverReachedDrivingSpeed=false userConfirmed=false vehicleExit=false stoppedSince=1787728627287 stoppedDur=18300ms phase=Idle
08-26 09:17:25.610 D PARKDIAG/Coord:   ⏸ skipping: !hasEverReachedDrivingSpeed
08-26 09:17:28.275 D PARKDIAG/Coord: ─ loc#6 lat=36.6084004 lon=-6.2782227 speed=0.060667057m/s acc=11.662m sessionAge=30895ms
08-26 09:17:28.280 D PARKDIAG/Coord:   state hasEverMoved=false hasEverReachedDrivingSpeed=false userConfirmed=false vehicleExit=false stoppedSince=1787728627287 stoppedDur=20988ms phase=Idle
08-26 09:17:28.285 D PARKDIAG/Coord:   ⏸ skipping: !hasEverReachedDrivingSpeed
08-26 09:17:33.305 D PARKDIAG/Coord: ─ loc#7 lat=36.6083555 lon=-6.2782572 speed=0.07453996m/s acc=8.88m sessionAge=35924ms
08-26 09:17:33.310 D PARKDIAG/Coord:   state hasEverMoved=false hasEverReachedDrivingSpeed=false userConfirmed=false vehicleExit=false stoppedSince=1787728627287 stoppedDur=26017ms phase=Idle
08-26 09:17:33.314 D PARKDIAG/Coord:   ⏸ skipping: !hasEverReachedDrivingSpeed
08-26 09:17:38.276 D PARKDIAG/Coord: ─ loc#8 lat=36.6083483 lon=-6.2782669 speed=0.05561815m/s acc=7.514m sessionAge=40895ms
08-26 09:17:38.281 D PARKDIAG/Coord:   state hasEverMoved=false hasEverReachedDrivingSpeed=false userConfirmed=false vehicleExit=false stoppedSince=1787728627287 stoppedDur=30988ms phase=Idle
08-26 09:17:38.287 D PARKDIAG/Coord:   ⏸ skipping: !hasEverReachedDrivingSpeed
08-26 09:17:42.361 D PARKDIAG/Coord: ─ loc#9 lat=36.6083698 lon=-6.2782396 speed=0.053295825m/s acc=6.284m sessionAge=44980ms
08-26 09:17:42.367 D PARKDIAG/Coord:   state hasEverMoved=false hasEverReachedDrivingSpeed=false userConfirmed=false vehicleExit=false stoppedSince=1787728627287 stoppedDur=35073ms phase=Idle
08-26 09:17:42.372 D PARKDIAG/Coord:   ⏸ skipping: !hasEverReachedDrivingSpeed
08-26 09:17:48.274 D PARKDIAG/Coord: ─ loc#10 lat=36.6083917 lon=-6.2782246 speed=0.047862776m/s acc=4.723m sessionAge=50893ms
08-26 09:17:48.277 D PARKDIAG/Coord:   state hasEverMoved=false hasEverReachedDrivingSpeed=false userConfirmed=false vehicleExit=false stoppedSince=1787728627287 stoppedDur=40986ms phase=Idle
08-26 09:17:48.282 D PARKDIAG/Coord:   ⏸ skipping: !hasEverReachedDrivingSpeed
08-26 09:17:50.959 D PARKDIAG/Coord: ─ loc#11 lat=36.6083952 lon=-6.2782209 speed=0.05664866m/s acc=4.416m sessionAge=53578ms
08-26 09:17:50.963 D PARKDIAG/Coord:   state hasEverMoved=false hasEverReachedDrivingSpeed=false userConfirmed=false vehicleExit=false stoppedSince=1787728627287 stoppedDur=43671ms phase=Idle
08-26 09:17:50.967 D PARKDIAG/Coord:   ⏸ skipping: !hasEverReachedDrivingSpeed
08-26 09:17:53.290 D PARKDIAG/Coord: ─ loc#12 lat=36.6084011 lon=-6.2782175 speed=0.060869638m/s acc=4.434m sessionAge=55909ms
08-26 09:17:53.296 D PARKDIAG/Coord:   state hasEverMoved=false hasEverReachedDrivingSpeed=false userConfirmed=false vehicleExit=false stoppedSince=1787728627287 stoppedDur=46002ms phase=Idle
08-26 09:17:53.301 D PARKDIAG/Coord:   ⏸ skipping: !hasEverReachedDrivingSpeed
08-26 09:17:58.271 D PARKDIAG/Coord: ─ loc#13 lat=36.6084031 lon=-6.2782125 speed=0.039546385m/s acc=4.406m sessionAge=60890ms
08-26 09:17:58.276 D PARKDIAG/Coord:   state hasEverMoved=false hasEverReachedDrivingSpeed=false userConfirmed=false vehicleExit=false stoppedSince=1787728627287 stoppedDur=50983ms phase=Idle
08-26 09:17:58.280 D PARKDIAG/Coord:   ⏸ skipping: !hasEverReachedDrivingSpeed
08-26 09:18:03.302 D PARKDIAG/Coord: ─ loc#14 lat=36.6084122 lon=-6.2782036 speed=0.048264574m/s acc=4.506m sessionAge=65922ms
08-26 09:18:03.307 D PARKDIAG/Coord:   state hasEverMoved=false hasEverReachedDrivingSpeed=false userConfirmed=false vehicleExit=false stoppedSince=1787728627287 stoppedDur=56015ms phase=Idle
08-26 09:18:03.311 D PARKDIAG/Coord:   ⏸ skipping: !hasEverReachedDrivingSpeed
08-26 09:18:08.146 D PARKDIAG/Coord: ─ loc#15 lat=36.6084159 lon=-6.2781977 speed=0.048620265m/s acc=4.716m sessionAge=70766ms
08-26 09:18:08.149 D PARKDIAG/Coord:   state hasEverMoved=false hasEverReachedDrivingSpeed=false userConfirmed=false vehicleExit=false stoppedSince=1787728627287 stoppedDur=60859ms phase=Idle
08-26 09:18:08.152 D PARKDIAG/Coord:   ⏸ skipping: !hasEverReachedDrivingSpeed
08-26 09:18:13.235 D PARKDIAG/Coord: ─ loc#16 lat=36.6084224 lon=-6.2781885 speed=0.0534722m/s acc=4.502m sessionAge=75855ms
08-26 09:18:13.237 D PARKDIAG/Coord:   state hasEverMoved=false hasEverReachedDrivingSpeed=false userConfirmed=false vehicleExit=false stoppedSince=1787728627287 stoppedDur=65948ms phase=Idle
08-26 09:18:13.241 D PARKDIAG/Coord:   ⏸ skipping: !hasEverReachedDrivingSpeed
08-26 09:18:16.750 D PARKDIAG/Coord: ─ loc#17 lat=36.6084237 lon=-6.2781842 speed=0.0449396m/s acc=4.129m sessionAge=79365ms
08-26 09:18:16.754 D PARKDIAG/Coord:   state hasEverMoved=false hasEverReachedDrivingSpeed=false userConfirmed=false vehicleExit=false stoppedSince=1787728627287 stoppedDur=69458ms phase=Idle
08-26 09:18:16.756 D PARKDIAG/Coord:   ⏸ skipping: !hasEverReachedDrivingSpeed
08-26 09:18:23.273 D PARKDIAG/Coord: ─ loc#18 lat=36.6084264 lon=-6.2781782 speed=0.049181946m/s acc=3.65m sessionAge=85893ms
08-26 09:18:23.276 D PARKDIAG/Coord:   state hasEverMoved=false hasEverReachedDrivingSpeed=false userConfirmed=false vehicleExit=false stoppedSince=1787728627287 stoppedDur=75986ms phase=Idle
08-26 09:18:23.278 D PARKDIAG/Coord:   ⏸ skipping: !hasEverReachedDrivingSpeed
08-26 09:18:25.241 D PARKDIAG/Coord: ─ loc#19 lat=36.6084262 lon=-6.278177 speed=0.036631748m/s acc=3.379m sessionAge=87860ms
08-26 09:18:25.250 D PARKDIAG/Coord:   state hasEverMoved=false hasEverReachedDrivingSpeed=false userConfirmed=false vehicleExit=false stoppedSince=1787728627287 stoppedDur=77953ms phase=Idle
08-26 09:18:25.255 D PARKDIAG/Coord:   ⏸ skipping: !hasEverReachedDrivingSpeed
08-26 09:18:28.298 D PARKDIAG/Coord: ─ loc#20 lat=36.6084275 lon=-6.2781753 speed=0.03906006m/s acc=3.323m sessionAge=90916ms
08-26 09:18:28.303 D PARKDIAG/Coord:   state hasEverMoved=false hasEverReachedDrivingSpeed=false userConfirmed=false vehicleExit=false stoppedSince=1787728627287 stoppedDur=81009ms phase=Idle
08-26 09:18:28.308 D PARKDIAG/Coord:   ⏸ skipping: !hasEverReachedDrivingSpeed
08-26 09:18:33.287 D PARKDIAG/Coord: ─ loc#21 lat=36.6084277 lon=-6.2781746 speed=0.056604825m/s acc=3.246m sessionAge=95906ms
08-26 09:18:33.291 D PARKDIAG/Coord:   state hasEverMoved=false hasEverReachedDrivingSpeed=false userConfirmed=false vehicleExit=false stoppedSince=1787728627287 stoppedDur=85999ms phase=Idle
08-26 09:18:33.294 D PARKDIAG/Coord:   ⏸ skipping: !hasEverReachedDrivingSpeed
08-26 09:18:35.705 D PARKDIAG/ExactNet: ⏰ exact net DISARMED — no parked session to watch
08-26 09:18:35.710 D PARKDIAG/SafetyNet: ■ detection running — skipping check
08-26 09:18:38.294 D PARKDIAG/Coord: ─ loc#22 lat=36.6084287 lon=-6.2781731 speed=0.046487812m/s acc=3.194m sessionAge=100913ms
08-26 09:18:38.298 D PARKDIAG/Coord:   state hasEverMoved=false hasEverReachedDrivingSpeed=false userConfirmed=false vehicleExit=false stoppedSince=1787728627287 stoppedDur=91006ms phase=Idle
08-26 09:18:38.307 D PARKDIAG/Coord:   ⏸ skipping: !hasEverReachedDrivingSpeed
08-26 09:18:42.513 D PARKDIAG/Coord: ─ loc#23 lat=36.6084292 lon=-6.2781726 speed=0.04283508m/s acc=3.067m sessionAge=105133ms
08-26 09:18:42.515 D PARKDIAG/Coord:   state hasEverMoved=false hasEverReachedDrivingSpeed=false userConfirmed=false vehicleExit=false stoppedSince=1787728627287 stoppedDur=95226ms phase=Idle
08-26 09:18:42.521 D PARKDIAG/Coord:   ⏸ skipping: !hasEverReachedDrivingSpeed
08-26 09:18:48.247 D PARKDIAG/Coord: ─ loc#24 lat=36.608431 lon=-6.2781719 speed=0.03457437m/s acc=3.111m sessionAge=110867ms
08-26 09:18:48.259 D PARKDIAG/Coord:   state hasEverMoved=false hasEverReachedDrivingSpeed=false userConfirmed=false vehicleExit=false stoppedSince=1787728627287 stoppedDur=100960ms phase=Idle
08-26 09:18:48.260 D PARKDIAG/Coord:   ⏸ skipping: !hasEverReachedDrivingSpeed
08-26 09:18:51.145 D PARKDIAG/Coord: ─ loc#25 lat=36.6084305 lon=-6.278172 speed=0.058521368m/s acc=3.139m sessionAge=113764ms
08-26 09:18:51.150 D PARKDIAG/Coord:   state hasEverMoved=false hasEverReachedDrivingSpeed=false userConfirmed=false vehicleExit=false stoppedSince=1787728627287 stoppedDur=103857ms phase=Idle
08-26 09:18:51.153 D PARKDIAG/Coord:   ⏸ skipping: !hasEverReachedDrivingSpeed
08-26 09:18:53.231 D PARKDIAG/Coord: ─ loc#26 lat=36.6084317 lon=-6.2781718 speed=0.05855828m/s acc=3.17m sessionAge=115850ms
08-26 09:18:53.233 D PARKDIAG/Coord:   state hasEverMoved=false hasEverReachedDrivingSpeed=false userConfirmed=false vehicleExit=false stoppedSince=1787728627287 stoppedDur=105943ms phase=Idle
08-26 09:18:53.235 D PARKDIAG/Coord:   ⏸ skipping: !hasEverReachedDrivingSpeed
08-26 09:18:58.222 D PARKDIAG/Coord: ─ loc#27 lat=36.6084292 lon=-6.2781724 speed=0.04143464m/s acc=3.224m sessionAge=120842ms
08-26 09:18:58.224 D PARKDIAG/Coord:   state hasEverMoved=false hasEverReachedDrivingSpeed=false userConfirmed=false vehicleExit=false stoppedSince=1787728627287 stoppedDur=110935ms phase=Idle
08-26 09:18:58.226 D PARKDIAG/Coord:   ⏸ skipping: !hasEverReachedDrivingSpeed
08-26 09:19:03.305 D PARKDIAG/Coord: ─ loc#28 lat=36.6084277 lon=-6.2781735 speed=0.045790922m/s acc=3.193m sessionAge=125923ms
08-26 09:19:03.311 D PARKDIAG/Coord:   state hasEverMoved=false hasEverReachedDrivingSpeed=false userConfirmed=false vehicleExit=false stoppedSince=1787728627287 stoppedDur=116016ms phase=Idle
08-26 09:19:03.316 D PARKDIAG/Coord:   ⏸ skipping: !hasEverReachedDrivingSpeed
08-26 09:19:08.296 D PARKDIAG/Coord: ─ loc#29 lat=36.6084262 lon=-6.2781748 speed=0.0505426m/s acc=3.252m sessionAge=130915ms
08-26 09:19:08.303 D PARKDIAG/Coord:   state hasEverMoved=false hasEverReachedDrivingSpeed=false userConfirmed=false vehicleExit=false stoppedSince=1787728627287 stoppedDur=121008ms phase=Idle
08-26 09:19:08.306 D PARKDIAG/Coord:   ⏸ skipping: !hasEverReachedDrivingSpeed
08-26 09:19:13.282 D PARKDIAG/Coord: ─ loc#30 lat=36.6084261 lon=-6.2781764 speed=0.05224343m/s acc=3.353m sessionAge=135901ms
08-26 09:19:13.285 D PARKDIAG/Coord:   state hasEverMoved=false hasEverReachedDrivingSpeed=false userConfirmed=false vehicleExit=false stoppedSince=1787728627287 stoppedDur=125994ms phase=Idle
08-26 09:19:13.288 D PARKDIAG/Coord:   ⏸ skipping: !hasEverReachedDrivingSpeed
08-26 09:19:16.939 D PARKDIAG/Coord: ─ loc#31 lat=36.608424 lon=-6.2781777 speed=0.047724124m/s acc=3.282m sessionAge=139558ms
08-26 09:19:16.947 D PARKDIAG/Coord:   state hasEverMoved=false hasEverReachedDrivingSpeed=false userConfirmed=false vehicleExit=false stoppedSince=1787728627287 stoppedDur=129651ms phase=Idle
08-26 09:19:16.951 D PARKDIAG/Coord:   ⏸ skipping: !hasEverReachedDrivingSpeed
08-26 09:19:23.284 D PARKDIAG/Coord: ─ loc#32 lat=36.6084229 lon=-6.2781786 speed=0.057017498m/s acc=3.326m sessionAge=145903ms
08-26 09:19:23.286 D PARKDIAG/Coord:   state hasEverMoved=false hasEverReachedDrivingSpeed=false userConfirmed=false vehicleExit=false stoppedSince=1787728627287 stoppedDur=135996ms phase=Idle
08-26 09:19:23.289 D PARKDIAG/Coord:   ⏸ skipping: !hasEverReachedDrivingSpeed
08-26 09:19:25.555 D PARKDIAG/Coord: ─ loc#33 lat=36.6084227 lon=-6.2781795 speed=0.053243387m/s acc=3.382m sessionAge=148174ms
08-26 09:19:25.560 D PARKDIAG/Coord:   state hasEverMoved=false hasEverReachedDrivingSpeed=false userConfirmed=false vehicleExit=false stoppedSince=1787728627287 stoppedDur=138267ms phase=Idle
08-26 09:19:25.563 D PARKDIAG/Coord:   ⏸ skipping: !hasEverReachedDrivingSpeed
08-26 09:19:28.289 D PARKDIAG/Coord: ─ loc#34 lat=36.6084241 lon=-6.2781793 speed=0.053669788m/s acc=3.421m sessionAge=150908ms
08-26 09:19:28.294 D PARKDIAG/Coord:   state hasEverMoved=false hasEverReachedDrivingSpeed=false userConfirmed=false vehicleExit=false stoppedSince=1787728627287 stoppedDur=141001ms phase=Idle
08-26 09:19:28.299 D PARKDIAG/Coord:   ⏸ skipping: !hasEverReachedDrivingSpeed
08-26 09:19:33.289 D PARKDIAG/Coord: ─ loc#35 lat=36.6084221 lon=-6.2781788 speed=0.047731705m/s acc=3.496m sessionAge=155908ms
08-26 09:19:33.299 D PARKDIAG/Coord:   state hasEverMoved=false hasEverReachedDrivingSpeed=false userConfirmed=false vehicleExit=false stoppedSince=1787728627287 stoppedDur=146001ms phase=Idle
08-26 09:19:33.312 D PARKDIAG/Coord:   ⏸ skipping: !hasEverReachedDrivingSpeed
08-26 09:19:38.276 D PARKDIAG/Coord: ─ loc#36 lat=36.6084218 lon=-6.2781792 speed=0.056693077m/s acc=3.493m sessionAge=160895ms
08-26 09:19:38.280 D PARKDIAG/Coord:   state hasEverMoved=false hasEverReachedDrivingSpeed=false userConfirmed=false vehicleExit=false stoppedSince=1787728627287 stoppedDur=150988ms phase=Idle
08-26 09:19:38.284 D PARKDIAG/Coord:   ⏸ skipping: !hasEverReachedDrivingSpeed
08-26 09:19:42.753 D PARKDIAG/Coord: ─ loc#37 lat=36.6084208 lon=-6.2781813 speed=0.042757526m/s acc=3.428m sessionAge=165372ms
08-26 09:19:42.757 D PARKDIAG/Coord:   state hasEverMoved=false hasEverReachedDrivingSpeed=false userConfirmed=false vehicleExit=false stoppedSince=1787728627287 stoppedDur=155465ms phase=Idle
08-26 09:19:42.764 D PARKDIAG/Coord:   ⏸ skipping: !hasEverReachedDrivingSpeed
08-26 09:19:48.305 D PARKDIAG/Coord: ─ loc#38 lat=36.6084215 lon=-6.2781829 speed=0.051075708m/s acc=3.366m sessionAge=170924ms
08-26 09:19:48.310 D PARKDIAG/Coord:   state hasEverMoved=false hasEverReachedDrivingSpeed=false userConfirmed=false vehicleExit=false stoppedSince=1787728627287 stoppedDur=161017ms phase=Idle
08-26 09:19:48.314 D PARKDIAG/Coord:   ⏸ skipping: !hasEverReachedDrivingSpeed
08-26 09:19:51.369 D PARKDIAG/Coord: ─ loc#39 lat=36.608421 lon=-6.2781838 speed=0.0534188m/s acc=3.312m sessionAge=173987ms
08-26 09:19:51.374 D PARKDIAG/Coord:   state hasEverMoved=false hasEverReachedDrivingSpeed=false userConfirmed=false vehicleExit=false stoppedSince=1787728627287 stoppedDur=164080ms phase=Idle
08-26 09:19:51.379 D PARKDIAG/Coord:   ⏸ skipping: !hasEverReachedDrivingSpeed
08-26 09:19:53.293 D PARKDIAG/Coord: ─ loc#40 lat=36.6084212 lon=-6.2781836 speed=0.05393862m/s acc=3.311m sessionAge=175912ms
08-26 09:19:53.300 D PARKDIAG/Coord:   state hasEverMoved=false hasEverReachedDrivingSpeed=false userConfirmed=false vehicleExit=false stoppedSince=1787728627287 stoppedDur=166005ms phase=Idle
08-26 09:19:53.305 D PARKDIAG/Coord:   ⏸ skipping: !hasEverReachedDrivingSpeed
08-26 09:19:58.250 D PARKDIAG/Coord: ─ loc#41 lat=36.608421 lon=-6.2781848 speed=0.05158954m/s acc=3.393m sessionAge=180869ms
08-26 09:19:58.251 D PARKDIAG/Coord:   state hasEverMoved=false hasEverReachedDrivingSpeed=false userConfirmed=false vehicleExit=false stoppedSince=1787728627287 stoppedDur=170962ms phase=Idle
08-26 09:19:58.255 D PARKDIAG/Coord:   ⏸ skipping: !hasEverReachedDrivingSpeed
08-26 09:20:01.397 D PARKDIAG/Coord: ─ loc#42 lat=36.608419 lon=-6.2781863 speed=0.029359244m/s acc=3.459m sessionAge=184016ms
08-26 09:20:01.403 D PARKDIAG/Coord:   state hasEverMoved=false hasEverReachedDrivingSpeed=false userConfirmed=false vehicleExit=false stoppedSince=1787728627287 stoppedDur=174109ms phase=Idle
08-26 09:20:01.406 D PARKDIAG/Coord:   ⏸ skipping: !hasEverReachedDrivingSpeed
08-26 09:20:01.675 D PARKDIAG/Service: ▶ onStartCommand action=io.apptolast.paparcar.ACTION_AR_TRANSITION flags=0 startId=6
08-26 09:20:01.717 D PARKDIAG/Service:   ✓ startForeground done (locationPermission=true)
08-26 09:20:01.749 D PARKDIAG/ARReceiver:   → IN_VEHICLE ENTER
08-26 09:20:01.750 D PARKDIAG/ARReceiver:   ✓ IN_VEHICLE ENTER → bus stamped (trueTime=1787728801483, lag=267ms) [DET-SOLID-001]
08-26 09:20:01.772 D PARKDIAG/Service:   ↻ AR_TRANSITION — coordinator already running (same area); not re-arming [DET-AR-REARM-001]
08-26 09:20:01.932 D PARKDIAG/SafetyNet: ■ detection running — skipping check
08-26 09:20:03.346 D PARKDIAG/Coord: ─ loc#43 lat=36.6083583 lon=-6.27822 speed=0.63516724m/s acc=2.792m sessionAge=185966ms
08-26 09:20:03.354 D PARKDIAG/Coord:   state hasEverMoved=false hasEverReachedDrivingSpeed=false userConfirmed=false vehicleExit=false stoppedSince=1787728627287 stoppedDur=176059ms phase=Idle
08-26 09:20:03.356 D PARKDIAG/Coord:   ⏸ skipping: !hasEverReachedDrivingSpeed
08-26 09:20:05.264 D PARKDIAG/Coord: ─ loc#44 lat=36.6083583 lon=-6.27822 speed=0.0m/s acc=2.475m sessionAge=187884ms
08-26 09:20:05.266 D PARKDIAG/Coord:   state hasEverMoved=false hasEverReachedDrivingSpeed=false userConfirmed=false vehicleExit=false stoppedSince=1787728627287 stoppedDur=177977ms phase=Idle
08-26 09:20:05.267 D PARKDIAG/Coord:   ⏸ skipping: !hasEverReachedDrivingSpeed
08-26 09:20:07.234 D PARKDIAG/Coord: ─ loc#45 lat=36.608355 lon=-6.2782183 speed=0.0m/s acc=2.25m sessionAge=189853ms
08-26 09:20:07.241 D PARKDIAG/Coord:   state hasEverMoved=false hasEverReachedDrivingSpeed=false userConfirmed=false vehicleExit=false stoppedSince=1787728627287 stoppedDur=179946ms phase=Idle
08-26 09:20:07.242 D PARKDIAG/Coord:   ⏸ skipping: !hasEverReachedDrivingSpeed
08-26 09:20:09.231 D PARKDIAG/Coord: ─ loc#46 lat=36.6083567 lon=-6.27822 speed=0.0m/s acc=1.966m sessionAge=191851ms
08-26 09:20:09.233 D PARKDIAG/Coord:   state hasEverMoved=false hasEverReachedDrivingSpeed=false userConfirmed=false vehicleExit=false stoppedSince=1787728627287 stoppedDur=181944ms phase=Idle
08-26 09:20:09.234 D PARKDIAG/Coord:   ⏸ skipping: !hasEverReachedDrivingSpeed
08-26 09:20:11.246 D PARKDIAG/Coord: ─ loc#47 lat=36.6083617 lon=-6.2782233 speed=0.0m/s acc=1.666m sessionAge=193865ms
08-26 09:20:11.249 D PARKDIAG/Coord:   state hasEverMoved=false hasEverReachedDrivingSpeed=false userConfirmed=false vehicleExit=false stoppedSince=1787728627287 stoppedDur=183958ms phase=Idle
08-26 09:20:11.253 D PARKDIAG/Coord:   ⏸ skipping: !hasEverReachedDrivingSpeed
08-26 09:20:13.255 D PARKDIAG/Coord: ─ loc#48 lat=36.6083633 lon=-6.2782233 speed=0.0m/s acc=1.583m sessionAge=195874ms
08-26 09:20:13.258 D PARKDIAG/Coord:   state hasEverMoved=false hasEverReachedDrivingSpeed=false userConfirmed=false vehicleExit=false stoppedSince=1787728627287 stoppedDur=185967ms phase=Idle
08-26 09:20:13.261 D PARKDIAG/Coord:   ⏸ skipping: !hasEverReachedDrivingSpeed
08-26 09:20:15.279 D PARKDIAG/Coord: ─ loc#49 lat=36.6083683 lon=-6.2782217 speed=0.0m/s acc=1.55m sessionAge=197898ms
08-26 09:20:15.284 D PARKDIAG/Coord:   state hasEverMoved=false hasEverReachedDrivingSpeed=false userConfirmed=false vehicleExit=false stoppedSince=1787728627287 stoppedDur=187991ms phase=Idle
08-26 09:20:15.289 D PARKDIAG/Coord:   ⏸ skipping: !hasEverReachedDrivingSpeed
08-26 09:20:17.266 D PARKDIAG/Coord: ─ loc#50 lat=36.6083733 lon=-6.2782217 speed=0.0m/s acc=1.55m sessionAge=199884ms
08-26 09:20:17.271 D PARKDIAG/Coord:   state hasEverMoved=false hasEverReachedDrivingSpeed=false userConfirmed=false vehicleExit=false stoppedSince=1787728627287 stoppedDur=189977ms phase=Idle
08-26 09:20:17.275 D PARKDIAG/Coord:   ⏸ skipping: !hasEverReachedDrivingSpeed
08-26 09:20:19.230 D PARKDIAG/Coord: ─ loc#51 lat=36.6083667 lon=-6.2782117 speed=0.0m/s acc=1.583m sessionAge=201849ms
08-26 09:20:19.233 D PARKDIAG/Coord:   state hasEverMoved=false hasEverReachedDrivingSpeed=false userConfirmed=false vehicleExit=false stoppedSince=1787728627287 stoppedDur=191942ms phase=Idle
08-26 09:20:19.236 D PARKDIAG/Coord:   ⏸ skipping: !hasEverReachedDrivingSpeed
08-26 09:20:21.265 D PARKDIAG/Coord: ─ loc#52 lat=36.6083667 lon=-6.2782133 speed=0.0m/s acc=1.616m sessionAge=203884ms
08-26 09:20:21.274 D PARKDIAG/Coord:   state hasEverMoved=false hasEverReachedDrivingSpeed=false userConfirmed=false vehicleExit=false stoppedSince=1787728627287 stoppedDur=193977ms phase=Idle
08-26 09:20:21.279 D PARKDIAG/Coord:   ⏸ skipping: !hasEverReachedDrivingSpeed
08-26 09:20:23.231 D PARKDIAG/Coord: ─ loc#53 lat=36.6083717 lon=-6.2782117 speed=0.0m/s acc=1.616m sessionAge=205850ms
08-26 09:20:23.234 D PARKDIAG/Coord:   state hasEverMoved=false hasEverReachedDrivingSpeed=false userConfirmed=false vehicleExit=false stoppedSince=1787728627287 stoppedDur=195943ms phase=Idle
08-26 09:20:23.240 D PARKDIAG/Coord:   ⏸ skipping: !hasEverReachedDrivingSpeed
08-26 09:20:25.276 D PARKDIAG/Coord: ─ loc#54 lat=36.608375 lon=-6.2782117 speed=0.0m/s acc=1.566m sessionAge=207895ms
08-26 09:20:25.281 D PARKDIAG/Coord:   state hasEverMoved=false hasEverReachedDrivingSpeed=false userConfirmed=false vehicleExit=false stoppedSince=1787728627287 stoppedDur=197988ms phase=Idle
08-26 09:20:25.285 D PARKDIAG/Coord:   ⏸ skipping: !hasEverReachedDrivingSpeed
08-26 09:20:27.240 D PARKDIAG/Coord: ─ loc#55 lat=36.6083767 lon=-6.2782083 speed=0.0m/s acc=1.566m sessionAge=209860ms
08-26 09:20:27.243 D PARKDIAG/Coord:   state hasEverMoved=false hasEverReachedDrivingSpeed=false userConfirmed=false vehicleExit=false stoppedSince=1787728627287 stoppedDur=199953ms phase=Idle
08-26 09:20:27.246 D PARKDIAG/Coord:   ⏸ skipping: !hasEverReachedDrivingSpeed
08-26 09:20:29.217 D PARKDIAG/Coord: ─ loc#56 lat=36.6083767 lon=-6.2782067 speed=0.0m/s acc=1.566m sessionAge=211837ms
08-26 09:20:29.222 D PARKDIAG/Coord:   state hasEverMoved=false hasEverReachedDrivingSpeed=false userConfirmed=false vehicleExit=false stoppedSince=1787728627287 stoppedDur=201930ms phase=Idle
08-26 09:20:29.235 D PARKDIAG/Coord:   ⏸ skipping: !hasEverReachedDrivingSpeed
08-26 09:20:31.276 D PARKDIAG/Coord: ─ loc#57 lat=36.6083767 lon=-6.2782067 speed=0.0m/s acc=1.6m sessionAge=213895ms
08-26 09:20:31.280 D PARKDIAG/Coord:   state hasEverMoved=false hasEverReachedDrivingSpeed=false userConfirmed=false vehicleExit=false stoppedSince=1787728627287 stoppedDur=203988ms phase=Idle
08-26 09:20:31.285 D PARKDIAG/Coord:   ⏸ skipping: !hasEverReachedDrivingSpeed
08-26 09:20:33.258 D PARKDIAG/Coord: ─ loc#58 lat=36.608375 lon=-6.278195 speed=0.0m/s acc=1.583m sessionAge=215878ms
08-26 09:20:33.260 D PARKDIAG/Coord:   state hasEverMoved=false hasEverReachedDrivingSpeed=false userConfirmed=false vehicleExit=false stoppedSince=1787728627287 stoppedDur=205971ms phase=Idle
08-26 09:20:33.262 D PARKDIAG/Coord:   ⏸ skipping: !hasEverReachedDrivingSpeed
08-26 09:20:35.278 D PARKDIAG/Coord: ─ loc#59 lat=36.608375 lon=-6.2781933 speed=0.0m/s acc=1.566m sessionAge=217897ms
08-26 09:20:35.283 D PARKDIAG/Coord:   state hasEverMoved=false hasEverReachedDrivingSpeed=false userConfirmed=false vehicleExit=false stoppedSince=1787728627287 stoppedDur=207990ms phase=Idle
08-26 09:20:35.292 D PARKDIAG/Coord:   ⏸ skipping: !hasEverReachedDrivingSpeed
08-26 09:20:37.289 D PARKDIAG/Coord: ─ loc#60 lat=36.608375 lon=-6.2781917 speed=0.0m/s acc=1.566m sessionAge=219908ms
08-26 09:20:37.293 D PARKDIAG/Coord:   state hasEverMoved=false hasEverReachedDrivingSpeed=false userConfirmed=false vehicleExit=false stoppedSince=1787728627287 stoppedDur=210001ms phase=Idle
08-26 09:20:37.298 D PARKDIAG/Coord:   ⏸ skipping: !hasEverReachedDrivingSpeed
08-26 09:20:39.286 D PARKDIAG/Coord: ─ loc#61 lat=36.608375 lon=-6.2781917 speed=0.0m/s acc=1.566m sessionAge=221903ms
08-26 09:20:39.291 D PARKDIAG/Coord:   state hasEverMoved=false hasEverReachedDrivingSpeed=false userConfirmed=false vehicleExit=false stoppedSince=1787728627287 stoppedDur=211996ms phase=Idle
08-26 09:20:39.295 D PARKDIAG/Coord:   ⏸ skipping: !hasEverReachedDrivingSpeed
08-26 09:20:41.280 D PARKDIAG/Coord: ─ loc#62 lat=36.608375 lon=-6.2781917 speed=0.0m/s acc=1.566m sessionAge=223899ms
08-26 09:20:41.286 D PARKDIAG/Coord:   state hasEverMoved=false hasEverReachedDrivingSpeed=false userConfirmed=false vehicleExit=false stoppedSince=1787728627287 stoppedDur=213992ms phase=Idle
08-26 09:20:41.290 D PARKDIAG/Coord:   ⏸ skipping: !hasEverReachedDrivingSpeed
08-26 09:20:43.263 D PARKDIAG/Coord: ─ loc#63 lat=36.6083783 lon=-6.2781883 speed=0.0m/s acc=1.533m sessionAge=225883ms
08-26 09:20:43.265 D PARKDIAG/Coord:   state hasEverMoved=false hasEverReachedDrivingSpeed=false userConfirmed=false vehicleExit=false stoppedSince=1787728627287 stoppedDur=215976ms phase=Idle
08-26 09:20:43.271 D PARKDIAG/Coord:   ⏸ skipping: !hasEverReachedDrivingSpeed
08-26 09:20:45.234 D PARKDIAG/Coord: ─ loc#64 lat=36.608375 lon=-6.278205 speed=0.0m/s acc=1.533m sessionAge=227853ms
08-26 09:20:45.237 D PARKDIAG/Coord:   state hasEverMoved=false hasEverReachedDrivingSpeed=false userConfirmed=false vehicleExit=false stoppedSince=1787728627287 stoppedDur=217946ms phase=Idle
08-26 09:20:45.242 D PARKDIAG/Coord:   ⏸ skipping: !hasEverReachedDrivingSpeed
08-26 09:20:47.278 D PARKDIAG/Coord: ─ loc#65 lat=36.60837 lon=-6.2782133 speed=0.0m/s acc=1.566m sessionAge=229897ms
08-26 09:20:47.284 D PARKDIAG/Coord:   state hasEverMoved=false hasEverReachedDrivingSpeed=false userConfirmed=false vehicleExit=false stoppedSince=1787728627287 stoppedDur=219990ms phase=Idle
08-26 09:20:47.288 D PARKDIAG/Coord:   ⏸ skipping: !hasEverReachedDrivingSpeed
08-26 09:20:49.287 D PARKDIAG/Coord: ─ loc#66 lat=36.6083683 lon=-6.2782133 speed=0.0m/s acc=1.6m sessionAge=231904ms
08-26 09:20:49.294 D PARKDIAG/Coord:   state hasEverMoved=false hasEverReachedDrivingSpeed=false userConfirmed=false vehicleExit=false stoppedSince=1787728627287 stoppedDur=221997ms phase=Idle
08-26 09:20:49.299 D PARKDIAG/Coord:   ⏸ skipping: !hasEverReachedDrivingSpeed
08-26 09:20:51.291 D PARKDIAG/Coord: ─ loc#67 lat=36.6083667 lon=-6.27821 speed=0.0m/s acc=1.616m sessionAge=233910ms
08-26 09:20:51.296 D PARKDIAG/Coord:   state hasEverMoved=false hasEverReachedDrivingSpeed=false userConfirmed=false vehicleExit=false stoppedSince=1787728627287 stoppedDur=224003ms phase=Idle
08-26 09:20:51.300 D PARKDIAG/Coord:   ⏸ skipping: !hasEverReachedDrivingSpeed
08-26 09:20:53.280 D PARKDIAG/Coord: ─ loc#68 lat=36.6083683 lon=-6.2782117 speed=0.0m/s acc=1.583m sessionAge=235899ms
08-26 09:20:53.285 D PARKDIAG/Coord:   state hasEverMoved=false hasEverReachedDrivingSpeed=false userConfirmed=false vehicleExit=false stoppedSince=1787728627287 stoppedDur=225992ms phase=Idle
08-26 09:20:53.291 D PARKDIAG/Coord:   ⏸ skipping: !hasEverReachedDrivingSpeed
08-26 09:20:55.267 D PARKDIAG/Coord: ─ loc#69 lat=36.6083683 lon=-6.278205 speed=0.0m/s acc=1.583m sessionAge=237886ms
08-26 09:20:55.271 D PARKDIAG/Coord:   state hasEverMoved=false hasEverReachedDrivingSpeed=false userConfirmed=false vehicleExit=false stoppedSince=1787728627287 stoppedDur=227979ms phase=Idle
08-26 09:20:55.275 D PARKDIAG/Coord:   ⏸ skipping: !hasEverReachedDrivingSpeed
08-26 09:20:57.266 D PARKDIAG/Coord: ─ loc#70 lat=36.60837 lon=-6.278205 speed=0.0m/s acc=1.55m sessionAge=239886ms
08-26 09:20:57.270 D PARKDIAG/Coord:   state hasEverMoved=false hasEverReachedDrivingSpeed=false userConfirmed=false vehicleExit=false stoppedSince=1787728627287 stoppedDur=229979ms phase=Idle
08-26 09:20:57.275 D PARKDIAG/Coord:   ⏸ skipping: !hasEverReachedDrivingSpeed
08-26 09:20:59.227 D PARKDIAG/Coord: ─ loc#71 lat=36.60837 lon=-6.278205 speed=0.0m/s acc=1.533m sessionAge=241845ms
08-26 09:20:59.235 D PARKDIAG/Coord:   state hasEverMoved=false hasEverReachedDrivingSpeed=false userConfirmed=false vehicleExit=false stoppedSince=1787728627287 stoppedDur=231938ms phase=Idle
08-26 09:20:59.239 D PARKDIAG/Coord:   ⚑ no-movement guard hit after 241845ms (budget=240000ms staleExitDelivery=false recentCreep=7m jamExtended=false) → completed=true
08-26 09:21:01.224 D PARKDIAG/Coord:   takeWhile=false — flow will end
08-26 09:21:01.749 W PARKDIAG/RetractDeducedDeparture: retract failed for spot=a786c135 — the short TTL still bounds it
  com.google.firebase.firestore.FirebaseFirestoreException: PERMISSION_DENIED: Missing or insufficient permissions.
	at com.google.firebase.firestore.util.Util.exceptionFromStatus(Util.java:152)
	at com.google.firebase.firestore.core.SyncEngine.notifyUser(SyncEngine.java:629)
	at com.google.firebase.firestore.core.SyncEngine.handleRejectedWrite(SyncEngine.java:511)
	at com.google.firebase.firestore.core.MemoryComponentProvider$RemoteStoreCallback.handleRejectedWrite(MemoryComponentProvider.java:135)
	at com.google.firebase.firestore.remote.RemoteStore.handleWriteError(RemoteStore.java:750)
	at com.google.firebase.firestore.remote.RemoteStore.handleWriteStreamClose(RemoteStore.java:706)
	at com.google.firebase.firestore.remote.RemoteStore.access$600(RemoteStore.java:62)
	at com.google.firebase.firestore.remote.RemoteStore$2.onClose(RemoteStore.java:220)
	at com.google.firebase.firestore.remote.AbstractStream.close(AbstractStream.java:379)
	at com.google.firebase.firestore.remote.AbstractStream.handleServerClose(AbstractStream.java:433)
	at com.google.firebase.firestore.remote.AbstractStream$StreamObserver.lambda$onClose$3$com-google-firebase-firestore-remote-AbstractStream$StreamObserver(AbstractStream.java:160)
	at com.google.firebase.firestore.remote.AbstractStream$StreamObserver$$ExternalSyntheticLambda3.run(D8$$SyntheticClass:0)
	at com.google.firebase.firestore.remote.AbstractStream$CloseGuardedRunner.run(AbstractStream.java:67)
	at com.google.firebase.firestore.remote.AbstractStream$StreamObserver.onClose(AbstractStream.java:146)
	at com.google.firebase.firestore.remote.FirestoreChannel$1.onClose(FirestoreChannel.java:173)
	at io.grpc.internal.ClientCallImpl.closeObserver(ClientCallImpl.java:574)
	at io.grpc.internal.ClientCallImpl.access$300(ClientCallImpl.java:72)
	at io.grpc.internal.ClientCallImpl$ClientStreamListenerImpl$1StreamClosed.runInternal(ClientCallImpl.java:742)
	at io.grpc.internal.ClientCallImpl$ClientStreamListenerImpl$1StreamClosed.runInContext(ClientCallImpl.java:723)
	at io.grpc.internal.ContextRunnable.run(ContextRunnable.java:37)
	at io.grpc.internal.SerializingExecutor.run(SerializingExecutor.java:133)
	at java.util.concurrent.Executors$RunnableAdapter.call(Executors.java:520)
	at java.util.concurrent.FutureTask.run(FutureTask.java:328)
	at java.util.concurrent.ScheduledThreadPoolExecutor$ScheduledFutureTask.run(ScheduledThreadPoolExecutor.java:323)
	at java.util.concurrent.ThreadPoolExecutor.runWorker(ThreadPoolExecutor.java:1100)
	at java.util.concurrent.ThreadPoolExecutor$Worker.run(ThreadPoolExecutor.java:624)
	at com.google.firebase.firestore.util.AsyncQueue$SynchronizedShutdownAwareExecutor$DelayedStartFactory.run(AsyncQueue.java:235)
	at java.lang.Thread.run(Thread.java:1572)
Caused by: io.grpc.StatusException: PERMISSION_DENIED: Missing or insufficient permissions.
	at io.grpc.Status.asException(Status.java:541)
	at com.google.firebase.firestore.util.Util.exceptionFromStatus(Util.java:150)
	... 27 more

08-26 09:21:01.759 D PARKDIAG/Coord: ■ coordinator.invoke() EXITED — locationCount=0 completed=true
08-26 09:21:01.763 D PARKDIAG/Service:     ✓ coordinator returned NORMALLY
08-26 09:21:01.818 D PARKDIAG/StepCounter: cumulative steps read → 2417
08-26 09:21:01.833 D PARKDIAG/Service:   ⑊ honest close: aborted_no_movement stayed silent (too_close; pinDist=30m steps=null/null sessionSteps=0)
08-26 09:21:01.854 D PARKDIAG/StepCounter: cumulative steps read → 2417
08-26 09:21:01.859 D PARKDIAG/Service:     ■ job complete → DetectionEnded(startId=6) → intake
08-26 09:21:01.887 D PARKDIAG/Service:   ⏾ enterSentry(detection-ended) — resident, GPS off, re-arming departure wake [DET-RESIDENT-FGS-001]
08-26 09:21:01.908 D PARKDIAG/SigMotion: sync → armed=true
08-26 09:21:02.044 D PARKDIAG/ExactNet: ⏰ exact net ARMED (exact=true, every 5 min)
08-26 09:21:02.075 D PARKDIAG/OneFix: fix lat=36.60837 lon=-6.278205 speed=0.0m/s acc=1.5m age=0s
08-26 09:21:02.139 D PARKDIAG/StepCounter: cumulative steps read → 2417
08-26 09:21:02.162 D PARKDIAG/SafetyNet: [detection-end] geof=724147ef: sigues junto al coche (d=30m, radio 103m) → resello la referencia de pasos; la valla se re-registró hace 336min, no toca aún · geof=a786c135: sigues junto al coche (d=6m, radio 85m) → resello la referencia de pasos; la valla se re-registró hace 31min, no toca aún
08-26 09:27:07.870 D PARKDIAG/ExactNet: ⏰ exact heartbeat fired (doze stretch: 65832 ms)
08-26 09:27:13.256 D PARKDIAG/OneFix: fix lat=36.6082843 lon=-6.2772638 speed=0.0m/s acc=200.0m age=5s
08-26 09:27:13.305 D PARKDIAG/StepCounter: cumulative steps read → 2417
08-26 09:27:13.327 D PARKDIAG/SafetyNet: [exact-alarm] geof=724147ef: sigues junto al coche (d=89m, radio 103m) → resello la referencia de pasos; la valla se re-registró hace 343min, no toca aún · geof=a786c135: sigues junto al coche (d=78m, radio 85m) → resello la referencia de pasos; la valla se re-registró hace 38min, no toca aún
08-26 09:29:08.860 D PARKDIAG/ARReceiver:   → IN_VEHICLE EXIT
08-26 09:29:08.862 D PARKDIAG/Coord: ✱ onVehicleExit(at=1787729348818) called
08-26 09:29:09.029 D PARKDIAG/OneFix: fix lat=36.6084598 lon=-6.2781829 speed=0.0m/s acc=100.0m age=0s
08-26 09:29:09.062 D PARKDIAG/StepCounter: cumulative steps read → 2417
08-26 09:29:09.075 D PARKDIAG/SafetyNet: [ar-exit] geof=724147ef: sigues junto al coche (d=20m, radio 103m) → resello la referencia de pasos; la valla se re-registró hace 344min, no toca aún · geof=a786c135: sigues junto al coche (d=11m, radio 85m) → resello la referencia de pasos; la valla se re-registró hace 40min, no toca aún
08-26 09:33:35.994 D PARKDIAG/OneFix: fix lat=36.6084598 lon=-6.2781829 speed=0.0m/s acc=100.0m age=0s
08-26 09:33:36.060 D PARKDIAG/StepCounter: cumulative steps read → 2417
08-26 09:33:36.078 D PARKDIAG/SafetyNet: [periodic] geof=724147ef: sigues junto al coche (d=20m, radio 103m) → resello la referencia de pasos; la valla se re-registró hace 349min, no toca aún · geof=a786c135: sigues junto al coche (d=11m, radio 85m) → resello la referencia de pasos; la valla se re-registró hace 44min, no toca aún
08-26 09:42:07.851 D PARKDIAG/ExactNet: ⏰ exact heartbeat fired (doze stretch: 211934 ms)
08-26 09:42:08.150 D PARKDIAG/OneFix: fix lat=36.6084598 lon=-6.2781829 speed=0.0m/s acc=100.0m age=0s
08-26 09:42:08.173 D PARKDIAG/StepCounter: cumulative steps read → 2417
08-26 09:42:08.204 D PARKDIAG/SafetyNet: [exact-alarm] geof=724147ef: sigues junto al coche (d=20m, radio 103m) → resello la referencia de pasos; la valla se re-registró hace 357min, no toca aún · geof=a786c135: sigues junto al coche (d=11m, radio 85m) → resello la referencia de pasos; la valla se re-registró hace 53min, no toca aún
08-26 09:48:36.610 D PARKDIAG/OneFix: fix lat=36.6084598 lon=-6.2781829 speed=0.0m/s acc=100.0m age=0s
08-26 09:48:36.645 D PARKDIAG/StepCounter: cumulative steps read → 2417
08-26 09:48:36.666 D PARKDIAG/SafetyNet: ▶ inside fence — re-registering geofence=724147ef-1219-437a-94aa-7fed45caccfb (blind floor, steps@anchor=2417)
08-26 09:48:36.771 D PARKDIAG/SafetyNet: [periodic] geof=724147ef: sigues junto al coche (d=20m, radio 103m) → re-registro la valla por si el sistema la borró · geof=a786c135: sigues junto al coche (d=11m, radio 85m) → resello la referencia de pasos; la valla se re-registró hace 59min, no toca aún
08-26 09:57:07.786 D PARKDIAG/ExactNet: ⏰ exact heartbeat fired (doze stretch: 211350 ms)
08-26 09:57:08.044 D PARKDIAG/OneFix: fix lat=36.6084598 lon=-6.2781829 speed=0.0m/s acc=100.0m age=0s
08-26 09:57:08.075 D PARKDIAG/StepCounter: cumulative steps read → 2417
08-26 09:57:08.095 D PARKDIAG/SafetyNet: [exact-alarm] geof=724147ef: sigues junto al coche (d=20m, radio 103m) → resello la referencia de pasos; la valla se re-registró hace 8min, no toca aún · geof=a786c135: sigues junto al coche (d=11m, radio 85m) → resello la referencia de pasos; la valla se re-registró hace 68min, no toca aún
08-26 10:03:37.283 D PARKDIAG/OneFix: fix lat=36.6084598 lon=-6.2781829 speed=0.0m/s acc=100.0m age=0s
08-26 10:03:37.333 D PARKDIAG/StepCounter: cumulative steps read → 2417
08-26 10:03:37.348 D PARKDIAG/SafetyNet: [periodic] geof=724147ef: sigues junto al coche (d=20m, radio 103m) → resello la referencia de pasos; la valla se re-registró hace 15min, no toca aún · geof=a786c135: sigues junto al coche (d=11m, radio 85m) → resello la referencia de pasos; la valla se re-registró hace 74min, no toca aún
08-26 10:10:46.446 D PARKDIAG/ExactNet: ⏰ exact heartbeat fired (doze stretch: 129308 ms)
08-26 10:10:46.646 D PARKDIAG/OneFix: fix lat=36.6083517 lon=-6.2782117 speed=0.0m/s acc=6.616m age=11s
08-26 10:10:46.672 D PARKDIAG/StepCounter: cumulative steps read → 2417
08-26 10:10:46.687 D PARKDIAG/SafetyNet: [exact-alarm] geof=724147ef: sigues junto al coche (d=32m, radio 103m) → resello la referencia de pasos; la valla se re-registró hace 22min, no toca aún · geof=a786c135: sigues junto al coche (d=7m, radio 85m) → resello la referencia de pasos; la valla se re-registró hace 81min, no toca aún
08-26 10:15:46.793 D PARKDIAG/ExactNet: ⏰ exact heartbeat fired (doze stretch: 189 ms)
08-26 10:15:46.935 D PARKDIAG/OneFix: fix lat=36.6083517 lon=-6.2782117 speed=0.0m/s acc=100.0m age=11s
08-26 10:15:46.980 D PARKDIAG/StepCounter: cumulative steps read → 2417
08-26 10:15:47.016 D PARKDIAG/SafetyNet: [exact-alarm] geof=724147ef: sigues junto al coche (d=32m, radio 103m) → resello la referencia de pasos; la valla se re-registró hace 27min, no toca aún · geof=a786c135: sigues junto al coche (d=7m, radio 85m) → resello la referencia de pasos; la valla se re-registró hace 86min, no toca aún
08-26 10:18:37.547 D PARKDIAG/OneFix: fix lat=36.6083517 lon=-6.2782117 speed=0.0m/s acc=100.0m age=0s
08-26 10:18:37.597 D PARKDIAG/StepCounter: cumulative steps read → 2417
08-26 10:18:37.616 D PARKDIAG/SafetyNet: [periodic] geof=724147ef: sigues junto al coche (d=32m, radio 103m) → resello la referencia de pasos; la valla se re-registró hace 30min, no toca aún · geof=a786c135: sigues junto al coche (d=7m, radio 85m) → resello la referencia de pasos; la valla se re-registró hace 89min, no toca aún
08-26 10:23:40.656 D PARKDIAG/ExactNet: ⏰ exact heartbeat fired (doze stretch: 3221 ms)
08-26 10:23:40.899 D PARKDIAG/OneFix: fix lat=36.6083517 lon=-6.2782117 speed=0.0m/s acc=100.0m age=3s
08-26 10:23:40.929 D PARKDIAG/StepCounter: cumulative steps read → 2417
08-26 10:23:40.954 D PARKDIAG/SafetyNet: [exact-alarm] geof=724147ef: sigues junto al coche (d=32m, radio 103m) → resello la referencia de pasos; la valla se re-registró hace 35min, no toca aún · geof=a786c135: sigues junto al coche (d=7m, radio 85m) → resello la referencia de pasos; la valla se re-registró hace 94min, no toca aún
08-26 10:30:24.940 D PARKDIAG/ExactNet: ⏰ exact heartbeat fired (doze stretch: 104083 ms)
08-26 10:30:25.161 D PARKDIAG/OneFix: fix lat=36.6083517 lon=-6.2782117 speed=0.0m/s acc=100.0m age=0s
08-26 10:30:25.190 D PARKDIAG/StepCounter: cumulative steps read → 2417
08-26 10:30:25.206 D PARKDIAG/SafetyNet: [exact-alarm] geof=724147ef: sigues junto al coche (d=32m, radio 103m) → resello la referencia de pasos; la valla se re-registró hace 41min, no toca aún · geof=a786c135: sigues junto al coche (d=7m, radio 85m) → resello la referencia de pasos; la valla se re-registró hace 101min, no toca aún
08-26 10:33:37.764 D PARKDIAG/OneFix: fix lat=36.60847 lon=-6.27834 speed=0.0m/s acc=100.0m age=0s
08-26 10:33:37.827 D PARKDIAG/StepCounter: cumulative steps read → 2417
08-26 10:33:37.860 D PARKDIAG/SafetyNet: [periodic] geof=724147ef: sigues junto al coche (d=25m, radio 103m) → resello la referencia de pasos; la valla se re-registró hace 45min, no toca aún · geof=a786c135: sigues junto al coche (d=21m, radio 85m) → resello la referencia de pasos; la valla se re-registró hace 104min, no toca aún
08-26 10:39:40.598 D PARKDIAG/ExactNet: ⏰ exact heartbeat fired (doze stretch: 62901 ms)
08-26 10:39:40.954 D PARKDIAG/OneFix: fix lat=36.60847 lon=-6.27834 speed=0.0m/s acc=100.0m age=0s
08-26 10:39:40.983 D PARKDIAG/StepCounter: cumulative steps read → 2417
08-26 10:39:41.010 D PARKDIAG/SafetyNet: [exact-alarm] geof=724147ef: sigues junto al coche (d=25m, radio 103m) → resello la referencia de pasos; la valla se re-registró hace 51min, no toca aún · geof=a786c135: sigues junto al coche (d=21m, radio 85m) → resello la referencia de pasos; la valla se re-registró hace 110min, no toca aún
08-26 10:44:43.849 D PARKDIAG/ExactNet: ⏰ exact heartbeat fired (doze stretch: 3019 ms)
08-26 10:44:44.313 D PARKDIAG/OneFix: fix lat=36.60847 lon=-6.27834 speed=0.0m/s acc=100.0m age=3s
08-26 10:44:44.362 D PARKDIAG/StepCounter: cumulative steps read → 2417
08-26 10:44:44.387 D PARKDIAG/SafetyNet: [exact-alarm] geof=724147ef: sigues junto al coche (d=25m, radio 103m) → resello la referencia de pasos; la valla se re-registró hace 56min, no toca aún · geof=a786c135: sigues junto al coche (d=21m, radio 85m) → resello la referencia de pasos; la valla se re-registró hace 115min, no toca aún
08-26 10:48:38.020 D PARKDIAG/OneFix: fix lat=36.60847 lon=-6.27834 speed=0.0m/s acc=100.0m age=0s
08-26 10:48:38.060 D PARKDIAG/StepCounter: cumulative steps read → 2417
08-26 10:48:38.088 D PARKDIAG/SafetyNet: [periodic] geof=724147ef: sigues junto al coche (d=25m, radio 103m) → resello la referencia de pasos; la valla se re-registró hace 60min, no toca aún · geof=a786c135: sigues junto al coche (d=21m, radio 85m) → resello la referencia de pasos; la valla se re-registró hace 119min, no toca aún
08-26 10:54:25.126 D PARKDIAG/ExactNet: ⏰ exact heartbeat fired (doze stretch: 47177 ms)
08-26 10:54:25.556 D PARKDIAG/OneFix: fix lat=36.60847 lon=-6.27834 speed=0.0m/s acc=100.0m age=0s
08-26 10:54:25.578 D PARKDIAG/StepCounter: cumulative steps read → 2417
08-26 10:54:25.612 D PARKDIAG/SafetyNet: [exact-alarm] geof=724147ef: sigues junto al coche (d=25m, radio 103m) → resello la referencia de pasos; la valla se re-registró hace 65min, no toca aún · geof=a786c135: sigues junto al coche (d=21m, radio 85m) → resello la referencia de pasos; la valla se re-registró hace 125min, no toca aún
08-26 10:59:25.646 D PARKDIAG/ExactNet: ⏰ exact heartbeat fired (doze stretch: 254 ms)
08-26 10:59:25.859 D PARKDIAG/OneFix: fix lat=36.60847 lon=-6.27834 speed=0.0m/s acc=100.0m age=0s
08-26 10:59:25.889 D PARKDIAG/StepCounter: cumulative steps read → 2417
08-26 10:59:25.910 D PARKDIAG/SafetyNet: [exact-alarm] geof=724147ef: sigues junto al coche (d=25m, radio 103m) → resello la referencia de pasos; la valla se re-registró hace 70min, no toca aún · geof=a786c135: sigues junto al coche (d=21m, radio 85m) → resello la referencia de pasos; la valla se re-registró hace 130min, no toca aún
08-26 11:03:38.980 D PARKDIAG/OneFix: fix lat=36.60847 lon=-6.27834 speed=0.0m/s acc=100.0m age=0s
08-26 11:03:39.049 D PARKDIAG/StepCounter: cumulative steps read → 2417
08-26 11:03:39.088 D PARKDIAG/SafetyNet: [periodic] geof=724147ef: sigues junto al coche (d=25m, radio 103m) → resello la referencia de pasos; la valla se re-registró hace 75min, no toca aún · geof=a786c135: sigues junto al coche (d=21m, radio 85m) → resello la referencia de pasos; la valla se re-registró hace 134min, no toca aún
08-26 11:08:46.596 D PARKDIAG/ExactNet: ⏰ exact heartbeat fired (doze stretch: 8326 ms)
08-26 11:08:46.881 D PARKDIAG/OneFix: fix lat=36.60847 lon=-6.27834 speed=0.0m/s acc=100.0m age=7s
08-26 11:08:46.912 D PARKDIAG/StepCounter: cumulative steps read → 2417
08-26 11:08:46.944 D PARKDIAG/SafetyNet: [exact-alarm] geof=724147ef: sigues junto al coche (d=25m, radio 103m) → resello la referencia de pasos; la valla se re-registró hace 80min, no toca aún · geof=a786c135: sigues junto al coche (d=21m, radio 85m) → resello la referencia de pasos; la valla se re-registró hace 139min, no toca aún
08-26 11:14:13.593 D PARKDIAG/ExactNet: ⏰ exact heartbeat fired (doze stretch: 26809 ms)
08-26 11:14:13.782 D PARKDIAG/OneFix: fix lat=36.60847 lon=-6.27834 speed=0.0m/s acc=100.0m age=0s
08-26 11:14:13.842 D PARKDIAG/StepCounter: cumulative steps read → 2417
08-26 11:14:13.877 D PARKDIAG/SafetyNet: [exact-alarm] geof=724147ef: sigues junto al coche (d=25m, radio 103m) → resello la referencia de pasos; la valla se re-registró hace 85min, no toca aún · geof=a786c135: sigues junto al coche (d=21m, radio 85m) → resello la referencia de pasos; la valla se re-registró hace 145min, no toca aún
08-26 11:18:39.258 D PARKDIAG/OneFix: fix lat=36.6084161 lon=-6.2781671 speed=0.0m/s acc=100.0m age=0s
08-26 11:18:39.324 D PARKDIAG/StepCounter: cumulative steps read → 2417
08-26 11:18:39.357 D PARKDIAG/SafetyNet: [periodic] geof=724147ef: sigues junto al coche (d=25m, radio 103m) → resello la referencia de pasos; la valla se re-registró hace 90min, no toca aún · geof=a786c135: sigues junto al coche (d=6m, radio 85m) → resello la referencia de pasos; la valla se re-registró hace 149min, no toca aún
08-26 11:23:44.263 D PARKDIAG/ExactNet: ⏰ exact heartbeat fired (doze stretch: 5068 ms)
08-26 11:23:44.601 D PARKDIAG/OneFix: fix lat=36.60837 lon=-6.27802 speed=0.0m/s acc=100.0m age=5s
08-26 11:23:44.636 D PARKDIAG/StepCounter: cumulative steps read → 2417
08-26 11:23:44.657 D PARKDIAG/SafetyNet: [exact-alarm] geof=724147ef: sigues junto al coche (d=32m, radio 103m) → resello la referencia de pasos; la valla se re-registró hace 95min, no toca aún · geof=a786c135: sigues junto al coche (d=10m, radio 85m) → resello la referencia de pasos; la valla se re-registró hace 154min, no toca aún
08-26 11:29:07.226 D PARKDIAG/ExactNet: ⏰ exact heartbeat fired (doze stretch: 22729 ms)
08-26 11:29:07.438 D PARKDIAG/OneFix: fix lat=36.60837 lon=-6.27802 speed=0.0m/s acc=100.0m age=27s
08-26 11:29:07.489 D PARKDIAG/StepCounter: cumulative steps read → 2417
08-26 11:29:07.512 D PARKDIAG/SafetyNet: [exact-alarm] geof=724147ef: sigues junto al coche (d=32m, radio 103m) → resello la referencia de pasos; la valla se re-registró hace 100min, no toca aún · geof=a786c135: sigues junto al coche (d=10m, radio 85m) → resello la referencia de pasos; la valla se re-registró hace 160min, no toca aún
08-26 11:33:39.575 D PARKDIAG/OneFix: fix lat=36.608405 lon=-6.2781317 speed=0.0m/s acc=7.9m age=22s
08-26 11:33:39.630 D PARKDIAG/StepCounter: cumulative steps read → 2417
08-26 11:33:39.664 D PARKDIAG/SafetyNet: [periodic] geof=724147ef: sigues junto al coche (d=26m, radio 103m) → resello la referencia de pasos; la valla se re-registró hace 105min, no toca aún · geof=a786c135: sigues junto al coche (d=4m, radio 85m) → resello la referencia de pasos; la valla se re-registró hace 164min, no toca aún
08-26 11:38:43.929 D PARKDIAG/ExactNet: ⏰ exact heartbeat fired (doze stretch: 4392 ms)
08-26 11:38:44.144 D PARKDIAG/OneFix: fix lat=36.6083667 lon=-6.2781067 speed=0.0m/s acc=7.8m age=17s
08-26 11:38:44.165 D PARKDIAG/StepCounter: cumulative steps read → 2417
08-26 11:38:44.180 D PARKDIAG/SafetyNet: [exact-alarm] geof=724147ef: sigues junto al coche (d=31m, radio 103m) → resello la referencia de pasos; la valla se re-registró hace 110min, no toca aún · geof=a786c135: sigues junto al coche (d=2m, radio 85m) → resello la referencia de pasos; la valla se re-registró hace 169min, no toca aún
08-26 11:45:14.746 D PARKDIAG/ExactNet: ⏰ exact heartbeat fired (doze stretch: 90644 ms)
08-26 11:45:14.963 D PARKDIAG/OneFix: fix lat=36.6084033 lon=-6.277995 speed=0.0m/s acc=100.0m age=0s
08-26 11:45:15.000 D PARKDIAG/StepCounter: cumulative steps read → 2417
08-26 11:45:15.018 D PARKDIAG/SafetyNet: [exact-alarm] geof=724147ef: sigues junto al coche (d=30m, radio 103m) → resello la referencia de pasos; la valla se re-registró hace 116min, no toca aún · geof=a786c135: sigues junto al coche (d=13m, radio 85m) → resello la referencia de pasos; la valla se re-registró hace 176min, no toca aún
08-26 11:48:39.803 D PARKDIAG/OneFix: fix lat=36.6084033 lon=-6.277995 speed=0.0m/s acc=100.0m age=0s
08-26 11:48:39.861 D PARKDIAG/StepCounter: cumulative steps read → 2417
08-26 11:48:39.886 D PARKDIAG/SafetyNet: [periodic] geof=724147ef: sigues junto al coche (d=30m, radio 103m) → resello la referencia de pasos; la valla se re-registró hace 120min, no toca aún · geof=a786c135: sigues junto al coche (d=13m, radio 85m) → resello la referencia de pasos; la valla se re-registró hace 179min, no toca aún
08-26 11:55:14.664 D PARKDIAG/ExactNet: ⏰ exact heartbeat fired (doze stretch: 94922 ms)
08-26 11:55:14.947 D PARKDIAG/OneFix: fix lat=36.6084033 lon=-6.277995 speed=0.0m/s acc=100.0m age=0s
08-26 11:55:14.976 D PARKDIAG/StepCounter: cumulative steps read → 2417
08-26 11:55:14.997 D PARKDIAG/SafetyNet: [exact-alarm] geof=724147ef: sigues junto al coche (d=30m, radio 103m) → resello la referencia de pasos; la valla se re-registró hace 126min, no toca aún · geof=a786c135: sigues junto al coche (d=13m, radio 85m) → resello la referencia de pasos; la valla se re-registró hace 186min, no toca aún
08-26 12:02:59.910 D PARKDIAG/ExactNet: ⏰ exact heartbeat fired (doze stretch: 165054 ms)
08-26 12:03:00.068 D PARKDIAG/OneFix: fix lat=36.6084033 lon=-6.277995 speed=0.0m/s acc=100.0m age=0s
08-26 12:03:00.100 D PARKDIAG/StepCounter: cumulative steps read → 2417
08-26 12:03:00.126 D PARKDIAG/SafetyNet: [exact-alarm] geof=724147ef: sigues junto al coche (d=30m, radio 103m) → resello la referencia de pasos; la valla se re-registró hace 134min, no toca aún · geof=a786c135: sigues junto al coche (d=13m, radio 85m) → resello la referencia de pasos; la valla se re-registró hace 193min, no toca aún
08-26 12:03:40.100 D PARKDIAG/OneFix: fix lat=36.6084033 lon=-6.277995 speed=0.0m/s acc=100.0m age=0s
08-26 12:03:40.152 D PARKDIAG/StepCounter: cumulative steps read → 2417
08-26 12:03:40.176 D PARKDIAG/SafetyNet: [periodic] geof=724147ef: sigues junto al coche (d=30m, radio 103m) → resello la referencia de pasos; la valla se re-registró hace 135min, no toca aún · geof=a786c135: sigues junto al coche (d=13m, radio 85m) → resello la referencia de pasos; la valla se re-registró hace 194min, no toca aún
08-26 12:10:07.583 D PARKDIAG/ExactNet: ⏰ exact heartbeat fired (doze stretch: 87552 ms)
08-26 12:10:07.978 D PARKDIAG/OneFix: fix lat=36.6084033 lon=-6.277995 speed=0.0m/s acc=100.0m age=0s
08-26 12:10:08.022 D PARKDIAG/StepCounter: cumulative steps read → 2417
08-26 12:10:08.077 D PARKDIAG/SafetyNet: [exact-alarm] geof=724147ef: sigues junto al coche (d=30m, radio 103m) → resello la referencia de pasos; la valla se re-registró hace 141min, no toca aún · geof=a786c135: sigues junto al coche (d=13m, radio 85m) → resello la referencia de pasos; la valla se re-registró hace 201min, no toca aún
08-26 12:15:50.353 D PARKDIAG/ExactNet: ⏰ exact heartbeat fired (doze stretch: 42577 ms)
08-26 12:15:50.636 D PARKDIAG/OneFix: fix lat=36.6084033 lon=-6.277995 speed=0.0m/s acc=100.0m age=0s
08-26 12:15:50.685 D PARKDIAG/StepCounter: cumulative steps read → 2417
08-26 12:15:50.727 D PARKDIAG/SafetyNet: [exact-alarm] geof=724147ef: sigues junto al coche (d=30m, radio 103m) → resello la referencia de pasos; la valla se re-registró hace 147min, no toca aún · geof=a786c135: sigues junto al coche (d=13m, radio 85m) → resello la referencia de pasos; la valla se re-registró hace 206min, no toca aún
08-26 12:18:40.330 D PARKDIAG/OneFix: fix lat=36.6084033 lon=-6.277995 speed=0.0m/s acc=100.0m age=0s
08-26 12:18:40.400 D PARKDIAG/StepCounter: cumulative steps read → 2417
08-26 12:18:40.428 D PARKDIAG/SafetyNet: [periodic] geof=724147ef: sigues junto al coche (d=30m, radio 103m) → resello la referencia de pasos; la valla se re-registró hace 150min, no toca aún · geof=a786c135: sigues junto al coche (d=13m, radio 85m) → resello la referencia de pasos; la valla se re-registró hace 209min, no toca aún
08-26 12:28:26.741 D PARKDIAG/ExactNet: ⏰ exact heartbeat fired (doze stretch: 286479 ms)
08-26 12:28:27.045 D PARKDIAG/OneFix: fix lat=36.6084033 lon=-6.277995 speed=0.0m/s acc=100.0m age=0s
08-26 12:28:27.081 D PARKDIAG/StepCounter: cumulative steps read → 2417
08-26 12:28:27.106 D PARKDIAG/SafetyNet: [exact-alarm] geof=724147ef: sigues junto al coche (d=30m, radio 103m) → resello la referencia de pasos; la valla se re-registró hace 159min, no toca aún · geof=a786c135: sigues junto al coche (d=13m, radio 85m) → resello la referencia de pasos; la valla se re-registró hace 219min, no toca aún
08-26 12:33:40.718 D PARKDIAG/OneFix: fix lat=36.6084033 lon=-6.277995 speed=0.0m/s acc=100.0m age=13s
08-26 12:33:40.778 D PARKDIAG/StepCounter: cumulative steps read → 2417
08-26 12:33:40.818 D PARKDIAG/SafetyNet: [periodic] geof=724147ef: sigues junto al coche (d=30m, radio 103m) → resello la referencia de pasos; la valla se re-registró hace 165min, no toca aún · geof=a786c135: sigues junto al coche (d=13m, radio 85m) → resello la referencia de pasos; la valla se re-registró hace 224min, no toca aún
08-26 12:41:04.930 D PARKDIAG/ExactNet: ⏰ exact heartbeat fired (doze stretch: 144278 ms)
08-26 12:41:05.072 D PARKDIAG/OneFix: fix lat=36.6084033 lon=-6.277995 speed=0.0m/s acc=100.0m age=0s
08-26 12:41:05.091 D PARKDIAG/StepCounter: cumulative steps read → 2417
08-26 12:41:05.099 D PARKDIAG/SafetyNet: [exact-alarm] geof=724147ef: sigues junto al coche (d=30m, radio 103m) → resello la referencia de pasos; la valla se re-registró hace 172min, no toca aún · geof=a786c135: sigues junto al coche (d=13m, radio 85m) → resello la referencia de pasos; la valla se re-registró hace 232min, no toca aún
08-26 12:46:23.157 D PARKDIAG/ExactNet: ⏰ exact heartbeat fired (doze stretch: 18125 ms)
08-26 12:46:23.481 D PARKDIAG/OneFix: fix lat=36.6084033 lon=-6.277995 speed=0.0m/s acc=100.0m age=18s
08-26 12:46:23.539 D PARKDIAG/StepCounter: cumulative steps read → 2417
08-26 12:46:23.566 D PARKDIAG/SafetyNet: [exact-alarm] geof=724147ef: sigues junto al coche (d=30m, radio 103m) → resello la referencia de pasos; la valla se re-registró hace 177min, no toca aún · geof=a786c135: sigues junto al coche (d=13m, radio 85m) → resello la referencia de pasos; la valla se re-registró hace 237min, no toca aún
08-26 12:48:40.979 D PARKDIAG/OneFix: fix lat=36.6084033 lon=-6.277995 speed=0.0m/s acc=100.0m age=0s
08-26 12:48:41.029 D PARKDIAG/StepCounter: cumulative steps read → 2417
08-26 12:48:41.047 D PARKDIAG/SafetyNet: [periodic] geof=724147ef: sigues junto al coche (d=30m, radio 103m) → resello la referencia de pasos; la valla se re-registró hace 180min, no toca aún · geof=a786c135: sigues junto al coche (d=13m, radio 85m) → resello la referencia de pasos; la valla se re-registró hace 239min, no toca aún
08-26 12:56:50.502 D PARKDIAG/ExactNet: ⏰ exact heartbeat fired (doze stretch: 189582 ms)
08-26 12:56:50.757 D PARKDIAG/OneFix: fix lat=36.6084033 lon=-6.277995 speed=0.0m/s acc=100.0m age=0s
08-26 12:56:50.815 D PARKDIAG/StepCounter: cumulative steps read → 2417
08-26 12:56:50.838 D PARKDIAG/SafetyNet: [exact-alarm] geof=724147ef: sigues junto al coche (d=30m, radio 103m) → resello la referencia de pasos; la valla se re-registró hace 188min, no toca aún · geof=a786c135: sigues junto al coche (d=13m, radio 85m) → resello la referencia de pasos; la valla se re-registró hace 247min, no toca aún
08-26 13:03:41.480 D PARKDIAG/OneFix: fix lat=36.6084033 lon=-6.277995 speed=0.0m/s acc=100.0m age=0s
08-26 13:03:41.548 D PARKDIAG/StepCounter: cumulative steps read → 2417
08-26 13:03:41.580 D PARKDIAG/SafetyNet: [periodic] geof=724147ef: sigues junto al coche (d=30m, radio 103m) → resello la referencia de pasos; la valla se re-registró hace 195min, no toca aún · geof=a786c135: sigues junto al coche (d=13m, radio 85m) → resello la referencia de pasos; la valla se re-registró hace 254min, no toca aún
08-26 13:11:50.498 D PARKDIAG/ExactNet: ⏰ exact heartbeat fired (doze stretch: 189116 ms)
08-26 13:11:50.806 D PARKDIAG/OneFix: fix lat=36.6084033 lon=-6.277995 speed=0.0m/s acc=100.0m age=0s
08-26 13:11:50.830 D PARKDIAG/StepCounter: cumulative steps read → 2417
08-26 13:11:50.848 D PARKDIAG/SafetyNet: [exact-alarm] geof=724147ef: sigues junto al coche (d=30m, radio 103m) → resello la referencia de pasos; la valla se re-registró hace 203min, no toca aún · geof=a786c135: sigues junto al coche (d=13m, radio 85m) → resello la referencia de pasos; la valla se re-registró hace 262min, no toca aún
08-26 13:18:41.942 D PARKDIAG/OneFix: fix lat=36.6093117 lon=-6.27759 speed=0.0m/s acc=100.0m age=0s
08-26 13:18:42.002 D PARKDIAG/StepCounter: cumulative steps read → 2417
08-26 13:18:42.038 D PARKDIAG/SafetyNet: [periodic] geof=724147ef: sigues junto al coche (d=90m, radio 103m) → resello la referencia de pasos; la valla se re-registró hace 210min, no toca aún · geof=a786c135: distancia ambigua (d=115m, ni junto al coche ni claramente lejos) → solo apunto la posición, no decido nada
08-26 13:22:30.886 D PARKDIAG/Service: ▶ onStartCommand action=io.apptolast.paparcar.ACTION_GEOFENCE_EXIT flags=0 startId=7
08-26 13:22:30.921 D PARKDIAG/Service:   ✓ startForeground done (locationPermission=true)
08-26 13:22:30.937 D PARKDIAG/ExitWitness: ⚑ EXIT emitted geof=724147ef loc=36.6097017,-6.2822217 acc=172.8m fixAge=230ms
08-26 13:22:30.958 W PARKDIAG/Service:   ⚑ GEOFENCE_EXIT delivered FAR from fence (geof=724147ef d=381m) — no instant authority; live re-check + reconcile record [DET-RIDE-PROOF-001]
08-26 13:22:31.013 D PARKDIAG/OneFix: fix lat=36.6097017 lon=-6.2822217 speed=0.0m/s acc=172.8m age=0s
08-26 13:22:31.032 D PARKDIAG/Service:   → GEOFENCE_EXIT — arming Coordinator (geof=724147ef d=381m acc=172m exitLoc=36.6097017,-6.2822217 dep=self_observed) [DET-G-01][DET-G-05]
08-26 13:22:31.060 D PARKDIAG/Service:   ▶ startParkingDetection — launching coordinator (trigger=GEOFENCE_EXIT)
08-26 13:22:31.098 D PARKDIAG/Service:     ▶ detection coroutine entered, invoking coordinator
08-26 13:22:31.107 D PARKDIAG/Coord: ▶ coordinator.invoke() entry (armEvidence=self_observed) — calling reset()
08-26 13:22:31.109 D PARKDIAG/Coord:   → session-start dismiss PARKING_CONFIRMATION (savedConfirmAge=nullms, limit=900000ms)
08-26 13:22:31.120 D PARKDIAG/SigMotion: sync → disarmed
08-26 13:22:31.126 D PARKDIAG/OneFix: fix lat=36.6097017 lon=-6.2822217 speed=0.0m/s acc=172.8m age=0s
08-26 13:22:31.149 D PARKDIAG/ExactNet: ⏰ exact net DISARMED — no parked session to watch
08-26 13:22:31.152 D PARKDIAG/SafetyNet: ■ detection running — skipping check
08-26 13:22:31.157 D PARKDIAG/Depart: attempt=0 geof=724147ef speed=0.0km/h acc=172.8m → Rejected
08-26 13:22:31.821 D PARKDIAG/Coord: ─ loc#1 lat=36.6073417 lon=-6.28014 speed=0.0m/s acc=89.4m sessionAge=713ms
08-26 13:22:31.824 D PARKDIAG/Coord:   state hasEverMoved=false hasEverReachedDrivingSpeed=false userConfirmed=false vehicleExit=false stoppedSince=1787743351820 stoppedDur=0ms phase=Idle
08-26 13:22:31.826 D PARKDIAG/Coord:   ⏸ skipping: !hasEverReachedDrivingSpeed
08-26 13:22:38.289 D PARKDIAG/Coord: ─ loc#2 lat=36.6074683 lon=-6.2803033 speed=0.0m/s acc=9.3m sessionAge=7181ms
08-26 13:22:38.304 D PARKDIAG/Coord:   state hasEverMoved=false hasEverReachedDrivingSpeed=false userConfirmed=false vehicleExit=false stoppedSince=1787743351820 stoppedDur=6468ms phase=Idle
08-26 13:22:38.310 D PARKDIAG/Coord:   ⏸ skipping: !hasEverReachedDrivingSpeed
08-26 13:22:43.311 D PARKDIAG/Coord: ─ loc#3 lat=36.6074683 lon=-6.2803033 speed=0.0m/s acc=6.1m sessionAge=12202ms
08-26 13:22:43.317 D PARKDIAG/Coord:   state hasEverMoved=false hasEverReachedDrivingSpeed=false userConfirmed=false vehicleExit=false stoppedSince=1787743351820 stoppedDur=11489ms phase=Idle
08-26 13:22:43.321 D PARKDIAG/Coord:   ⏸ skipping: !hasEverReachedDrivingSpeed
08-26 13:22:48.275 D PARKDIAG/Coord: ─ loc#4 lat=36.6074683 lon=-6.2803033 speed=0.0m/s acc=4.2m sessionAge=17165ms
08-26 13:22:48.280 D PARKDIAG/Coord:   state hasEverMoved=false hasEverReachedDrivingSpeed=false userConfirmed=false vehicleExit=false stoppedSince=1787743351820 stoppedDur=16452ms phase=Idle
08-26 13:22:48.284 D PARKDIAG/Coord:   ⏸ skipping: !hasEverReachedDrivingSpeed
08-26 13:22:53.278 D PARKDIAG/Coord: ─ loc#5 lat=36.6074683 lon=-6.2803033 speed=0.0m/s acc=11.746m sessionAge=22169ms
08-26 13:22:53.284 D PARKDIAG/Coord:   state hasEverMoved=false hasEverReachedDrivingSpeed=false userConfirmed=false vehicleExit=false stoppedSince=1787743351820 stoppedDur=21456ms phase=Idle
08-26 13:22:53.291 D PARKDIAG/Coord:   ⏸ skipping: !hasEverReachedDrivingSpeed
08-26 13:22:56.264 D PARKDIAG/Coord: ─ loc#6 lat=36.6074683 lon=-6.2803033 speed=0.0m/s acc=2.1m sessionAge=25156ms
08-26 13:22:56.269 D PARKDIAG/Coord:   state hasEverMoved=false hasEverReachedDrivingSpeed=false userConfirmed=false vehicleExit=false stoppedSince=1787743351820 stoppedDur=24443ms phase=Idle
08-26 13:22:56.275 D PARKDIAG/Coord:   ⏸ skipping: !hasEverReachedDrivingSpeed
08-26 13:23:01.278 D PARKDIAG/Coord: ─ loc#7 lat=36.6074683 lon=-6.2803033 speed=0.0m/s acc=10.726m sessionAge=30170ms
08-26 13:23:01.283 D PARKDIAG/Coord:   state hasEverMoved=false hasEverReachedDrivingSpeed=false userConfirmed=false vehicleExit=false stoppedSince=1787743351820 stoppedDur=29457ms phase=Idle
08-26 13:23:01.287 D PARKDIAG/Coord:   ⏸ skipping: !hasEverReachedDrivingSpeed
08-26 13:23:06.277 D PARKDIAG/Coord: ─ loc#8 lat=36.6084432 lon=-6.2781706 speed=0.0m/s acc=8.801m sessionAge=35169ms
08-26 13:23:06.283 D PARKDIAG/Coord:   ⚓✗ stop REFUTED by its own track — 214m from the stop origin in 34s while reporting 0.0 m/s (envelopes 89.4+8.801m); the car was still moving — not evidence of rest [DET-STOP-MUST-BE-STILL-IN-SPACE-001]
08-26 13:23:06.287 D PARKDIAG/Coord:   state hasEverMoved=false hasEverReachedDrivingSpeed=false userConfirmed=false vehicleExit=false stoppedSince=1787743351820 stoppedDur=34456ms phase=Idle
08-26 13:23:06.289 D PARKDIAG/Coord:   ⏸ skipping: !hasEverReachedDrivingSpeed
08-26 13:23:08.644 D PARKDIAG/Coord: ─ loc#9 lat=36.6084432 lon=-6.2781707 speed=0.0m/s acc=11.037m sessionAge=37536ms
08-26 13:23:08.648 D PARKDIAG/Coord:   state hasEverMoved=false hasEverReachedDrivingSpeed=false userConfirmed=false vehicleExit=false stoppedSince=1787743351820 stoppedDur=36823ms phase=Idle
08-26 13:23:08.655 D PARKDIAG/Coord:   ⏸ skipping: !hasEverReachedDrivingSpeed
08-26 13:23:11.274 D PARKDIAG/Coord: ─ loc#10 lat=36.6084371 lon=-6.278172 speed=0.0m/s acc=11.649m sessionAge=40166ms
08-26 13:23:11.283 D PARKDIAG/Coord:   state hasEverMoved=false hasEverReachedDrivingSpeed=false userConfirmed=false vehicleExit=false stoppedSince=1787743351820 stoppedDur=39453ms phase=Idle
08-26 13:23:11.289 D PARKDIAG/Coord:   ⏸ skipping: !hasEverReachedDrivingSpeed
08-26 13:23:16.258 D PARKDIAG/Coord: ─ loc#11 lat=36.6084337 lon=-6.2781868 speed=0.6287868m/s acc=9.718m sessionAge=45150ms
08-26 13:23:16.263 D PARKDIAG/Coord:   state hasEverMoved=false hasEverReachedDrivingSpeed=false userConfirmed=false vehicleExit=false stoppedSince=1787743351820 stoppedDur=44437ms phase=Idle
08-26 13:23:16.270 D PARKDIAG/Coord:   ⏸ skipping: !hasEverReachedDrivingSpeed
08-26 13:23:21.288 D PARKDIAG/Coord: ─ loc#12 lat=36.6084352 lon=-6.2781839 speed=0.020969167m/s acc=7.868m sessionAge=50180ms
08-26 13:23:21.293 D PARKDIAG/Coord:   state hasEverMoved=false hasEverReachedDrivingSpeed=false userConfirmed=false vehicleExit=false stoppedSince=1787743351820 stoppedDur=49467ms phase=Idle
08-26 13:23:21.297 D PARKDIAG/Coord:   ⏸ skipping: !hasEverReachedDrivingSpeed
08-26 13:23:25.424 D PARKDIAG/Coord: ─ loc#13 lat=36.6084339 lon=-6.2781868 speed=0.047038194m/s acc=3.848m sessionAge=54317ms
08-26 13:23:25.433 D PARKDIAG/Coord:   state hasEverMoved=false hasEverReachedDrivingSpeed=false userConfirmed=false vehicleExit=false stoppedSince=1787743351820 stoppedDur=53604ms phase=Idle
08-26 13:23:25.437 D PARKDIAG/Coord:   ⏸ skipping: !hasEverReachedDrivingSpeed
08-26 13:23:31.272 D PARKDIAG/Coord: ─ loc#14 lat=36.608433 lon=-6.2781858 speed=0.04296011m/s acc=3.665m sessionAge=60164ms
08-26 13:23:31.275 D PARKDIAG/Coord:   state hasEverMoved=false hasEverReachedDrivingSpeed=false userConfirmed=false vehicleExit=false stoppedSince=1787743351820 stoppedDur=59451ms phase=Idle
08-26 13:23:31.279 D PARKDIAG/Coord:   ⏸ skipping: !hasEverReachedDrivingSpeed
08-26 13:23:33.829 D PARKDIAG/Coord: ─ loc#15 lat=36.6084322 lon=-6.2781877 speed=0.041707903m/s acc=3.56m sessionAge=62722ms
08-26 13:23:33.832 D PARKDIAG/Coord:   state hasEverMoved=false hasEverReachedDrivingSpeed=false userConfirmed=false vehicleExit=false stoppedSince=1787743351820 stoppedDur=62009ms phase=Idle
08-26 13:23:33.843 D PARKDIAG/Coord:   ⏸ skipping: !hasEverReachedDrivingSpeed
08-26 13:23:36.273 D PARKDIAG/Coord: ─ loc#16 lat=36.6084328 lon=-6.2781864 speed=0.043130357m/s acc=3.551m sessionAge=65165ms
08-26 13:23:36.279 D PARKDIAG/Coord:   state hasEverMoved=false hasEverReachedDrivingSpeed=false userConfirmed=false vehicleExit=false stoppedSince=1787743351820 stoppedDur=64452ms phase=Idle
08-26 13:23:36.288 D PARKDIAG/Coord:   ⏸ skipping: !hasEverReachedDrivingSpeed
08-26 13:23:41.288 D PARKDIAG/Coord: ─ loc#17 lat=36.6084326 lon=-6.2781881 speed=0.041704994m/s acc=3.438m sessionAge=70179ms
08-26 13:23:41.299 D PARKDIAG/Coord:   state hasEverMoved=false hasEverReachedDrivingSpeed=false userConfirmed=false vehicleExit=false stoppedSince=1787743351820 stoppedDur=69466ms phase=Idle
08-26 13:23:41.303 D PARKDIAG/Coord:   ⏸ skipping: !hasEverReachedDrivingSpeed
08-26 13:23:46.229 D PARKDIAG/Coord: ─ loc#18 lat=36.6084318 lon=-6.2781875 speed=0.038342483m/s acc=3.248m sessionAge=75115ms
08-26 13:23:46.233 D PARKDIAG/Coord:   state hasEverMoved=false hasEverReachedDrivingSpeed=false userConfirmed=false vehicleExit=false stoppedSince=1787743351820 stoppedDur=74402ms phase=Idle
08-26 13:23:46.236 D PARKDIAG/Coord:   ⚑ no-movement guard hit after 75115ms (budget=75000ms staleExitDelivery=true recentCreep=217m jamExtended=false) → completed=true
08-26 13:23:50.591 D PARKDIAG/Coord:   takeWhile=false — flow will end
08-26 13:23:51.311 W PARKDIAG/RetractDeducedDeparture: retract failed for spot=a786c135 — the short TTL still bounds it
  com.google.firebase.firestore.FirebaseFirestoreException: PERMISSION_DENIED: Missing or insufficient permissions.
	at com.google.firebase.firestore.util.Util.exceptionFromStatus(Util.java:152)
	at com.google.firebase.firestore.core.SyncEngine.notifyUser(SyncEngine.java:629)
	at com.google.firebase.firestore.core.SyncEngine.handleRejectedWrite(SyncEngine.java:511)
	at com.google.firebase.firestore.core.MemoryComponentProvider$RemoteStoreCallback.handleRejectedWrite(MemoryComponentProvider.java:135)
	at com.google.firebase.firestore.remote.RemoteStore.handleWriteError(RemoteStore.java:750)
	at com.google.firebase.firestore.remote.RemoteStore.handleWriteStreamClose(RemoteStore.java:706)
	at com.google.firebase.firestore.remote.RemoteStore.access$600(RemoteStore.java:62)
	at com.google.firebase.firestore.remote.RemoteStore$2.onClose(RemoteStore.java:220)
	at com.google.firebase.firestore.remote.AbstractStream.close(AbstractStream.java:379)
	at com.google.firebase.firestore.remote.AbstractStream.handleServerClose(AbstractStream.java:433)
	at com.google.firebase.firestore.remote.AbstractStream$StreamObserver.lambda$onClose$3$com-google-firebase-firestore-remote-AbstractStream$StreamObserver(AbstractStream.java:160)
	at com.google.firebase.firestore.remote.AbstractStream$StreamObserver$$ExternalSyntheticLambda3.run(D8$$SyntheticClass:0)
	at com.google.firebase.firestore.remote.AbstractStream$CloseGuardedRunner.run(AbstractStream.java:67)
	at com.google.firebase.firestore.remote.AbstractStream$StreamObserver.onClose(AbstractStream.java:146)
	at com.google.firebase.firestore.remote.FirestoreChannel$1.onClose(FirestoreChannel.java:173)
	at io.grpc.internal.ClientCallImpl.closeObserver(ClientCallImpl.java:574)
	at io.grpc.internal.ClientCallImpl.access$300(ClientCallImpl.java:72)
	at io.grpc.internal.ClientCallImpl$ClientStreamListenerImpl$1StreamClosed.runInternal(ClientCallImpl.java:742)
	at io.grpc.internal.ClientCallImpl$ClientStreamListenerImpl$1StreamClosed.runInContext(ClientCallImpl.java:723)
	at io.grpc.internal.ContextRunnable.run(ContextRunnable.java:37)
	at io.grpc.internal.SerializingExecutor.run(SerializingExecutor.java:133)
	at java.util.concurrent.Executors$RunnableAdapter.call(Executors.java:520)
	at java.util.concurrent.FutureTask.run(FutureTask.java:328)
	at java.util.concurrent.ScheduledThreadPoolExecutor$ScheduledFutureTask.run(ScheduledThreadPoolExecutor.java:323)
	at java.util.concurrent.ThreadPoolExecutor.runWorker(ThreadPoolExecutor.java:1100)
	at java.util.concurrent.ThreadPoolExecutor$Worker.run(ThreadPoolExecutor.java:624)
	at com.google.firebase.firestore.util.AsyncQueue$SynchronizedShutdownAwareExecutor$DelayedStartFactory.run(AsyncQueue.java:235)
	at java.lang.Thread.run(Thread.java:1572)
Caused by: io.grpc.StatusException: PERMISSION_DENIED: Missing or insufficient permissions.
	at io.grpc.Status.asException(Status.java:541)
	at com.google.firebase.firestore.util.Util.exceptionFromStatus(Util.java:150)
	... 27 more

08-26 13:23:51.320 D PARKDIAG/Coord: ■ coordinator.invoke() EXITED — locationCount=0 completed=true
08-26 13:23:51.324 D PARKDIAG/Service:     ✓ coordinator returned NORMALLY
08-26 13:23:51.368 D PARKDIAG/StepCounter: cumulative steps read → 2417
08-26 13:23:51.385 D PARKDIAG/Service:   ⑊ honest close: aborted_no_movement stayed silent (too_close; pinDist=23m steps=null/null sessionSteps=0)
08-26 13:23:51.404 D PARKDIAG/StepCounter: cumulative steps read → 2417
08-26 13:23:51.413 D PARKDIAG/Service:     ■ job complete → DetectionEnded(startId=7) → intake
08-26 13:23:51.438 D PARKDIAG/Service:   ⏾ enterSentry(detection-ended) — resident, GPS off, re-arming departure wake [DET-RESIDENT-FGS-001]
08-26 13:23:51.455 D PARKDIAG/SigMotion: sync → armed=true
08-26 13:23:51.559 D PARKDIAG/ExactNet: ⏰ exact net ARMED (exact=true, every 5 min)
08-26 13:23:51.592 D PARKDIAG/OneFix: fix lat=36.6084318 lon=-6.2781877 speed=0.047494058m/s acc=3.139m age=1s
08-26 13:23:51.651 D PARKDIAG/StepCounter: cumulative steps read → 2417
08-26 13:23:51.679 D PARKDIAG/SafetyNet: ▶ inside fence — re-registering geofence=724147ef-1219-437a-94aa-7fed45caccfb (poisoned 80s ago, steps@anchor=2417)
08-26 13:23:51.756 D PARKDIAG/SafetyNet: [detection-end] geof=724147ef: sigues junto al coche (d=23m, radio 103m) → re-registro la valla por si el sistema la borró · geof=a786c135: sigues junto al coche (d=8m, radio 85m) → resello la referencia de pasos; la valla se re-registró hace 274min, no toca aún
08-26 13:32:24.635 D PARKDIAG/ExactNet: ⏰ exact heartbeat fired (doze stretch: 213085 ms)
08-26 13:32:24.838 D PARKDIAG/OneFix: fix lat=36.608425 lon=-6.2781417 speed=0.0m/s acc=100.0m age=0s
08-26 13:32:24.870 D PARKDIAG/StepCounter: cumulative steps read → 2417
08-26 13:32:24.893 D PARKDIAG/SafetyNet: [exact-alarm] geof=724147ef: sigues junto al coche (d=24m, radio 103m) → resello la referencia de pasos; la valla se re-registró hace 8min, no toca aún · geof=a786c135: sigues junto al coche (d=6m, radio 85m) → resello la referencia de pasos; la valla se re-registró hace 283min, no toca aún
08-26 13:33:42.221 D PARKDIAG/OneFix: fix lat=36.608425 lon=-6.2781417 speed=0.0m/s acc=100.0m age=0s
08-26 13:33:42.283 D PARKDIAG/StepCounter: cumulative steps read → 2417
08-26 13:33:42.313 D PARKDIAG/SafetyNet: [periodic] geof=724147ef: sigues junto al coche (d=24m, radio 103m) → resello la referencia de pasos; la valla se re-registró hace 9min, no toca aún · geof=a786c135: sigues junto al coche (d=6m, radio 85m) → resello la referencia de pasos; la valla se re-registró hace 284min, no toca aún
08-26 13:42:24.630 D PARKDIAG/ExactNet: ⏰ exact heartbeat fired (doze stretch: 222469 ms)
08-26 13:42:24.885 D PARKDIAG/OneFix: fix lat=36.608425 lon=-6.2781417 speed=0.0m/s acc=100.0m age=0s
08-26 13:42:24.909 D PARKDIAG/StepCounter: cumulative steps read → 2417
08-26 13:42:24.925 D PARKDIAG/SafetyNet: [exact-alarm] geof=724147ef: sigues junto al coche (d=24m, radio 103m) → resello la referencia de pasos; la valla se re-registró hace 18min, no toca aún · geof=a786c135: sigues junto al coche (d=6m, radio 85m) → resello la referencia de pasos; la valla se re-registró hace 293min, no toca aún
08-26 13:48:42.627 D PARKDIAG/OneFix: fix lat=36.608425 lon=-6.2781417 speed=0.0m/s acc=100.0m age=0s
08-26 13:48:42.677 D PARKDIAG/StepCounter: cumulative steps read → 2417
08-26 13:48:42.693 D PARKDIAG/SafetyNet: [periodic] geof=724147ef: sigues junto al coche (d=24m, radio 103m) → resello la referencia de pasos; la valla se re-registró hace 24min, no toca aún · geof=a786c135: sigues junto al coche (d=6m, radio 85m) → resello la referencia de pasos; la valla se re-registró hace 299min, no toca aún
08-26 13:57:24.636 D PARKDIAG/ExactNet: ⏰ exact heartbeat fired (doze stretch: 222111 ms)
08-26 13:57:24.914 D PARKDIAG/OneFix: fix lat=36.608425 lon=-6.2781417 speed=0.0m/s acc=100.0m age=0s
08-26 13:57:24.945 D PARKDIAG/StepCounter: cumulative steps read → 2417
08-26 13:57:24.974 D PARKDIAG/SafetyNet: [exact-alarm] geof=724147ef: sigues junto al coche (d=24m, radio 103m) → resello la referencia de pasos; la valla se re-registró hace 33min, no toca aún · geof=a786c135: sigues junto al coche (d=6m, radio 85m) → resello la referencia de pasos; la valla se re-registró hace 308min, no toca aún
08-26 14:03:42.912 D PARKDIAG/OneFix: fix lat=36.608425 lon=-6.2781417 speed=0.0m/s acc=100.0m age=0s
08-26 14:03:42.966 D PARKDIAG/StepCounter: cumulative steps read → 2417
08-26 14:03:42.994 D PARKDIAG/SafetyNet: [periodic] geof=724147ef: sigues junto al coche (d=24m, radio 103m) → resello la referencia de pasos; la valla se re-registró hace 39min, no toca aún · geof=a786c135: sigues junto al coche (d=6m, radio 85m) → resello la referencia de pasos; la valla se re-registró hace 314min, no toca aún
08-26 14:12:24.634 D PARKDIAG/ExactNet: ⏰ exact heartbeat fired (doze stretch: 221828 ms)
08-26 14:12:24.941 D PARKDIAG/OneFix: fix lat=36.608425 lon=-6.2781417 speed=0.0m/s acc=100.0m age=0s
08-26 14:12:24.974 D PARKDIAG/StepCounter: cumulative steps read → 2417
08-26 14:12:24.996 D PARKDIAG/SafetyNet: [exact-alarm] geof=724147ef: sigues junto al coche (d=24m, radio 103m) → resello la referencia de pasos; la valla se re-registró hace 48min, no toca aún · geof=a786c135: sigues junto al coche (d=6m, radio 85m) → resello la referencia de pasos; la valla se re-registró hace 323min, no toca aún
08-26 14:18:43.296 D PARKDIAG/OneFix: fix lat=36.608425 lon=-6.2781417 speed=0.0m/s acc=100.0m age=0s
08-26 14:18:43.339 D PARKDIAG/StepCounter: cumulative steps read → 2417
08-26 14:18:43.369 D PARKDIAG/SafetyNet: [periodic] geof=724147ef: sigues junto al coche (d=24m, radio 103m) → resello la referencia de pasos; la valla se re-registró hace 54min, no toca aún · geof=a786c135: sigues junto al coche (d=6m, radio 85m) → resello la referencia de pasos; la valla se re-registró hace 329min, no toca aún
08-26 14:27:24.418 D PARKDIAG/ExactNet: ⏰ exact heartbeat fired (doze stretch: 221218 ms)
08-26 14:27:24.723 D PARKDIAG/OneFix: fix lat=36.608425 lon=-6.2781417 speed=0.0m/s acc=100.0m age=0s
08-26 14:27:24.751 D PARKDIAG/StepCounter: cumulative steps read → 2417
08-26 14:27:24.780 D PARKDIAG/SafetyNet: [exact-alarm] geof=724147ef: sigues junto al coche (d=24m, radio 103m) → resello la referencia de pasos; la valla se re-registró hace 63min, no toca aún · geof=a786c135: sigues junto al coche (d=6m, radio 85m) → resello la referencia de pasos; la valla se re-registró hace 338min, no toca aún
08-26 14:33:12.052 D PARKDIAG/ExactNet: ⏰ exact heartbeat fired (doze stretch: 47423 ms)
08-26 14:33:12.218 D PARKDIAG/OneFix: fix lat=36.6084283 lon=-6.2784783 speed=0.0m/s acc=100.0m age=0s
08-26 14:33:12.248 D PARKDIAG/StepCounter: cumulative steps read → 2417
08-26 14:33:12.267 D PARKDIAG/SafetyNet: [exact-alarm] geof=724147ef: sigues junto al coche (d=37m, radio 103m) → resello la referencia de pasos; la valla se re-registró hace 69min, no toca aún · geof=a786c135: sigues junto al coche (d=31m, radio 85m) → resello la referencia de pasos; la valla se re-registró hace 344min, no toca aún
08-26 14:33:43.451 D PARKDIAG/OneFix: fix lat=36.60842 lon=-6.2779417 speed=0.0m/s acc=15.3m age=23s
08-26 14:33:43.477 D PARKDIAG/StepCounter: cumulative steps read → 2417
08-26 14:33:43.493 D PARKDIAG/SafetyNet: [periodic] geof=724147ef: sigues junto al coche (d=31m, radio 103m) → resello la referencia de pasos; la valla se re-registró hace 69min, no toca aún · geof=a786c135: sigues junto al coche (d=18m, radio 85m) → resello la referencia de pasos; la valla se re-registró hace 344min, no toca aún
08-26 14:39:14.951 D PARKDIAG/ExactNet: ⏰ exact heartbeat fired (doze stretch: 31517 ms)
08-26 14:39:15.083 D PARKDIAG/OneFix: fix lat=36.60854 lon=-6.2786267 speed=21.782015m/s acc=13.0m age=17s
08-26 14:39:15.107 D PARKDIAG/StepCounter: cumulative steps read → 2417
08-26 14:39:15.116 D PARKDIAG/SafetyNet: [exact-alarm] geof=724147ef: sigues junto al coche (d=43m, radio 103m) → resello la referencia de pasos; la valla se re-registró hace 75min, no toca aún · geof=a786c135: sigues junto al coche (d=47m, radio 85m) → resello la referencia de pasos; la valla se re-registró hace 350min, no toca aún
08-26 14:45:18.346 D PARKDIAG/ExactNet: ⏰ exact heartbeat fired (doze stretch: 63306 ms)
08-26 14:45:18.486 D PARKDIAG/OneFix: fix lat=36.6084733 lon=-6.27829 speed=0.0m/s acc=100.0m age=7s
08-26 14:45:18.500 D PARKDIAG/StepCounter: cumulative steps read → 2417
08-26 14:45:18.510 D PARKDIAG/SafetyNet: [exact-alarm] geof=724147ef: sigues junto al coche (d=22m, radio 103m) → resello la referencia de pasos; la valla se re-registró hace 81min, no toca aún · geof=a786c135: sigues junto al coche (d=18m, radio 85m) → resello la referencia de pasos; la valla se re-registró hace 356min, no toca aún
08-26 14:48:43.566 D PARKDIAG/OneFix: fix lat=36.6084683 lon=-6.2784633 speed=0.0m/s acc=100.0m age=0s
08-26 14:48:43.594 D PARKDIAG/StepCounter: cumulative steps read → 2417
08-26 14:48:43.604 D PARKDIAG/SafetyNet: [periodic] geof=724147ef: sigues junto al coche (d=33m, radio 103m) → resello la referencia de pasos; la valla se re-registró hace 84min, no toca aún · geof=a786c135: sigues junto al coche (d=31m, radio 85m) → resello la referencia de pasos; la valla se re-registró hace 359min, no toca aún
08-26 14:54:07.172 D PARKDIAG/ExactNet: ⏰ exact heartbeat fired (doze stretch: 23641 ms)
08-26 14:54:07.310 D PARKDIAG/OneFix: fix lat=36.6084867 lon=-6.2782783 speed=0.0m/s acc=50.3042m age=23s
08-26 14:54:07.328 D PARKDIAG/StepCounter: cumulative steps read → 2417
08-26 14:54:07.347 D PARKDIAG/SafetyNet: ▶ inside fence — re-registering geofence=a786c135-2500-42c4-8adc-dd7d695ae0d8 (blind floor, steps@anchor=2417)
08-26 14:54:07.387 D PARKDIAG/SafetyNet: [exact-alarm] geof=724147ef: sigues junto al coche (d=20m, radio 103m) → resello la referencia de pasos; la valla se re-registró hace 90min, no toca aún · geof=a786c135: sigues junto al coche (d=18m, radio 85m) → re-registro la valla por si el sistema la borró
08-26 15:00:43.339 D PARKDIAG/ExactNet: ⏰ exact heartbeat fired (doze stretch: 96068 ms)
08-26 15:00:43.667 D PARKDIAG/OneFix: fix lat=36.6084067 lon=-6.278305 speed=0.0m/s acc=100.0m age=0s
08-26 15:00:43.705 D PARKDIAG/StepCounter: cumulative steps read → 2417
08-26 15:00:43.731 D PARKDIAG/SafetyNet: [exact-alarm] geof=724147ef: sigues junto al coche (d=29m, radio 103m) → resello la referencia de pasos; la valla se re-registró hace 96min, no toca aún · geof=a786c135: sigues junto al coche (d=15m, radio 85m) → resello la referencia de pasos; la valla se re-registró hace 6min, no toca aún
08-26 15:03:43.723 D PARKDIAG/OneFix: fix lat=36.6084067 lon=-6.278305 speed=0.0m/s acc=100.0m age=0s
08-26 15:03:43.791 D PARKDIAG/StepCounter: cumulative steps read → 2417
08-26 15:03:43.837 D PARKDIAG/SafetyNet: [periodic] geof=724147ef: sigues junto al coche (d=29m, radio 103m) → resello la referencia de pasos; la valla se re-registró hace 99min, no toca aún · geof=a786c135: sigues junto al coche (d=15m, radio 85m) → resello la referencia de pasos; la valla se re-registró hace 9min, no toca aún
08-26 15:10:13.070 D PARKDIAG/ExactNet: ⏰ exact heartbeat fired (doze stretch: 89402 ms)
08-26 15:10:13.368 D PARKDIAG/OneFix: fix lat=36.6084067 lon=-6.278305 speed=0.0m/s acc=100.0m age=0s
08-26 15:10:13.389 D PARKDIAG/StepCounter: cumulative steps read → 2417
08-26 15:10:13.406 D PARKDIAG/SafetyNet: [exact-alarm] geof=724147ef: sigues junto al coche (d=29m, radio 103m) → resello la referencia de pasos; la valla se re-registró hace 106min, no toca aún · geof=a786c135: sigues junto al coche (d=15m, radio 85m) → resello la referencia de pasos; la valla se re-registró hace 16min, no toca aún
08-26 15:14:27.178 W PARKDIAG/SafetyNet: ⚠ sentry residency stamp outlived the process (gap 4 min) — resident watcher killed [DET-RESIDENT-FGS-001]
08-26 15:14:27.384 D PARKDIAG/SigMotion: sync → armed=true
08-26 15:14:27.581 D PARKDIAG/OneFix: ⊘ stale fix rejected (age=254s > 30s) lat=36.6084067 lon=-6.278305
08-26 15:14:28.986 D PARKDIAG/Bootstrap: ▶ Bootstrap.invoke userId=fiypNbElGlfFexLMpU9sNaMjRMD3
08-26 15:14:29.003 D PARKDIAG/Bootstrap:   → syncVehicles START
08-26 15:14:29.006 D PARKDIAG/VehicleSync: ▶ syncFromRemote userId=fiypNbElGlfFexLMpU9sNaMjRMD3
08-26 15:14:29.031 D PARKDIAG/Bootstrap:   → syncParkingHistory START
08-26 15:14:29.045 D PARKDIAG/Bootstrap:   → syncZones START
08-26 15:14:36.647 D PARKDIAG/VehicleSync:   ← Firestore returned 3 vehicle(s)
08-26 15:14:36.651 D PARKDIAG/VehicleSync:     vehicle id=abf6c516-a739-4708-b216-870285f3cbc6 isActive=false name=Skoda Kamiq
08-26 15:14:36.654 D PARKDIAG/VehicleSync:     vehicle id=addbe660-ad30-4857-ab1f-58433d76992d isActive=true name=Ford Focus
08-26 15:14:36.657 D PARKDIAG/VehicleSync:     vehicle id=ccd539d9-02f9-4b40-8b94-da672c96866f isActive=false name=Chevrolet Beat
08-26 15:14:36.702 D PARKDIAG/VehicleSync: ■ syncFromRemote merged 3 vehicle(s) into Room (kept 0 pending)
08-26 15:14:36.705 D PARKDIAG/Bootstrap:   ← syncVehicles END isSuccess=true
08-26 15:14:38.121 D PARKDIAG/Bootstrap:   ← syncZones END isSuccess=true
08-26 15:14:38.425 D PARKDIAG/Bootstrap:   ← syncParkingHistory END isSuccess=true
08-26 15:14:38.430 D PARKDIAG/Bootstrap: ■ Bootstrap.invoke SUCCESS
08-26 15:14:42.507 D PARKDIAG/OneFix: fix TIMEOUT after 15000ms (maxAge=30s)
08-26 15:14:42.509 D PARKDIAG/SafetyNet: ■ no fresh fix within timeout — nothing to evaluate this tick
08-26 15:18:44.139 D PARKDIAG/OneFix: ⊘ stale fix rejected (age=188s > 30s) lat=36.6084979 lon=-6.2795883
08-26 15:18:59.088 D PARKDIAG/OneFix: fix TIMEOUT after 15000ms (maxAge=30s)
08-26 15:18:59.093 D PARKDIAG/SafetyNet: ■ no fresh fix within timeout — nothing to evaluate this tick
08-26 15:25:32.150 D PARKDIAG/ExactNet: ⏰ exact heartbeat fired (doze stretch: 108125 ms)
08-26 15:25:32.467 D PARKDIAG/OneFix: fix lat=36.6084979 lon=-6.2795883 speed=0.0m/s acc=200.0m age=1s
08-26 15:25:32.570 D PARKDIAG/StepCounter: cumulative steps read → 2417
08-26 15:25:32.641 D PARKDIAG/SafetyNet: [exact-alarm] geof=724147ef: distancia ambigua (d=128m, ni junto al coche ni claramente lejos) → solo apunto la posición, no decido nada · geof=a786c135: distancia ambigua (d=130m, ni junto al coche ni claramente lejos) → solo apunto la posición, no decido nada
08-26 15:30:37.317 D PARKDIAG/ExactNet: ⏰ exact heartbeat fired (doze stretch: 4898 ms)
08-26 15:30:37.807 D PARKDIAG/OneFix: fix lat=36.6084979 lon=-6.2795883 speed=0.0m/s acc=200.0m age=6s
08-26 15:30:37.931 D PARKDIAG/StepCounter: cumulative steps read → 2417
08-26 15:30:37.974 D PARKDIAG/SafetyNet: [exact-alarm] geof=724147ef: distancia ambigua (d=128m, ni junto al coche ni claramente lejos) → solo apunto la posición, no decido nada · geof=a786c135: distancia ambigua (d=130m, ni junto al coche ni claramente lejos) → solo apunto la posición, no decido nada
08-26 15:33:59.291 D PARKDIAG/OneFix: fix lat=36.6082843 lon=-6.2772638 speed=0.0m/s acc=200.0m age=5s
08-26 15:34:15.469 D PARKDIAG/StepCounter: cumulative steps read → TIMEOUT
08-26 15:34:15.513 D PARKDIAG/SafetyNet: ▶ inside fence — re-registering geofence=724147ef-1219-437a-94aa-7fed45caccfb (blind floor, steps@anchor=?)
08-26 15:34:15.618 D PARKDIAG/SafetyNet: ▶ inside fence — re-registering geofence=a786c135-2500-42c4-8adc-dd7d695ae0d8 (blind floor, steps@anchor=?)
08-26 15:34:15.658 D PARKDIAG/SafetyNet: [periodic] geof=724147ef: sigues junto al coche (d=89m, radio 103m) → re-registro la valla por si el sistema la borró · geof=a786c135: sigues junto al coche (d=78m, radio 85m) → re-registro la valla por si el sistema la borró
08-26 15:36:31.261 D PARKDIAG/FenceEnter: ✓ re-entered own fence (enter_724147ef-1219-437a-94aa-7fed45caccfb, enter_a786c135-2500-42c4-8adc-dd7d695ae0d8) → enqueueing anchor re-seal check
08-26 15:36:31.479 D PARKDIAG/OneFix: fix lat=36.6079959 lon=-6.2775261 speed=1.7015679m/s acc=15.8m age=0s
08-26 15:36:31.565 D PARKDIAG/StepCounter: cumulative steps read → 2489
08-26 15:36:31.584 D PARKDIAG/SafetyNet: [geofence-enter] geof=724147ef: sigues junto al coche (d=91m, radio 103m) → resello la referencia de pasos; la valla se re-registró hace 2min, no toca aún · geof=a786c135: sigues junto al coche (d=68m, radio 85m) → resello la referencia de pasos; la valla se re-registró hace 2min, no toca aún
08-26 15:37:13.848 D PARKDIAG/Service: ▶ Service onCreate
08-26 15:37:13.850 D PARKDIAG/Service: ▶ onStartCommand action=io.apptolast.paparcar.ACTION_RESUME_SENTRY flags=0 startId=1
08-26 15:37:13.858 D PARKDIAG/Service:   ✓ startForeground done (locationPermission=true)
08-26 15:37:13.871 D PARKDIAG/Service:   → RESUME_SENTRY (foreground-gap) — epilogue decides sentry vs stop [DET-WATCH-HONEST-001][DET-WATCH-REACTIVATE-001]
08-26 15:37:14.534 D PARKDIAG/Service:   ⏾ enterSentry(post-ACTION_RESUME_SENTRY) — resident, GPS off, re-arming departure wake [DET-RESIDENT-FGS-001]
08-26 15:37:14.948 D PARKDIAG/OneFix: fix lat=36.6083678 lon=-6.2780234 speed=0.0019158535m/s acc=6.6m age=3s
08-26 15:37:15.161 D PARKDIAG/StepCounter: cumulative steps read → 2489
08-26 15:37:15.280 D PARKDIAG/SafetyNet: [detection-end] geof=724147ef: sigues junto al coche (d=32m, radio 103m) → resello la referencia de pasos; la valla se re-registró hace 3min, no toca aún · geof=a786c135: sigues junto al coche (d=10m, radio 85m) → resello la referencia de pasos; la valla se re-registró hace 3min, no toca aún
08-26 15:43:22.455 D PARKDIAG/ExactNet: ⏰ exact heartbeat fired (doze stretch: 67668 ms)
08-26 15:43:27.876 D PARKDIAG/OneFix: fix lat=36.608425 lon=-6.2781767 speed=0.0m/s acc=159.365m age=5s
08-26 15:43:27.927 D PARKDIAG/StepCounter: cumulative steps read → 2489
08-26 15:43:27.958 D PARKDIAG/SafetyNet: [exact-alarm] geof=724147ef: sigues junto al coche (d=24m, radio 103m) → resello la referencia de pasos; la valla se re-registró hace 9min, no toca aún · geof=a786c135: sigues junto al coche (d=7m, radio 85m) → resello la referencia de pasos; la valla se re-registró hace 9min, no toca aún
08-26 15:49:20.981 D PARKDIAG/OneFix: fix lat=36.6106154 lon=-6.2712869 speed=0.0m/s acc=600.0m age=5s
08-26 15:49:21.044 D PARKDIAG/StepCounter: cumulative steps read → 2489
08-26 15:49:21.091 D PARKDIAG/SafetyNet: [periodic] geof=724147ef: distancia ambigua (d=651m, ni junto al coche ni claramente lejos) → solo apunto la posición, no decido nada · geof=a786c135: distancia ambigua (d=660m, ni junto al coche ni claramente lejos) → solo apunto la posición, no decido nada
08-26 15:56:54.926 D PARKDIAG/ExactNet: ⏰ exact heartbeat fired (doze stretch: 159107 ms)
08-26 15:56:55.180 D PARKDIAG/OneFix: fix lat=36.6083183 lon=-6.27808 speed=0.0m/s acc=100.0m age=0s
08-26 15:56:55.270 D PARKDIAG/StepCounter: cumulative steps read → 2489
08-26 15:56:55.316 D PARKDIAG/SafetyNet: [exact-alarm] geof=724147ef: sigues junto al coche (d=36m, radio 103m) → resello la referencia de pasos; la valla se re-registró hace 22min, no toca aún · geof=a786c135: sigues junto al coche (d=7m, radio 85m) → resello la referencia de pasos; la valla se re-registró hace 22min, no toca aún
08-26 16:01:26.487 D PARKDIAG/Service: ▶ onStartCommand action=io.apptolast.paparcar.ACTION_GEOFENCE_EXIT flags=0 startId=2
08-26 16:01:26.581 D PARKDIAG/Service:   ✓ startForeground done (locationPermission=true)
08-26 16:01:26.609 D PARKDIAG/ExitWitness: ⚑ EXIT emitted geof=a786c135 loc=36.6092656,-6.278924 acc=14.6m fixAge=473ms
08-26 16:01:26.693 D PARKDIAG/OneFix: fix lat=36.6092656 lon=-6.278924 speed=0.012110221m/s acc=14.6m age=0s
08-26 16:01:26.787 D PARKDIAG/Service:   → GEOFENCE_EXIT — arming Coordinator (geof=a786c135 d=122m acc=14m exitLoc=36.6092656,-6.278924 dep=self_observed) [DET-G-01][DET-G-05]
08-26 16:01:26.832 D PARKDIAG/Service:   ▶ startParkingDetection — launching coordinator (trigger=GEOFENCE_EXIT)
08-26 16:01:26.932 D PARKDIAG/Service:     ▶ detection coroutine entered, invoking coordinator
08-26 16:01:26.977 D PARKDIAG/Coord: ▶ coordinator.invoke() entry (armEvidence=self_observed) — calling reset()
08-26 16:01:26.982 D PARKDIAG/Coord:   → session-start dismiss PARKING_CONFIRMATION (savedConfirmAge=nullms, limit=900000ms)
08-26 16:01:27.052 D PARKDIAG/OneFix: fix lat=36.6092656 lon=-6.278924 speed=0.012110221m/s acc=14.6m age=0s
08-26 16:01:27.088 D PARKDIAG/Coord: ─ loc#1 lat=36.6092656 lon=-6.278924 speed=0.012110221m/s acc=14.6m sessionAge=110ms
08-26 16:01:27.092 D PARKDIAG/Coord:   state hasEverMoved=false hasEverReachedDrivingSpeed=false userConfirmed=false vehicleExit=false stoppedSince=1787752887087 stoppedDur=0ms phase=Idle
08-26 16:01:27.094 D PARKDIAG/Depart: attempt=0 geof=a786c135 speed=0.043596797km/h acc=14.6m → Rejected
08-26 16:01:27.094 D PARKDIAG/Coord:   ⏸ skipping: !hasEverReachedDrivingSpeed
08-26 16:01:29.256 D PARKDIAG/Coord:   ✦ step #1 (pre-drive, false-ENTER candidate)
08-26 16:01:30.359 D PARKDIAG/Coord:   ✦ step #2 (pre-drive, false-ENTER candidate)
08-26 16:01:30.977 D PARKDIAG/Coord:   ✦ step #3 (pre-drive, false-ENTER candidate)
08-26 16:01:34.975 D PARKDIAG/Coord:   ✦ step #4 (pre-drive, false-ENTER candidate)
08-26 16:01:35.563 D PARKDIAG/Coord: ─ loc#2 lat=36.6092769 lon=-6.2789171 speed=0.18946846m/s acc=25.83m sessionAge=8586ms
08-26 16:01:35.565 D PARKDIAG/Coord:   state hasEverMoved=false hasEverReachedDrivingSpeed=false userConfirmed=false vehicleExit=false stoppedSince=1787752887087 stoppedDur=8476ms phase=Idle
08-26 16:01:35.567 D PARKDIAG/Coord:   ⏸ skipping: !hasEverReachedDrivingSpeed
08-26 16:01:35.874 D PARKDIAG/Coord:   ✦ step #5 (pre-drive, false-ENTER candidate)
08-26 16:01:36.375 D PARKDIAG/Coord:   ✦ step #6 (pre-drive, false-ENTER candidate)
08-26 16:01:37.239 D PARKDIAG/Coord:   ✦ step #7 (pre-drive, false-ENTER candidate)
08-26 16:01:37.691 D PARKDIAG/Coord:   ✦ step #8 (pre-drive, false-ENTER candidate)
08-26 16:01:38.088 D PARKDIAG/Coord:   ✦ step #9 (pre-drive, false-ENTER candidate)
08-26 16:01:38.752 D PARKDIAG/Coord:   ✦ step #10 (pre-drive, false-ENTER candidate)
08-26 16:01:38.969 D PARKDIAG/Coord:   ✦ step #11 (pre-drive, false-ENTER candidate)
08-26 16:01:40.008 D PARKDIAG/Coord:   ✦ step #12 (pre-drive, false-ENTER candidate)
08-26 16:01:40.756 D PARKDIAG/Coord:   ✦ step #13 (pre-drive, false-ENTER candidate)
08-26 16:01:41.413 D PARKDIAG/Coord:   ✦ step #14 (pre-drive, false-ENTER candidate)
08-26 16:01:42.215 D PARKDIAG/Coord:   ✦ step #15 (pre-drive, false-ENTER candidate)
08-26 16:01:42.973 D PARKDIAG/Coord:   ✦ step #16 (pre-drive, false-ENTER candidate)
08-26 16:01:44.091 D PARKDIAG/Coord:   ✦ step #17 (pre-drive, false-ENTER candidate)
08-26 16:01:44.105 D PARKDIAG/Coord:   ✦ step #18 (pre-drive, false-ENTER candidate)
08-26 16:01:44.749 D PARKDIAG/Coord:   ✦ step #19 (pre-drive, false-ENTER candidate)
08-26 16:01:45.208 D PARKDIAG/Coord:   ✦ step #20 (pre-drive, false-ENTER candidate)
08-26 16:01:45.731 D PARKDIAG/Coord:   ✦ step #21 (pre-drive, false-ENTER candidate)
08-26 16:01:46.196 D PARKDIAG/Coord:   ✦ step #22 (pre-drive, false-ENTER candidate)
08-26 16:01:46.843 D PARKDIAG/Coord:   ✦ step #23 (pre-drive, false-ENTER candidate)
08-26 16:01:47.253 D PARKDIAG/Coord:   ✦ step #24 (pre-drive, false-ENTER candidate)
08-26 16:01:47.553 D PARKDIAG/Coord:   ✦ step #25 (pre-drive, false-ENTER candidate)
08-26 16:01:48.072 D PARKDIAG/Coord:   ✦ step #26 (pre-drive, false-ENTER candidate)
08-26 16:01:48.734 D PARKDIAG/Coord:   ✦ step #27 (pre-drive, false-ENTER candidate)
08-26 16:01:49.455 D PARKDIAG/Coord:   ✦ step #28 (pre-drive, false-ENTER candidate)
08-26 16:01:50.126 D PARKDIAG/Coord:   ✦ step #29 (pre-drive, false-ENTER candidate)
08-26 16:01:50.769 D PARKDIAG/Coord:   ✦ step #30 (pre-drive, false-ENTER candidate)
08-26 16:01:51.529 D PARKDIAG/Coord:   ✦ step #31 (pre-drive, false-ENTER candidate)
08-26 16:01:51.626 D PARKDIAG/Coord: ─ loc#3 lat=36.608591 lon=-6.2782666 speed=0.30866957m/s acc=12.709m sessionAge=24645ms
08-26 16:01:51.629 D PARKDIAG/Coord:   ⚓✗ stop REFUTED by its own track — 95m from the stop origin in 23s while reporting 0.30866957 m/s (envelopes 14.6+12.709m); the car was still moving — not evidence of rest [DET-STOP-MUST-BE-STILL-IN-SPACE-001]
08-26 16:01:51.632 D PARKDIAG/Coord:   state hasEverMoved=false hasEverReachedDrivingSpeed=false userConfirmed=false vehicleExit=false stoppedSince=1787752887087 stoppedDur=24535ms phase=Idle
08-26 16:01:51.636 D PARKDIAG/Coord:   ⊘ false-ENTER abort — 31 steps before driving speed [BUG-FALSE-ENTER-WALKING]
08-26 16:01:52.009 D PARKDIAG/Coord:   ✦ step #32 (pre-drive, false-ENTER candidate)
08-26 16:01:53.011 D PARKDIAG/Coord:   ✦ step #33 (pre-drive, false-ENTER candidate)
08-26 16:01:53.517 D PARKDIAG/Coord:   ✦ step #34 (pre-drive, false-ENTER candidate)
08-26 16:01:54.493 D PARKDIAG/Coord:   ✦ step #35 (pre-drive, false-ENTER candidate)
08-26 16:01:55.058 D PARKDIAG/Coord:   ✦ step #36 (pre-drive, false-ENTER candidate)
08-26 16:01:55.773 D PARKDIAG/Coord:   takeWhile=false — flow will end
08-26 16:01:56.218 W PARKDIAG/RetractDeducedDeparture: retract failed for spot=a786c135 — the short TTL still bounds it
  com.google.firebase.firestore.FirebaseFirestoreException: PERMISSION_DENIED: Missing or insufficient permissions.
	at com.google.firebase.firestore.util.Util.exceptionFromStatus(Util.java:152)
	at com.google.firebase.firestore.core.SyncEngine.notifyUser(SyncEngine.java:629)
	at com.google.firebase.firestore.core.SyncEngine.handleRejectedWrite(SyncEngine.java:511)
	at com.google.firebase.firestore.core.MemoryComponentProvider$RemoteStoreCallback.handleRejectedWrite(MemoryComponentProvider.java:135)
	at com.google.firebase.firestore.remote.RemoteStore.handleWriteError(RemoteStore.java:750)
	at com.google.firebase.firestore.remote.RemoteStore.handleWriteStreamClose(RemoteStore.java:706)
	at com.google.firebase.firestore.remote.RemoteStore.access$600(RemoteStore.java:62)
	at com.google.firebase.firestore.remote.RemoteStore$2.onClose(RemoteStore.java:220)
	at com.google.firebase.firestore.remote.AbstractStream.close(AbstractStream.java:379)
	at com.google.firebase.firestore.remote.AbstractStream.handleServerClose(AbstractStream.java:433)
	at com.google.firebase.firestore.remote.AbstractStream$StreamObserver.lambda$onClose$3$com-google-firebase-firestore-remote-AbstractStream$StreamObserver(AbstractStream.java:160)
	at com.google.firebase.firestore.remote.AbstractStream$StreamObserver$$ExternalSyntheticLambda3.run(D8$$SyntheticClass:0)
	at com.google.firebase.firestore.remote.AbstractStream$CloseGuardedRunner.run(AbstractStream.java:67)
	at com.google.firebase.firestore.remote.AbstractStream$StreamObserver.onClose(AbstractStream.java:146)
	at com.google.firebase.firestore.remote.FirestoreChannel$1.onClose(FirestoreChannel.java:173)
	at io.grpc.internal.ClientCallImpl.closeObserver(ClientCallImpl.java:574)
	at io.grpc.internal.ClientCallImpl.access$300(ClientCallImpl.java:72)
	at io.grpc.internal.ClientCallImpl$ClientStreamListenerImpl$1StreamClosed.runInternal(ClientCallImpl.java:742)
	at io.grpc.internal.ClientCallImpl$ClientStreamListenerImpl$1StreamClosed.runInContext(ClientCallImpl.java:723)
	at io.grpc.internal.ContextRunnable.run(ContextRunnable.java:37)
	at io.grpc.internal.SerializingExecutor.run(SerializingExecutor.java:133)
	at java.util.concurrent.Executors$RunnableAdapter.call(Executors.java:520)
	at java.util.concurrent.FutureTask.run(FutureTask.java:328)
	at java.util.concurrent.ScheduledThreadPoolExecutor$ScheduledFutureTask.run(ScheduledThreadPoolExecutor.java:323)
	at java.util.concurrent.ThreadPoolExecutor.runWorker(ThreadPoolExecutor.java:1100)
	at java.util.concurrent.ThreadPoolExecutor$Worker.run(ThreadPoolExecutor.java:624)
	at com.google.firebase.firestore.util.AsyncQueue$SynchronizedShutdownAwareExecutor$DelayedStartFactory.run(AsyncQueue.java:235)
	at java.lang.Thread.run(Thread.java:1572)
Caused by: io.grpc.StatusException: PERMISSION_DENIED: Missing or insufficient permissions.
	at io.grpc.Status.asException(Status.java:541)
	at com.google.firebase.firestore.util.Util.exceptionFromStatus(Util.java:150)
	... 27 more

08-26 16:01:56.226 D PARKDIAG/Coord: ■ coordinator.invoke() EXITED — locationCount=0 completed=true
08-26 16:01:56.230 D PARKDIAG/Service:     ✓ coordinator returned NORMALLY
08-26 16:01:56.253 D PARKDIAG/StepCounter: cumulative steps read → 2512
08-26 16:01:56.268 D PARKDIAG/Service:   ⑊ honest close: aborted_false_enter stayed silent (too_close; pinDist=11m steps=null/null sessionSteps=36)
08-26 16:01:56.282 D PARKDIAG/StepCounter: cumulative steps read → 2512
08-26 16:01:56.292 D PARKDIAG/Service:     ■ job complete → DetectionEnded(startId=2) → intake
08-26 16:01:56.319 D PARKDIAG/Service:   ⏾ enterSentry(detection-ended) — resident, GPS off, re-arming departure wake [DET-RESIDENT-FGS-001]
08-26 16:01:56.450 D PARKDIAG/OneFix: fix lat=36.6085028 lon=-6.2781848 speed=1.2820672m/s acc=22.756m age=0s
08-26 16:01:56.516 D PARKDIAG/StepCounter: cumulative steps read → 2512
08-26 16:01:56.534 D PARKDIAG/SafetyNet: ▶ inside fence — re-registering geofence=a786c135-2500-42c4-8adc-dd7d695ae0d8 (poisoned 29s ago, steps@anchor=2512)
08-26 16:01:56.604 D PARKDIAG/SafetyNet: [detection-end] geof=724147ef: sigues junto al coche (d=15m, radio 103m) → resello la referencia de pasos; la valla se re-registró hace 27min, no toca aún · geof=a786c135: sigues junto al coche (d=15m, radio 85m) → re-registro la valla por si el sistema la borró
08-26 16:04:26.384 D PARKDIAG/OneFix: fix lat=36.609265 lon=-6.2789233 speed=0.0m/s acc=277.369m age=5s
08-26 16:04:26.442 D PARKDIAG/StepCounter: cumulative steps read → 2521
08-26 16:04:26.455 D PARKDIAG/SafetyNet: [periodic] geof=724147ef: sigues junto al coche (d=97m, radio 103m) → resello la referencia de pasos; la valla se re-registró hace 30min, no toca aún · geof=a786c135: distancia ambigua (d=122m, ni junto al coche ni claramente lejos) → solo apunto la posición, no decido nada
08-26 16:09:37.895 D PARKDIAG/ExactNet: ⏰ exact heartbeat fired (doze stretch: 16681 ms)
08-26 16:09:38.060 D PARKDIAG/OneFix: fix lat=36.6085188 lon=-6.2781535 speed=0.2714147m/s acc=55.866m age=0s
08-26 16:09:38.128 D PARKDIAG/StepCounter: cumulative steps read → 2617
08-26 16:09:38.145 D PARKDIAG/SafetyNet: [exact-alarm] geof=724147ef: sigues junto al coche (d=13m, radio 103m) → resello la referencia de pasos; la valla se re-registró hace 35min, no toca aún · geof=a786c135: sigues junto al coche (d=16m, radio 85m) → resello la referencia de pasos; la valla se re-registró hace 7min, no toca aún
08-26 16:10:04.059 D PARKDIAG/BTReceiver: ▶ BT CONNECTED device=00:A4:1C:65:2B:3F
08-26 16:10:04.079 D PARKDIAG/BTReceiver:   no vehicle paired with 00:A4:1C:65:2B:3F — ignoring
08-26 16:14:43.837 D PARKDIAG/ExactNet: ⏰ exact heartbeat fired (doze stretch: 5836 ms)
08-26 16:14:43.937 D PARKDIAG/OneFix: fix lat=36.6084751 lon=-6.2781591 speed=1.5229377m/s acc=19.959m age=11s
08-26 16:14:43.990 D PARKDIAG/StepCounter: cumulative steps read → 2700
08-26 16:14:43.998 D PARKDIAG/SafetyNet: [exact-alarm] geof=724147ef: sigues junto al coche (d=18m, radio 103m) → resello la referencia de pasos; la valla se re-registró hace 40min, no toca aún · geof=a786c135: sigues junto al coche (d=12m, radio 85m) → resello la referencia de pasos; la valla se re-registró hace 12min, no toca aún
08-26 16:19:26.597 D PARKDIAG/OneFix: fix lat=36.60824 lon=-6.2772733 speed=1.6100512m/s acc=8.8m age=26s
08-26 16:19:26.658 D PARKDIAG/StepCounter: cumulative steps read → 2712
08-26 16:19:26.671 D PARKDIAG/SafetyNet: [periodic] geof=724147ef: sigues junto al coche (d=90m, radio 103m) → resello la referencia de pasos; la valla se re-registró hace 45min, no toca aún · geof=a786c135: sigues junto al coche (d=78m, radio 85m) → resello la referencia de pasos; la valla se re-registró hace 17min, no toca aún
08-26 16:21:55.647 D PARKDIAG/Service: ▶ onStartCommand action=io.apptolast.paparcar.ACTION_GEOFENCE_EXIT flags=0 startId=3
08-26 16:21:55.678 D PARKDIAG/Service:   ✓ startForeground done (locationPermission=true)
08-26 16:21:55.707 D PARKDIAG/ExitWitness: ⚑ EXIT emitted geof=724147ef loc=36.6085717,-6.2768167 acc=9.2m fixAge=267ms
08-26 16:21:55.761 D PARKDIAG/OneFix: fix lat=36.6085717 lon=-6.2768167 speed=0.0m/s acc=9.2m age=0s
08-26 16:21:55.787 D PARKDIAG/Service:   → GEOFENCE_EXIT — arming Coordinator (geof=724147ef d=120m acc=9m exitLoc=36.6085717,-6.2768167 dep=self_observed) [DET-G-01][DET-G-05]
08-26 16:21:55.808 D PARKDIAG/Service:   ▶ startParkingDetection — launching coordinator (trigger=GEOFENCE_EXIT)
08-26 16:21:55.841 D PARKDIAG/Service:     ▶ detection coroutine entered, invoking coordinator
08-26 16:21:55.848 D PARKDIAG/Coord: ▶ coordinator.invoke() entry (armEvidence=self_observed) — calling reset()
08-26 16:21:55.849 D PARKDIAG/Coord:   → session-start dismiss PARKING_CONFIRMATION (savedConfirmAge=nullms, limit=900000ms)
08-26 16:21:55.868 D PARKDIAG/Coord: ─ loc#1 lat=36.6085717 lon=-6.2768167 speed=0.0m/s acc=9.2m sessionAge=21ms
08-26 16:21:55.870 D PARKDIAG/Coord:   state hasEverMoved=false hasEverReachedDrivingSpeed=false userConfirmed=false vehicleExit=false stoppedSince=1787754115868 stoppedDur=0ms phase=Idle
08-26 16:21:55.872 D PARKDIAG/Coord:   ⏸ skipping: !hasEverReachedDrivingSpeed
08-26 16:21:55.920 D PARKDIAG/OneFix: fix lat=36.6085717 lon=-6.2768167 speed=0.0m/s acc=9.2m age=0s
08-26 16:21:55.929 D PARKDIAG/Depart: attempt=0 geof=724147ef speed=0.0km/h acc=9.2m → Rejected
08-26 16:21:59.357 D PARKDIAG/Coord: ─ loc#2 lat=36.6081969 lon=-6.2767204 speed=0.26213562m/s acc=7.95m sessionAge=3508ms
08-26 16:21:59.362 D PARKDIAG/Coord:   ⚓✗ stop REFUTED by its own track — 42m from the stop origin in 3s while reporting 0.26213562 m/s (envelopes 9.2+7.95m); the car was still moving — not evidence of rest [DET-STOP-MUST-BE-STILL-IN-SPACE-001]
08-26 16:21:59.366 D PARKDIAG/Coord:   state hasEverMoved=false hasEverReachedDrivingSpeed=false userConfirmed=false vehicleExit=false stoppedSince=1787754115868 stoppedDur=3487ms phase=Idle
08-26 16:21:59.371 D PARKDIAG/Coord:   ⏸ skipping: !hasEverReachedDrivingSpeed
08-26 16:22:05.252 D PARKDIAG/Coord: ─ loc#3 lat=36.6081836 lon=-6.2767131 speed=0.002517549m/s acc=6.3m sessionAge=9404ms
08-26 16:22:05.254 D PARKDIAG/Coord:   state hasEverMoved=false hasEverReachedDrivingSpeed=false userConfirmed=false vehicleExit=false stoppedSince=1787754115868 stoppedDur=9383ms phase=Idle
08-26 16:22:05.257 D PARKDIAG/Coord:   ⏸ skipping: !hasEverReachedDrivingSpeed
08-26 16:22:10.264 D PARKDIAG/Coord: ─ loc#4 lat=36.6087343 lon=-6.2781288 speed=0.1297519m/s acc=5.85m sessionAge=14416ms
08-26 16:22:10.269 D PARKDIAG/Coord:   ⚓✗ stop REFUTED by its own track — 139m from the stop origin in 10s while reporting 0.1297519 m/s (envelopes 7.95+5.85m); the car was still moving — not evidence of rest [DET-STOP-MUST-BE-STILL-IN-SPACE-001]
08-26 16:22:10.272 D PARKDIAG/Coord:   state hasEverMoved=false hasEverReachedDrivingSpeed=false userConfirmed=false vehicleExit=false stoppedSince=1787754115868 stoppedDur=14395ms phase=Idle
08-26 16:22:10.277 D PARKDIAG/Coord:   ⏸ skipping: !hasEverReachedDrivingSpeed
08-26 16:22:15.260 D PARKDIAG/Coord: ─ loc#5 lat=36.6086437 lon=-6.2781027 speed=0.5878922m/s acc=4.95m sessionAge=19412ms
08-26 16:22:15.265 D PARKDIAG/Coord:   state hasEverMoved=false hasEverReachedDrivingSpeed=false userConfirmed=false vehicleExit=false stoppedSince=1787754115868 stoppedDur=19391ms phase=Idle
08-26 16:22:15.268 D PARKDIAG/Coord:   ⏸ skipping: !hasEverReachedDrivingSpeed
08-26 16:22:20.259 D PARKDIAG/Coord: ─ loc#6 lat=36.6086406 lon=-6.2781025 speed=0.0035075138m/s acc=4.35m sessionAge=24411ms
08-26 16:22:20.262 D PARKDIAG/Coord:   state hasEverMoved=false hasEverReachedDrivingSpeed=false userConfirmed=false vehicleExit=false stoppedSince=1787754115868 stoppedDur=24390ms phase=Idle
08-26 16:22:20.265 D PARKDIAG/Coord:   ⏸ skipping: !hasEverReachedDrivingSpeed
08-26 16:22:25.265 D PARKDIAG/Coord: ─ loc#7 lat=36.6086064 lon=-6.2781824 speed=0.32883847m/s acc=4.1m sessionAge=29418ms
08-26 16:22:25.269 D PARKDIAG/Coord:   state hasEverMoved=false hasEverReachedDrivingSpeed=false userConfirmed=false vehicleExit=false stoppedSince=1787754115868 stoppedDur=29397ms phase=Idle
08-26 16:22:25.272 D PARKDIAG/Coord:   ⏸ skipping: !hasEverReachedDrivingSpeed
08-26 16:22:29.347 D PARKDIAG/Coord: ─ loc#8 lat=36.6086053 lon=-6.2781877 speed=0.28214508m/s acc=5.52m sessionAge=33500ms
08-26 16:22:29.352 D PARKDIAG/Coord:   state hasEverMoved=false hasEverReachedDrivingSpeed=false userConfirmed=false vehicleExit=false stoppedSince=1787754115868 stoppedDur=33479ms phase=Idle
08-26 16:22:29.355 D PARKDIAG/Coord:   ⏸ skipping: !hasEverReachedDrivingSpeed
08-26 16:22:31.699 D PARKDIAG/Coord: ─ loc#9 lat=36.6085549 lon=-6.2782296 speed=0.03817978m/s acc=6.11m sessionAge=35852ms
08-26 16:22:31.703 D PARKDIAG/Coord:   state hasEverMoved=false hasEverReachedDrivingSpeed=false userConfirmed=false vehicleExit=false stoppedSince=1787754115868 stoppedDur=35831ms phase=Idle
08-26 16:22:31.705 D PARKDIAG/Coord:   ⏸ skipping: !hasEverReachedDrivingSpeed
08-26 16:22:35.279 D PARKDIAG/Coord: ─ loc#10 lat=36.6085501 lon=-6.2782318 speed=0.08259662m/s acc=5.166m sessionAge=39431ms
08-26 16:22:35.285 D PARKDIAG/Coord:   state hasEverMoved=false hasEverReachedDrivingSpeed=false userConfirmed=false vehicleExit=false stoppedSince=1787754115868 stoppedDur=39410ms phase=Idle
08-26 16:22:35.290 D PARKDIAG/Coord:   ⏸ skipping: !hasEverReachedDrivingSpeed
08-26 16:22:39.310 D PARKDIAG/Coord: ─ loc#11 lat=36.608544 lon=-6.2782338 speed=0.06920008m/s acc=3.812m sessionAge=43463ms
08-26 16:22:39.313 D PARKDIAG/Coord:   state hasEverMoved=false hasEverReachedDrivingSpeed=false userConfirmed=false vehicleExit=false stoppedSince=1787754115868 stoppedDur=43442ms phase=Idle
08-26 16:22:39.317 D PARKDIAG/Coord:   ⏸ skipping: !hasEverReachedDrivingSpeed
08-26 16:22:45.269 D PARKDIAG/Coord: ─ loc#12 lat=36.608523 lon=-6.2782421 speed=0.07482077m/s acc=4.094m sessionAge=49422ms
08-26 16:22:45.274 D PARKDIAG/Coord:   state hasEverMoved=false hasEverReachedDrivingSpeed=false userConfirmed=false vehicleExit=false stoppedSince=1787754115868 stoppedDur=49401ms phase=Idle
08-26 16:22:45.280 D PARKDIAG/Coord:   ⏸ skipping: !hasEverReachedDrivingSpeed
08-26 16:22:47.660 D PARKDIAG/Coord: ─ loc#13 lat=36.6085057 lon=-6.2782513 speed=0.020284858m/s acc=4.232m sessionAge=51812ms
08-26 16:22:47.664 D PARKDIAG/Coord:   state hasEverMoved=false hasEverReachedDrivingSpeed=false userConfirmed=false vehicleExit=false stoppedSince=1787754115868 stoppedDur=51791ms phase=Idle
08-26 16:22:47.667 D PARKDIAG/Coord:   ⏸ skipping: !hasEverReachedDrivingSpeed
08-26 16:22:50.233 D PARKDIAG/Coord: ─ loc#14 lat=36.608501 lon=-6.2782484 speed=0.07558508m/s acc=4.273m sessionAge=54385ms
08-26 16:22:50.234 D PARKDIAG/Coord:   state hasEverMoved=false hasEverReachedDrivingSpeed=false userConfirmed=false vehicleExit=false stoppedSince=1787754115868 stoppedDur=54364ms phase=Idle
08-26 16:22:50.235 D PARKDIAG/Coord:   ⏸ skipping: !hasEverReachedDrivingSpeed
08-26 16:22:55.222 D PARKDIAG/Coord: ─ loc#15 lat=36.6084839 lon=-6.2782546 speed=0.018712655m/s acc=4.3m sessionAge=59374ms
08-26 16:22:55.225 D PARKDIAG/Coord:   state hasEverMoved=false hasEverReachedDrivingSpeed=false userConfirmed=false vehicleExit=false stoppedSince=1787754115868 stoppedDur=59353ms phase=Idle
08-26 16:22:55.228 D PARKDIAG/Coord:   ⏸ skipping: !hasEverReachedDrivingSpeed
08-26 16:23:00.223 D PARKDIAG/Coord: ─ loc#16 lat=36.6084744 lon=-6.2782542 speed=0.016664848m/s acc=3.788m sessionAge=64375ms
08-26 16:23:00.225 D PARKDIAG/Coord:   state hasEverMoved=false hasEverReachedDrivingSpeed=false userConfirmed=false vehicleExit=false stoppedSince=1787754115868 stoppedDur=64354ms phase=Idle
08-26 16:23:00.227 D PARKDIAG/Coord:   ⏸ skipping: !hasEverReachedDrivingSpeed
08-26 16:23:04.350 D PARKDIAG/Coord: ─ loc#17 lat=36.6084741 lon=-6.2782554 speed=0.07798065m/s acc=3.383m sessionAge=68502ms
08-26 16:23:04.354 D PARKDIAG/Coord:   state hasEverMoved=false hasEverReachedDrivingSpeed=false userConfirmed=false vehicleExit=false stoppedSince=1787754115868 stoppedDur=68481ms phase=Idle
08-26 16:23:04.356 D PARKDIAG/Coord:   ⏸ skipping: !hasEverReachedDrivingSpeed
08-26 16:23:06.185 D PARKDIAG/Coord: ─ loc#18 lat=36.608469 lon=-6.2782545 speed=0.06339274m/s acc=3.276m sessionAge=70337ms
08-26 16:23:06.186 D PARKDIAG/Coord:   state hasEverMoved=false hasEverReachedDrivingSpeed=false userConfirmed=false vehicleExit=false stoppedSince=1787754115868 stoppedDur=70316ms phase=Idle
08-26 16:23:06.188 D PARKDIAG/Coord:   ⏸ skipping: !hasEverReachedDrivingSpeed
08-26 16:23:10.269 D PARKDIAG/Coord: ─ loc#19 lat=36.6084704 lon=-6.2782546 speed=0.035702247m/s acc=3.353m sessionAge=74421ms
08-26 16:23:10.272 D PARKDIAG/Coord:   state hasEverMoved=false hasEverReachedDrivingSpeed=false userConfirmed=false vehicleExit=false stoppedSince=1787754115868 stoppedDur=74400ms phase=Idle
08-26 16:23:10.276 D PARKDIAG/Coord:   ⏸ skipping: !hasEverReachedDrivingSpeed
08-26 16:23:12.076 D PARKDIAG/Coord: ─ loc#20 lat=36.6084661 lon=-6.27826 speed=0.086286895m/s acc=3.781m sessionAge=76229ms
08-26 16:23:12.077 D PARKDIAG/Coord:   state hasEverMoved=false hasEverReachedDrivingSpeed=false userConfirmed=false vehicleExit=false stoppedSince=1787754115868 stoppedDur=76208ms phase=Idle
08-26 16:23:12.078 D PARKDIAG/Coord:   ⏸ skipping: !hasEverReachedDrivingSpeed
08-26 16:23:15.232 D PARKDIAG/Coord: ─ loc#21 lat=36.6084636 lon=-6.2782514 speed=0.07906496m/s acc=4.032m sessionAge=79384ms
08-26 16:23:15.235 D PARKDIAG/Coord:   state hasEverMoved=false hasEverReachedDrivingSpeed=false userConfirmed=false vehicleExit=false stoppedSince=1787754115868 stoppedDur=79363ms phase=Idle
08-26 16:23:15.238 D PARKDIAG/Coord:   ⏸ skipping: !hasEverReachedDrivingSpeed
08-26 16:23:20.224 D PARKDIAG/Coord: ─ loc#22 lat=36.608457 lon=-6.2782056 speed=0.05606843m/s acc=3.728m sessionAge=84376ms
08-26 16:23:20.229 D PARKDIAG/Coord:   state hasEverMoved=false hasEverReachedDrivingSpeed=false userConfirmed=false vehicleExit=false stoppedSince=1787754115868 stoppedDur=84355ms phase=Idle
08-26 16:23:20.233 D PARKDIAG/Coord:   ⏸ skipping: !hasEverReachedDrivingSpeed
08-26 16:23:25.286 D PARKDIAG/Coord: ─ loc#23 lat=36.6084559 lon=-6.278201 speed=0.10593397m/s acc=3.291m sessionAge=89438ms
08-26 16:23:25.291 D PARKDIAG/Coord:   state hasEverMoved=false hasEverReachedDrivingSpeed=false userConfirmed=false vehicleExit=false stoppedSince=1787754115868 stoppedDur=89417ms phase=Idle
08-26 16:23:25.295 D PARKDIAG/Coord:   ⏸ skipping: !hasEverReachedDrivingSpeed
08-26 16:23:29.505 D PARKDIAG/Coord: ─ loc#24 lat=36.6084545 lon=-6.2781839 speed=0.11021367m/s acc=3.613m sessionAge=93658ms
08-26 16:23:29.510 D PARKDIAG/Coord:   state hasEverMoved=false hasEverReachedDrivingSpeed=false userConfirmed=false vehicleExit=false stoppedSince=1787754115868 stoppedDur=93637ms phase=Idle
08-26 16:23:29.514 D PARKDIAG/Coord:   ⏸ skipping: !hasEverReachedDrivingSpeed
08-26 16:23:34.363 D PARKDIAG/Coord: ─ loc#25 lat=36.6084528 lon=-6.2781679 speed=0.03484053m/s acc=3.426m sessionAge=98515ms
08-26 16:23:34.367 D PARKDIAG/Coord:   state hasEverMoved=false hasEverReachedDrivingSpeed=false userConfirmed=false vehicleExit=false stoppedSince=1787754115868 stoppedDur=98494ms phase=Idle
08-26 16:23:34.371 D PARKDIAG/Coord:   ⏸ skipping: !hasEverReachedDrivingSpeed
08-26 16:23:37.926 D PARKDIAG/Coord: ─ loc#26 lat=36.6084523 lon=-6.2781636 speed=0.038414136m/s acc=3.223m sessionAge=102078ms
08-26 16:23:37.929 D PARKDIAG/Coord:   state hasEverMoved=false hasEverReachedDrivingSpeed=false userConfirmed=false vehicleExit=false stoppedSince=1787754115868 stoppedDur=102057ms phase=Idle
08-26 16:23:37.931 D PARKDIAG/Coord:   ⏸ skipping: !hasEverReachedDrivingSpeed
08-26 16:23:40.255 D PARKDIAG/Coord: ─ loc#27 lat=36.6084511 lon=-6.2781588 speed=0.042672776m/s acc=3.104m sessionAge=104407ms
08-26 16:23:40.258 D PARKDIAG/Coord:   state hasEverMoved=false hasEverReachedDrivingSpeed=false userConfirmed=false vehicleExit=false stoppedSince=1787754115868 stoppedDur=104386ms phase=Idle
08-26 16:23:40.260 D PARKDIAG/Coord:   ⏸ skipping: !hasEverReachedDrivingSpeed
08-26 16:23:45.220 D PARKDIAG/Coord: ─ loc#28 lat=36.6084495 lon=-6.2781531 speed=0.060325097m/s acc=3.072m sessionAge=109373ms
08-26 16:23:45.223 D PARKDIAG/Coord:   state hasEverMoved=false hasEverReachedDrivingSpeed=false userConfirmed=false vehicleExit=false stoppedSince=1787754115868 stoppedDur=109352ms phase=Idle
08-26 16:23:45.225 D PARKDIAG/Coord:   ⏸ skipping: !hasEverReachedDrivingSpeed
08-26 16:23:50.236 D PARKDIAG/Coord: ─ loc#29 lat=36.6084469 lon=-6.2781473 speed=0.03401253m/s acc=3.089m sessionAge=114389ms
08-26 16:23:50.239 D PARKDIAG/Coord:   state hasEverMoved=false hasEverReachedDrivingSpeed=false userConfirmed=false vehicleExit=false stoppedSince=1787754115868 stoppedDur=114368ms phase=Idle
08-26 16:23:50.243 D PARKDIAG/Coord:   ⏸ skipping: !hasEverReachedDrivingSpeed
08-26 16:23:54.708 D PARKDIAG/Coord: ─ loc#30 lat=36.6084455 lon=-6.2781445 speed=0.05483202m/s acc=3.098m sessionAge=118860ms
08-26 16:23:54.712 D PARKDIAG/Coord:   state hasEverMoved=false hasEverReachedDrivingSpeed=false userConfirmed=false vehicleExit=false stoppedSince=1787754115868 stoppedDur=118839ms phase=Idle
08-26 16:23:54.721 D PARKDIAG/Coord:   ⏸ skipping: !hasEverReachedDrivingSpeed
08-26 16:24:00.229 D PARKDIAG/Coord: ─ loc#31 lat=36.6084435 lon=-6.2781389 speed=0.04342963m/s acc=3.159m sessionAge=124382ms
08-26 16:24:00.232 D PARKDIAG/Coord:   state hasEverMoved=false hasEverReachedDrivingSpeed=false userConfirmed=false vehicleExit=false stoppedSince=1787754115868 stoppedDur=124361ms phase=Idle
08-26 16:24:00.234 D PARKDIAG/Coord:   ⏸ skipping: !hasEverReachedDrivingSpeed
08-26 16:24:02.070 D PARKDIAG/Coord: ─ loc#32 lat=36.6084425 lon=-6.278136 speed=0.06500429m/s acc=3.063m sessionAge=126222ms
08-26 16:24:02.074 D PARKDIAG/Coord:   state hasEverMoved=false hasEverReachedDrivingSpeed=false userConfirmed=false vehicleExit=false stoppedSince=1787754115868 stoppedDur=126201ms phase=Idle
08-26 16:24:02.079 D PARKDIAG/Coord:   ⏸ skipping: !hasEverReachedDrivingSpeed
08-26 16:24:05.280 D PARKDIAG/Coord: ─ loc#33 lat=36.608441 lon=-6.2781318 speed=0.069171116m/s acc=3.116m sessionAge=129432ms
08-26 16:24:05.285 D PARKDIAG/Coord:   state hasEverMoved=false hasEverReachedDrivingSpeed=false userConfirmed=false vehicleExit=false stoppedSince=1787754115868 stoppedDur=129411ms phase=Idle
08-26 16:24:05.288 D PARKDIAG/Coord:   ⏸ skipping: !hasEverReachedDrivingSpeed
08-26 16:24:10.258 D PARKDIAG/Coord: ─ loc#34 lat=36.6084402 lon=-6.2781282 speed=0.040339317m/s acc=3.313m sessionAge=134410ms
08-26 16:24:10.262 D PARKDIAG/Coord:   state hasEverMoved=false hasEverReachedDrivingSpeed=false userConfirmed=false vehicleExit=false stoppedSince=1787754115868 stoppedDur=134389ms phase=Idle
08-26 16:24:10.265 D PARKDIAG/Coord:   ⏸ skipping: !hasEverReachedDrivingSpeed
08-26 16:24:15.278 D PARKDIAG/Coord: ─ loc#35 lat=36.608438 lon=-6.2781227 speed=0.05914657m/s acc=3.373m sessionAge=139430ms
08-26 16:24:15.284 D PARKDIAG/Coord:   state hasEverMoved=false hasEverReachedDrivingSpeed=false userConfirmed=false vehicleExit=false stoppedSince=1787754115868 stoppedDur=139409ms phase=Idle
08-26 16:24:15.289 D PARKDIAG/Coord:   ⏸ skipping: !hasEverReachedDrivingSpeed
08-26 16:24:19.913 D PARKDIAG/Coord: ─ loc#36 lat=36.6084369 lon=-6.2781205 speed=0.0548464m/s acc=3.528m sessionAge=144065ms
08-26 16:24:19.917 D PARKDIAG/Coord:   state hasEverMoved=false hasEverReachedDrivingSpeed=false userConfirmed=false vehicleExit=false stoppedSince=1787754115868 stoppedDur=144044ms phase=Idle
08-26 16:24:19.921 D PARKDIAG/Coord:   ⏸ skipping: !hasEverReachedDrivingSpeed
08-26 16:24:25.242 D PARKDIAG/Coord: ─ loc#37 lat=36.6084354 lon=-6.2781169 speed=0.053138614m/s acc=3.675m sessionAge=149395ms
08-26 16:24:25.245 D PARKDIAG/Coord:   state hasEverMoved=false hasEverReachedDrivingSpeed=false userConfirmed=false vehicleExit=false stoppedSince=1787754115868 stoppedDur=149374ms phase=Idle
08-26 16:24:25.251 D PARKDIAG/Coord:   ⏸ skipping: !hasEverReachedDrivingSpeed
08-26 16:24:28.159 D PARKDIAG/Coord: ─ loc#38 lat=36.6084348 lon=-6.2781159 speed=0.065313734m/s acc=3.553m sessionAge=152312ms
08-26 16:24:28.167 D PARKDIAG/Coord:   state hasEverMoved=false hasEverReachedDrivingSpeed=false userConfirmed=false vehicleExit=false stoppedSince=1787754115868 stoppedDur=152291ms phase=Idle
08-26 16:24:28.169 D PARKDIAG/Coord:   ⏸ skipping: !hasEverReachedDrivingSpeed
08-26 16:24:30.234 D PARKDIAG/Coord: ─ loc#39 lat=36.6084334 lon=-6.2781124 speed=0.04785355m/s acc=3.489m sessionAge=154386ms
08-26 16:24:30.237 D PARKDIAG/Coord:   state hasEverMoved=false hasEverReachedDrivingSpeed=false userConfirmed=false vehicleExit=false stoppedSince=1787754115868 stoppedDur=154365ms phase=Idle
08-26 16:24:30.240 D PARKDIAG/Coord:   ⏸ skipping: !hasEverReachedDrivingSpeed
08-26 16:24:33.166 D PARKDIAG/ExactNet: ⏰ exact heartbeat fired (doze stretch: 6611 ms)
08-26 16:24:33.297 D PARKDIAG/SigMotion: sync → disarmed
08-26 16:24:33.313 D PARKDIAG/ExactNet: ⏰ exact net DISARMED — no parked session to watch
08-26 16:24:33.314 D PARKDIAG/SafetyNet: ■ detection running — skipping check
08-26 16:24:35.257 D PARKDIAG/Coord: ─ loc#40 lat=36.608433 lon=-6.2781127 speed=0.057275448m/s acc=3.367m sessionAge=159410ms
08-26 16:24:35.261 D PARKDIAG/Coord:   state hasEverMoved=false hasEverReachedDrivingSpeed=false userConfirmed=false vehicleExit=false stoppedSince=1787754115868 stoppedDur=159389ms phase=Idle
08-26 16:24:35.264 D PARKDIAG/Coord:   ⏸ skipping: !hasEverReachedDrivingSpeed
08-26 16:24:40.261 D PARKDIAG/Coord: ─ loc#41 lat=36.6084322 lon=-6.2781101 speed=0.062282246m/s acc=3.591m sessionAge=164413ms
08-26 16:24:40.263 D PARKDIAG/Coord:   state hasEverMoved=false hasEverReachedDrivingSpeed=false userConfirmed=false vehicleExit=false stoppedSince=1787754115868 stoppedDur=164392ms phase=Idle
08-26 16:24:40.274 D PARKDIAG/Coord:   ⏸ skipping: !hasEverReachedDrivingSpeed
08-26 16:24:44.863 D PARKDIAG/Coord: ─ loc#42 lat=36.6084319 lon=-6.2781091 speed=0.059657976m/s acc=3.79m sessionAge=169016ms
08-26 16:24:44.866 D PARKDIAG/Coord:   state hasEverMoved=false hasEverReachedDrivingSpeed=false userConfirmed=false vehicleExit=false stoppedSince=1787754115868 stoppedDur=168995ms phase=Idle
08-26 16:24:44.868 D PARKDIAG/Coord:   ⏸ skipping: !hasEverReachedDrivingSpeed
08-26 16:24:50.314 D PARKDIAG/Coord: ─ loc#43 lat=36.6084306 lon=-6.2781056 speed=0.07037599m/s acc=3.919m sessionAge=174467ms
08-26 16:24:50.317 D PARKDIAG/Coord:   state hasEverMoved=false hasEverReachedDrivingSpeed=false userConfirmed=false vehicleExit=false stoppedSince=1787754115868 stoppedDur=174446ms phase=Idle
08-26 16:24:50.320 D PARKDIAG/Coord:   ⏸ skipping: !hasEverReachedDrivingSpeed
08-26 16:24:53.303 D PARKDIAG/Coord: ─ loc#44 lat=36.6084312 lon=-6.2781045 speed=0.06682213m/s acc=3.836m sessionAge=177455ms
08-26 16:24:53.306 D PARKDIAG/Coord:   state hasEverMoved=false hasEverReachedDrivingSpeed=false userConfirmed=false vehicleExit=false stoppedSince=1787754115868 stoppedDur=177434ms phase=Idle
08-26 16:24:53.313 D PARKDIAG/Coord:   ⏸ skipping: !hasEverReachedDrivingSpeed
08-26 16:24:55.228 D PARKDIAG/Coord: ─ loc#45 lat=36.6084295 lon=-6.2781025 speed=0.06967329m/s acc=3.875m sessionAge=179381ms
08-26 16:24:55.229 D PARKDIAG/Coord:   state hasEverMoved=false hasEverReachedDrivingSpeed=false userConfirmed=false vehicleExit=false stoppedSince=1787754115868 stoppedDur=179360ms phase=Idle
08-26 16:24:55.230 D PARKDIAG/Coord:   ⏸ skipping: !hasEverReachedDrivingSpeed
08-26 16:25:00.260 D PARKDIAG/Coord: ─ loc#46 lat=36.6084243 lon=-6.2780958 speed=0.2837462m/s acc=5.145m sessionAge=184412ms
08-26 16:25:00.265 D PARKDIAG/Coord:   state hasEverMoved=false hasEverReachedDrivingSpeed=false userConfirmed=false vehicleExit=false stoppedSince=1787754115868 stoppedDur=184391ms phase=Idle
08-26 16:25:00.269 D PARKDIAG/Coord:   ⏸ skipping: !hasEverReachedDrivingSpeed
08-26 16:25:05.223 D PARKDIAG/Coord: ─ loc#47 lat=36.6084212 lon=-6.2780924 speed=0.04227069m/s acc=6.61m sessionAge=189375ms
08-26 16:25:05.232 D PARKDIAG/Coord:   state hasEverMoved=false hasEverReachedDrivingSpeed=false userConfirmed=false vehicleExit=false stoppedSince=1787754115868 stoppedDur=189354ms phase=Idle
08-26 16:25:05.235 D PARKDIAG/Coord:   ⏸ skipping: !hasEverReachedDrivingSpeed
08-26 16:25:10.119 D PARKDIAG/Coord: ─ loc#48 lat=36.6083976 lon=-6.278052 speed=0.03073956m/s acc=8.289m sessionAge=194272ms
08-26 16:25:10.123 D PARKDIAG/Coord:   state hasEverMoved=false hasEverReachedDrivingSpeed=false userConfirmed=false vehicleExit=false stoppedSince=1787754115868 stoppedDur=194251ms phase=Idle
08-26 16:25:10.125 D PARKDIAG/Coord:   ⏸ skipping: !hasEverReachedDrivingSpeed
08-26 16:25:15.258 D PARKDIAG/Coord: ─ loc#49 lat=36.6083768 lon=-6.2780155 speed=0.052925736m/s acc=8.192m sessionAge=199410ms
08-26 16:25:15.262 D PARKDIAG/Coord:   state hasEverMoved=false hasEverReachedDrivingSpeed=false userConfirmed=false vehicleExit=false stoppedSince=1787754115868 stoppedDur=199389ms phase=Idle
08-26 16:25:15.267 D PARKDIAG/Coord:   ⏸ skipping: !hasEverReachedDrivingSpeed
08-26 16:25:18.461 D PARKDIAG/Coord: ─ loc#50 lat=36.6083647 lon=-6.2779918 speed=0.05081192m/s acc=5.773m sessionAge=202613ms
08-26 16:25:18.463 D PARKDIAG/Coord:   state hasEverMoved=false hasEverReachedDrivingSpeed=false userConfirmed=false vehicleExit=false stoppedSince=1787754115868 stoppedDur=202592ms phase=Idle
08-26 16:25:18.466 D PARKDIAG/Coord:   ⏸ skipping: !hasEverReachedDrivingSpeed
08-26 16:25:25.258 D PARKDIAG/Coord: ─ loc#51 lat=36.6083593 lon=-6.2779804 speed=0.057648383m/s acc=3.573m sessionAge=209410ms
08-26 16:25:25.262 D PARKDIAG/Coord:   state hasEverMoved=false hasEverReachedDrivingSpeed=false userConfirmed=false vehicleExit=false stoppedSince=1787754115868 stoppedDur=209389ms phase=Idle
08-26 16:25:25.265 D PARKDIAG/Coord:   ⏸ skipping: !hasEverReachedDrivingSpeed
08-26 16:25:30.293 D PARKDIAG/Coord: ─ loc#52 lat=36.608358 lon=-6.2779808 speed=0.0641102m/s acc=3.44m sessionAge=214445ms
08-26 16:25:30.298 D PARKDIAG/Coord:   state hasEverMoved=false hasEverReachedDrivingSpeed=false userConfirmed=false vehicleExit=false stoppedSince=1787754115868 stoppedDur=214424ms phase=Idle
08-26 16:25:30.303 D PARKDIAG/Coord:   ⏸ skipping: !hasEverReachedDrivingSpeed
08-26 16:25:35.229 D PARKDIAG/Coord: ─ loc#53 lat=36.6083536 lon=-6.2779812 speed=0.051732846m/s acc=3.377m sessionAge=219381ms
08-26 16:25:35.232 D PARKDIAG/Coord:   state hasEverMoved=false hasEverReachedDrivingSpeed=false userConfirmed=false vehicleExit=false stoppedSince=1787754115868 stoppedDur=219360ms phase=Idle
08-26 16:25:35.235 D PARKDIAG/Coord:   ⏸ skipping: !hasEverReachedDrivingSpeed
08-26 16:25:40.263 D PARKDIAG/Coord: ─ loc#54 lat=36.6083535 lon=-6.2779806 speed=0.0557574m/s acc=3.393m sessionAge=224414ms
08-26 16:25:40.266 D PARKDIAG/Coord:   state hasEverMoved=false hasEverReachedDrivingSpeed=false userConfirmed=false vehicleExit=false stoppedSince=1787754115868 stoppedDur=224393ms phase=Idle
08-26 16:25:40.269 D PARKDIAG/Coord:   ⏸ skipping: !hasEverReachedDrivingSpeed
08-26 16:25:43.671 D PARKDIAG/Coord: ─ loc#55 lat=36.6083514 lon=-6.2779799 speed=0.07591212m/s acc=3.503m sessionAge=227824ms
08-26 16:25:43.675 D PARKDIAG/Coord:   state hasEverMoved=false hasEverReachedDrivingSpeed=false userConfirmed=false vehicleExit=false stoppedSince=1787754115868 stoppedDur=227803ms phase=Idle
08-26 16:25:43.678 D PARKDIAG/Coord:   ⏸ skipping: !hasEverReachedDrivingSpeed
08-26 16:25:50.265 D PARKDIAG/Coord: ─ loc#56 lat=36.6083515 lon=-6.27798 speed=0.07037253m/s acc=3.611m sessionAge=234418ms
08-26 16:25:50.270 D PARKDIAG/Coord:   state hasEverMoved=false hasEverReachedDrivingSpeed=false userConfirmed=false vehicleExit=false stoppedSince=1787754115868 stoppedDur=234397ms phase=Idle
08-26 16:25:50.274 D PARKDIAG/Coord:   ⏸ skipping: !hasEverReachedDrivingSpeed
08-26 16:25:52.097 D PARKDIAG/Coord: ─ loc#57 lat=36.6083513 lon=-6.2779803 speed=0.06755702m/s acc=3.538m sessionAge=236250ms
08-26 16:25:52.103 D PARKDIAG/Coord:   state hasEverMoved=false hasEverReachedDrivingSpeed=false userConfirmed=false vehicleExit=false stoppedSince=1787754115868 stoppedDur=236229ms phase=Idle
08-26 16:25:52.105 D PARKDIAG/Coord:   ⏸ skipping: !hasEverReachedDrivingSpeed
08-26 16:25:55.236 D PARKDIAG/Coord: ─ loc#58 lat=36.6083522 lon=-6.2779809 speed=0.06546811m/s acc=3.692m sessionAge=239387ms
08-26 16:25:55.243 D PARKDIAG/Coord:   state hasEverMoved=false hasEverReachedDrivingSpeed=false userConfirmed=false vehicleExit=false stoppedSince=1787754115868 stoppedDur=239366ms phase=Idle
08-26 16:25:55.249 D PARKDIAG/Coord:   ⏸ skipping: !hasEverReachedDrivingSpeed
08-26 16:26:00.257 D PARKDIAG/Coord: ─ loc#59 lat=36.6083505 lon=-6.2779799 speed=0.06503215m/s acc=3.629m sessionAge=244410ms
08-26 16:26:00.259 D PARKDIAG/Coord:   state hasEverMoved=false hasEverReachedDrivingSpeed=false userConfirmed=false vehicleExit=false stoppedSince=1787754115868 stoppedDur=244389ms phase=Idle
08-26 16:26:00.273 D PARKDIAG/Coord:   ⚑ no-movement guard hit after 244410ms (budget=240000ms staleExitDelivery=false recentCreep=17m jamExtended=false) → completed=true
08-26 16:26:05.245 D PARKDIAG/Coord:   takeWhile=false — flow will end
08-26 16:26:05.412 W PARKDIAG/RetractDeducedDeparture: retract failed for spot=a786c135 — the short TTL still bounds it
  com.google.firebase.firestore.FirebaseFirestoreException: PERMISSION_DENIED: Missing or insufficient permissions.
	at com.google.firebase.firestore.util.Util.exceptionFromStatus(Util.java:152)
	at com.google.firebase.firestore.core.SyncEngine.notifyUser(SyncEngine.java:629)
	at com.google.firebase.firestore.core.SyncEngine.handleRejectedWrite(SyncEngine.java:511)
	at com.google.firebase.firestore.core.MemoryComponentProvider$RemoteStoreCallback.handleRejectedWrite(MemoryComponentProvider.java:135)
	at com.google.firebase.firestore.remote.RemoteStore.handleWriteError(RemoteStore.java:750)
	at com.google.firebase.firestore.remote.RemoteStore.handleWriteStreamClose(RemoteStore.java:706)
	at com.google.firebase.firestore.remote.RemoteStore.access$600(RemoteStore.java:62)
	at com.google.firebase.firestore.remote.RemoteStore$2.onClose(RemoteStore.java:220)
	at com.google.firebase.firestore.remote.AbstractStream.close(AbstractStream.java:379)
	at com.google.firebase.firestore.remote.AbstractStream.handleServerClose(AbstractStream.java:433)
	at com.google.firebase.firestore.remote.AbstractStream$StreamObserver.lambda$onClose$3$com-google-firebase-firestore-remote-AbstractStream$StreamObserver(AbstractStream.java:160)
	at com.google.firebase.firestore.remote.AbstractStream$StreamObserver$$ExternalSyntheticLambda3.run(D8$$SyntheticClass:0)
	at com.google.firebase.firestore.remote.AbstractStream$CloseGuardedRunner.run(AbstractStream.java:67)
	at com.google.firebase.firestore.remote.AbstractStream$StreamObserver.onClose(AbstractStream.java:146)
	at com.google.firebase.firestore.remote.FirestoreChannel$1.onClose(FirestoreChannel.java:173)
	at io.grpc.internal.ClientCallImpl.closeObserver(ClientCallImpl.java:574)
	at io.grpc.internal.ClientCallImpl.access$300(ClientCallImpl.java:72)
	at io.grpc.internal.ClientCallImpl$ClientStreamListenerImpl$1StreamClosed.runInternal(ClientCallImpl.java:742)
	at io.grpc.internal.ClientCallImpl$ClientStreamListenerImpl$1StreamClosed.runInContext(ClientCallImpl.java:723)
	at io.grpc.internal.ContextRunnable.run(ContextRunnable.java:37)
	at io.grpc.internal.SerializingExecutor.run(SerializingExecutor.java:133)
	at java.util.concurrent.Executors$RunnableAdapter.call(Executors.java:520)
	at java.util.concurrent.FutureTask.run(FutureTask.java:328)
	at java.util.concurrent.ScheduledThreadPoolExecutor$ScheduledFutureTask.run(ScheduledThreadPoolExecutor.java:323)
	at java.util.concurrent.ThreadPoolExecutor.runWorker(ThreadPoolExecutor.java:1100)
	at java.util.concurrent.ThreadPoolExecutor$Worker.run(ThreadPoolExecutor.java:624)
	at com.google.firebase.firestore.util.AsyncQueue$SynchronizedShutdownAwareExecutor$DelayedStartFactory.run(AsyncQueue.java:235)
	at java.lang.Thread.run(Thread.java:1572)
Caused by: io.grpc.StatusException: PERMISSION_DENIED: Missing or insufficient permissions.
	at io.grpc.Status.asException(Status.java:541)
	at com.google.firebase.firestore.util.Util.exceptionFromStatus(Util.java:150)
	... 27 more

08-26 16:26:05.417 D PARKDIAG/Coord: ■ coordinator.invoke() EXITED — locationCount=0 completed=true
08-26 16:26:05.419 D PARKDIAG/Service:     ✓ coordinator returned NORMALLY
08-26 16:26:05.435 D PARKDIAG/StepCounter: cumulative steps read → 2712
08-26 16:26:05.440 D PARKDIAG/Service:   ⑊ honest close: aborted_no_movement stayed silent (too_close; pinDist=36m steps=null/null sessionSteps=0)
08-26 16:26:05.449 D PARKDIAG/StepCounter: cumulative steps read → 2712
08-26 16:26:05.455 D PARKDIAG/Service:     ■ job complete → DetectionEnded(startId=3) → intake
08-26 16:26:05.478 D PARKDIAG/Service:   ⏾ enterSentry(detection-ended) — resident, GPS off, re-arming departure wake [DET-RESIDENT-FGS-001]
08-26 16:26:05.488 D PARKDIAG/SigMotion: sync → armed=true
08-26 16:26:05.618 D PARKDIAG/ExactNet: ⏰ exact net ARMED (exact=true, every 5 min)
08-26 16:26:05.637 D PARKDIAG/OneFix: fix lat=36.6083512 lon=-6.2779812 speed=0.0514591m/s acc=3.5m age=0s
08-26 16:26:05.698 D PARKDIAG/StepCounter: cumulative steps read → 2712
08-26 16:26:05.719 D PARKDIAG/SafetyNet: ▶ inside fence — re-registering geofence=724147ef-1219-437a-94aa-7fed45caccfb (poisoned 249s ago, steps@anchor=2712)
08-26 16:26:05.785 D PARKDIAG/SafetyNet: [detection-end] geof=724147ef: sigues junto al coche (d=36m, radio 103m) → re-registro la valla por si el sistema la borró · geof=a786c135: sigues junto al coche (d=13m, radio 85m) → resello la referencia de pasos; la valla se re-registró hace 24min, no toca aún
08-26 16:31:05.668 D PARKDIAG/ExactNet: ⏰ exact heartbeat fired (doze stretch: 58 ms)
08-26 16:31:05.939 D PARKDIAG/OneFix: fix lat=36.6083383 lon=-6.2779783 speed=11.361464m/s acc=3.3m age=25s
08-26 16:31:06.010 D PARKDIAG/StepCounter: cumulative steps read → 2712
08-26 16:31:06.028 D PARKDIAG/SafetyNet: [exact-alarm] geof=724147ef: sigues junto al coche (d=37m, radio 103m) → resello la referencia de pasos; la valla se re-registró hace 5min, no toca aún · geof=a786c135: sigues junto al coche (d=14m, radio 85m) → resello la referencia de pasos; la valla se re-registró hace 29min, no toca aún
08-26 16:34:26.803 D PARKDIAG/OneFix: fix lat=36.6083633 lon=-6.278065 speed=0.0m/s acc=14.1m age=16s
08-26 16:34:26.889 D PARKDIAG/StepCounter: cumulative steps read → 2712
08-26 16:34:26.907 D PARKDIAG/SafetyNet: [periodic] geof=724147ef: sigues junto al coche (d=32m, radio 103m) → resello la referencia de pasos; la valla se re-registró hace 8min, no toca aún · geof=a786c135: sigues junto al coche (d=6m, radio 85m) → resello la referencia de pasos; la valla se re-registró hace 32min, no toca aún
08-26 16:39:50.293 D PARKDIAG/ExactNet: ⏰ exact heartbeat fired (doze stretch: 23536 ms)
08-26 16:39:50.468 D PARKDIAG/OneFix: fix lat=36.6084283 lon=-6.27827 speed=9.398828m/s acc=11.2m age=23s
08-26 16:39:50.515 D PARKDIAG/StepCounter: cumulative steps read → 2712
08-26 16:39:50.528 D PARKDIAG/SafetyNet: [exact-alarm] geof=724147ef: sigues junto al coche (d=25m, radio 103m) → resello la referencia de pasos; la valla se re-registró hace 13min, no toca aún · geof=a786c135: sigues junto al coche (d=13m, radio 85m) → resello la referencia de pasos; la valla se re-registró hace 37min, no toca aún
08-26 16:43:00.979 D PARKDIAG/SigMotion: ▶ significant motion — SENTRY resident, direct wake [DET-RESIDENT-FGS-001]
08-26 16:43:00.997 D PARKDIAG/Service: ▶ onStartCommand action=io.apptolast.paparcar.ACTION_SENTRY_WAKE flags=0 startId=4
08-26 16:43:01.005 D PARKDIAG/Service:   ✓ startForeground done (locationPermission=true)
08-26 16:43:01.033 D PARKDIAG/Service:   → SENTRY_WAKE — significant motion on live process, arming Coordinator (Unverified) [DET-RESIDENT-FGS-001]
08-26 16:43:01.072 D PARKDIAG/Service:   ▶ startParkingDetection — launching coordinator (trigger=SIGNIFICANT_MOTION)
08-26 16:43:01.141 D PARKDIAG/Service:     ▶ detection coroutine entered, invoking coordinator
08-26 16:43:01.175 D PARKDIAG/Coord: ▶ coordinator.invoke() entry (armEvidence=self_observed) — calling reset()
08-26 16:43:01.177 D PARKDIAG/Coord:   → session-start dismiss PARKING_CONFIRMATION (savedConfirmAge=nullms, limit=900000ms)
08-26 16:43:01.330 D PARKDIAG/Coord: ─ loc#1 lat=36.6084067 lon=-6.278225 speed=4.876993m/s acc=7.3m sessionAge=155ms
08-26 16:43:01.331 D PARKDIAG/Coord:   state hasEverMoved=false hasEverReachedDrivingSpeed=false userConfirmed=false vehicleExit=false stoppedSince=null stoppedDur=0ms phase=Idle
08-26 16:43:01.332 D PARKDIAG/Coord:   ⏸ skipping: !hasEverReachedDrivingSpeed
08-26 16:43:04.722 D PARKDIAG/Coord: ─ loc#2 lat=36.6083432 lon=-6.2781357 speed=0.38729385m/s acc=5.7m sessionAge=3548ms
08-26 16:43:04.724 D PARKDIAG/Coord:   state hasEverMoved=false hasEverReachedDrivingSpeed=false userConfirmed=false vehicleExit=false stoppedSince=1787755384722 stoppedDur=0ms phase=Idle
08-26 16:43:04.726 D PARKDIAG/Coord:   ⏸ skipping: !hasEverReachedDrivingSpeed
08-26 16:43:09.345 D PARKDIAG/Coord: ─ loc#3 lat=36.6084123 lon=-6.278019 speed=0.21127522m/s acc=4.2m sessionAge=8170ms
08-26 16:43:09.347 D PARKDIAG/Coord:   state hasEverMoved=false hasEverReachedDrivingSpeed=false userConfirmed=false vehicleExit=false stoppedSince=1787755384722 stoppedDur=4622ms phase=Idle
08-26 16:43:09.350 D PARKDIAG/Coord:   ⏸ skipping: !hasEverReachedDrivingSpeed
08-26 16:43:13.100 D PARKDIAG/Coord: ─ loc#4 lat=36.6084187 lon=-6.2780285 speed=0.18578674m/s acc=10.474m sessionAge=11926ms
08-26 16:43:13.103 D PARKDIAG/Coord:   state hasEverMoved=false hasEverReachedDrivingSpeed=false userConfirmed=false vehicleExit=false stoppedSince=1787755384722 stoppedDur=8378ms phase=Idle
08-26 16:43:13.106 D PARKDIAG/Coord:   ⏸ skipping: !hasEverReachedDrivingSpeed
08-26 16:43:14.206 D PARKDIAG/Coord: ─ loc#5 lat=36.6084261 lon=-6.2780425 speed=0.13000199m/s acc=13.066m sessionAge=13032ms
08-26 16:43:14.207 D PARKDIAG/Coord:   state hasEverMoved=false hasEverReachedDrivingSpeed=false userConfirmed=false vehicleExit=false stoppedSince=1787755384722 stoppedDur=9484ms phase=Idle
08-26 16:43:14.209 D PARKDIAG/Coord:   ⏸ skipping: !hasEverReachedDrivingSpeed
08-26 16:43:16.245 D PARKDIAG/Coord: ─ loc#6 lat=36.6084223 lon=-6.2780155 speed=0.35824877m/s acc=12.393m sessionAge=15071ms
08-26 16:43:16.249 D PARKDIAG/Coord:   state hasEverMoved=false hasEverReachedDrivingSpeed=false userConfirmed=false vehicleExit=false stoppedSince=1787755384722 stoppedDur=11523ms phase=Idle
08-26 16:43:16.254 D PARKDIAG/Coord:   ⏸ skipping: !hasEverReachedDrivingSpeed
08-26 16:43:19.217 D PARKDIAG/Coord: ─ loc#7 lat=36.608421 lon=-6.2780106 speed=0.09843246m/s acc=9.246m sessionAge=18042ms
08-26 16:43:19.219 D PARKDIAG/Coord:   state hasEverMoved=false hasEverReachedDrivingSpeed=false userConfirmed=false vehicleExit=false stoppedSince=1787755384722 stoppedDur=14494ms phase=Idle
08-26 16:43:19.221 D PARKDIAG/Coord:   ⏸ skipping: !hasEverReachedDrivingSpeed
08-26 16:43:21.709 D PARKDIAG/Coord: ─ loc#8 lat=36.6084194 lon=-6.2779989 speed=0.07290644m/s acc=5.196m sessionAge=20535ms
08-26 16:43:21.710 D PARKDIAG/Coord:   state hasEverMoved=false hasEverReachedDrivingSpeed=false userConfirmed=false vehicleExit=false stoppedSince=1787755384722 stoppedDur=16987ms phase=Idle
08-26 16:43:21.710 D PARKDIAG/Coord:   ⏸ skipping: !hasEverReachedDrivingSpeed
08-26 16:43:24.251 D PARKDIAG/Coord: ─ loc#9 lat=36.60842 lon=-6.2780042 speed=0.090588786m/s acc=4.513m sessionAge=23076ms
08-26 16:43:24.258 D PARKDIAG/Coord:   state hasEverMoved=false hasEverReachedDrivingSpeed=false userConfirmed=false vehicleExit=false stoppedSince=1787755384722 stoppedDur=19528ms phase=Idle
08-26 16:43:24.260 D PARKDIAG/Coord:   ⏸ skipping: !hasEverReachedDrivingSpeed
08-26 16:43:27.049 D PARKDIAG/Coord: ─ loc#10 lat=36.6084148 lon=-6.2779915 speed=0.102283515m/s acc=4.605m sessionAge=25874ms
08-26 16:43:27.051 D PARKDIAG/Coord:   state hasEverMoved=false hasEverReachedDrivingSpeed=false userConfirmed=false vehicleExit=false stoppedSince=1787755384722 stoppedDur=22326ms phase=Idle
08-26 16:43:27.055 D PARKDIAG/Coord:   ⏸ skipping: !hasEverReachedDrivingSpeed
08-26 16:43:28.909 D PARKDIAG/Coord: ─ loc#11 lat=36.6084141 lon=-6.2779912 speed=0.09471185m/s acc=4.714m sessionAge=27734ms
08-26 16:43:28.910 D PARKDIAG/Coord:   state hasEverMoved=false hasEverReachedDrivingSpeed=false userConfirmed=false vehicleExit=false stoppedSince=1787755384722 stoppedDur=24186ms phase=Idle
08-26 16:43:28.910 D PARKDIAG/Coord:   ⏸ skipping: !hasEverReachedDrivingSpeed
08-26 16:43:31.240 D PARKDIAG/Coord: ─ loc#12 lat=36.6084111 lon=-6.2779825 speed=0.08590704m/s acc=4.471m sessionAge=30063ms
08-26 16:43:31.254 D PARKDIAG/Coord:   state hasEverMoved=false hasEverReachedDrivingSpeed=false userConfirmed=false vehicleExit=false stoppedSince=1787755384722 stoppedDur=26515ms phase=Idle
08-26 16:43:31.257 D PARKDIAG/Coord:   ⏸ skipping: !hasEverReachedDrivingSpeed
08-26 16:43:36.209 D PARKDIAG/Coord: ─ loc#13 lat=36.6084079 lon=-6.277979 speed=0.09036815m/s acc=4.029m sessionAge=35035ms
08-26 16:43:36.211 D PARKDIAG/Coord:   state hasEverMoved=false hasEverReachedDrivingSpeed=false userConfirmed=false vehicleExit=false stoppedSince=1787755384722 stoppedDur=31487ms phase=Idle
08-26 16:43:36.211 D PARKDIAG/Coord:   ⏸ skipping: !hasEverReachedDrivingSpeed
08-26 16:43:38.059 D PARKDIAG/Coord: ─ loc#14 lat=36.608403 lon=-6.2779741 speed=0.09160489m/s acc=4.217m sessionAge=36884ms
08-26 16:43:38.060 D PARKDIAG/Coord:   state hasEverMoved=false hasEverReachedDrivingSpeed=false userConfirmed=false vehicleExit=false stoppedSince=1787755384722 stoppedDur=33336ms phase=Idle
08-26 16:43:38.060 D PARKDIAG/Coord:   ⏸ skipping: !hasEverReachedDrivingSpeed
08-26 16:43:40.323 D PARKDIAG/Coord: ─ loc#15 lat=36.6084051 lon=-6.2779793 speed=0.13867243m/s acc=4.271m sessionAge=39148ms
08-26 16:43:40.324 D PARKDIAG/Coord:   state hasEverMoved=false hasEverReachedDrivingSpeed=false userConfirmed=false vehicleExit=false stoppedSince=1787755384722 stoppedDur=35600ms phase=Idle
08-26 16:43:40.326 D PARKDIAG/Coord:   ⏸ skipping: !hasEverReachedDrivingSpeed
08-26 16:43:40.709 D PARKDIAG/Coord:   ✦ step #1 (pre-drive, false-ENTER candidate)
08-26 16:43:41.631 D PARKDIAG/Coord:   ✦ step #2 (pre-drive, false-ENTER candidate)
08-26 16:43:46.231 D PARKDIAG/Coord: ─ loc#16 lat=36.6084041 lon=-6.2779714 speed=0.07962565m/s acc=4.644m sessionAge=45057ms
08-26 16:43:46.234 D PARKDIAG/Coord:   state hasEverMoved=false hasEverReachedDrivingSpeed=false userConfirmed=false vehicleExit=false stoppedSince=1787755384722 stoppedDur=41509ms phase=Idle
08-26 16:43:46.236 D PARKDIAG/Coord:   ⏸ skipping: !hasEverReachedDrivingSpeed
08-26 16:43:51.239 D PARKDIAG/Coord: ─ loc#17 lat=36.6084102 lon=-6.2780137 speed=0.08248064m/s acc=5.225m sessionAge=50065ms
08-26 16:43:51.240 D PARKDIAG/Coord:   state hasEverMoved=false hasEverReachedDrivingSpeed=false userConfirmed=false vehicleExit=false stoppedSince=1787755384722 stoppedDur=46517ms phase=Idle
08-26 16:43:51.242 D PARKDIAG/Coord:   ⏸ skipping: !hasEverReachedDrivingSpeed
08-26 16:43:53.152 D PARKDIAG/Coord:   ✦ step #3 (pre-drive, false-ENTER candidate)
08-26 16:43:53.574 D PARKDIAG/Coord: ─ loc#18 lat=36.6084073 lon=-6.2780363 speed=0.092373244m/s acc=5.045m sessionAge=52399ms
08-26 16:43:53.577 D PARKDIAG/Coord:   state hasEverMoved=false hasEverReachedDrivingSpeed=false userConfirmed=false vehicleExit=false stoppedSince=1787755384722 stoppedDur=48851ms phase=Idle
08-26 16:43:53.579 D PARKDIAG/Coord:   ⏸ skipping: !hasEverReachedDrivingSpeed
08-26 16:43:53.607 D PARKDIAG/Coord:   ✦ step #4 (pre-drive, false-ENTER candidate)
08-26 16:43:54.453 D PARKDIAG/Coord:   ✦ step #5 (pre-drive, false-ENTER candidate)
08-26 16:43:54.892 D PARKDIAG/Coord:   ✦ step #6 (pre-drive, false-ENTER candidate)
08-26 16:43:55.587 D PARKDIAG/Coord: ─ loc#19 lat=36.608406 lon=-6.278039 speed=0.20829749m/s acc=5.171m sessionAge=54413ms
08-26 16:43:55.589 D PARKDIAG/Coord:   state hasEverMoved=false hasEverReachedDrivingSpeed=false userConfirmed=false vehicleExit=false stoppedSince=1787755384722 stoppedDur=50865ms phase=Idle
08-26 16:43:55.591 D PARKDIAG/Coord:   ⏸ skipping: !hasEverReachedDrivingSpeed
08-26 16:43:55.890 D PARKDIAG/Coord:   ✦ step #7 (pre-drive, false-ENTER candidate)
08-26 16:43:56.569 D PARKDIAG/Coord:   ✦ step #8 (pre-drive, false-ENTER candidate)
08-26 16:44:01.239 D PARKDIAG/Coord: ─ loc#20 lat=36.6083779 lon=-6.278132 speed=0.5854451m/s acc=2.5m sessionAge=60064ms
08-26 16:44:01.241 D PARKDIAG/Coord:   state hasEverMoved=false hasEverReachedDrivingSpeed=false userConfirmed=false vehicleExit=false stoppedSince=1787755384722 stoppedDur=56516ms phase=Idle
08-26 16:44:01.243 D PARKDIAG/Coord:   ⊘ false-ENTER abort — 8 steps before driving speed [BUG-FALSE-ENTER-WALKING]
08-26 16:44:02.770 D PARKDIAG/Coord:   ✦ step #9 (pre-drive, false-ENTER candidate)
08-26 16:44:03.510 D PARKDIAG/Coord:   ✦ step #10 (pre-drive, false-ENTER candidate)
08-26 16:44:04.350 D PARKDIAG/Coord:   ✦ step #11 (pre-drive, false-ENTER candidate)
08-26 16:44:04.900 D PARKDIAG/Coord:   takeWhile=false — flow will end
08-26 16:44:05.470 W PARKDIAG/RetractDeducedDeparture: retract failed for spot=a786c135 — the short TTL still bounds it
  com.google.firebase.firestore.FirebaseFirestoreException: PERMISSION_DENIED: Missing or insufficient permissions.
	at com.google.firebase.firestore.util.Util.exceptionFromStatus(Util.java:152)
	at com.google.firebase.firestore.core.SyncEngine.notifyUser(SyncEngine.java:629)
	at com.google.firebase.firestore.core.SyncEngine.handleRejectedWrite(SyncEngine.java:511)
	at com.google.firebase.firestore.core.MemoryComponentProvider$RemoteStoreCallback.handleRejectedWrite(MemoryComponentProvider.java:135)
	at com.google.firebase.firestore.remote.RemoteStore.handleWriteError(RemoteStore.java:750)
	at com.google.firebase.firestore.remote.RemoteStore.handleWriteStreamClose(RemoteStore.java:706)
	at com.google.firebase.firestore.remote.RemoteStore.access$600(RemoteStore.java:62)
	at com.google.firebase.firestore.remote.RemoteStore$2.onClose(RemoteStore.java:220)
	at com.google.firebase.firestore.remote.AbstractStream.close(AbstractStream.java:379)
	at com.google.firebase.firestore.remote.AbstractStream.handleServerClose(AbstractStream.java:433)
	at com.google.firebase.firestore.remote.AbstractStream$StreamObserver.lambda$onClose$3$com-google-firebase-firestore-remote-AbstractStream$StreamObserver(AbstractStream.java:160)
	at com.google.firebase.firestore.remote.AbstractStream$StreamObserver$$ExternalSyntheticLambda3.run(D8$$SyntheticClass:0)
	at com.google.firebase.firestore.remote.AbstractStream$CloseGuardedRunner.run(AbstractStream.java:67)
	at com.google.firebase.firestore.remote.AbstractStream$StreamObserver.onClose(AbstractStream.java:146)
	at com.google.firebase.firestore.remote.FirestoreChannel$1.onClose(FirestoreChannel.java:173)
	at io.grpc.internal.ClientCallImpl.closeObserver(ClientCallImpl.java:574)
	at io.grpc.internal.ClientCallImpl.access$300(ClientCallImpl.java:72)
	at io.grpc.internal.ClientCallImpl$ClientStreamListenerImpl$1StreamClosed.runInternal(ClientCallImpl.java:742)
	at io.grpc.internal.ClientCallImpl$ClientStreamListenerImpl$1StreamClosed.runInContext(ClientCallImpl.java:723)
	at io.grpc.internal.ContextRunnable.run(ContextRunnable.java:37)
	at io.grpc.internal.SerializingExecutor.run(SerializingExecutor.java:133)
	at java.util.concurrent.Executors$RunnableAdapter.call(Executors.java:520)
	at java.util.concurrent.FutureTask.run(FutureTask.java:328)
	at java.util.concurrent.ScheduledThreadPoolExecutor$ScheduledFutureTask.run(ScheduledThreadPoolExecutor.java:323)
	at java.util.concurrent.ThreadPoolExecutor.runWorker(ThreadPoolExecutor.java:1100)
	at java.util.concurrent.ThreadPoolExecutor$Worker.run(ThreadPoolExecutor.java:624)
	at com.google.firebase.firestore.util.AsyncQueue$SynchronizedShutdownAwareExecutor$DelayedStartFactory.run(AsyncQueue.java:235)
	at java.lang.Thread.run(Thread.java:1572)
Caused by: io.grpc.StatusException: PERMISSION_DENIED: Missing or insufficient permissions.
	at io.grpc.Status.asException(Status.java:541)
	at com.google.firebase.firestore.util.Util.exceptionFromStatus(Util.java:150)
	... 27 more

08-26 16:44:05.472 D PARKDIAG/Coord: ■ coordinator.invoke() EXITED — locationCount=0 completed=true
08-26 16:44:05.473 D PARKDIAG/Service:     ✓ coordinator returned NORMALLY
08-26 16:44:05.500 D PARKDIAG/StepCounter: cumulative steps read → 2712
08-26 16:44:05.507 D PARKDIAG/Service:   ⑊ honest close: aborted_false_enter stayed silent (too_close; pinDist=29m steps=null/null sessionSteps=11)
08-26 16:44:05.518 D PARKDIAG/StepCounter: cumulative steps read → 2712
08-26 16:44:05.525 D PARKDIAG/Service:     ■ job complete → DetectionEnded(startId=4) → intake
08-26 16:44:05.554 D PARKDIAG/Service:   ⏾ enterSentry(detection-ended) — resident, GPS off, re-arming departure wake [DET-RESIDENT-FGS-001]
08-26 16:44:05.570 D PARKDIAG/SigMotion: sync → armed=true
08-26 16:44:05.703 D PARKDIAG/OneFix: fix lat=36.6083851 lon=-6.2781399 speed=0.5825576m/s acc=76.58m age=2s
08-26 16:44:05.726 D PARKDIAG/StepCounter: cumulative steps read → 2712
08-26 16:44:05.738 D PARKDIAG/SafetyNet: [detection-end] geof=724147ef: sigues junto al coche (d=28m, radio 103m) → resello la referencia de pasos; la valla se re-registró hace 18min, no toca aún · geof=a786c135: sigues junto al coche (d=1m, radio 85m) → resello la referencia de pasos; la valla se re-registró hace 42min, no toca aún
08-26 16:44:18.773 D PARKDIAG/SigMotion: ▶ significant motion — SENTRY resident, direct wake [DET-RESIDENT-FGS-001]
08-26 16:44:18.789 D PARKDIAG/Service: ▶ onStartCommand action=io.apptolast.paparcar.ACTION_SENTRY_WAKE flags=0 startId=5
08-26 16:44:18.795 D PARKDIAG/Service:   ✓ startForeground done (locationPermission=true)
08-26 16:44:18.812 D PARKDIAG/Service:   → SENTRY_WAKE — significant motion on live process, arming Coordinator (Unverified) [DET-RESIDENT-FGS-001]
08-26 16:44:18.829 D PARKDIAG/Service:   ▶ startParkingDetection — launching coordinator (trigger=SIGNIFICANT_MOTION)
08-26 16:44:18.856 D PARKDIAG/Service:     ▶ detection coroutine entered, invoking coordinator
08-26 16:44:18.859 D PARKDIAG/Coord: ▶ coordinator.invoke() entry (armEvidence=self_observed) — calling reset()
08-26 16:44:18.860 D PARKDIAG/Coord:   → session-start dismiss PARKING_CONFIRMATION (savedConfirmAge=nullms, limit=900000ms)
08-26 16:44:22.142 D PARKDIAG/Coord: ─ loc#1 lat=36.6084754 lon=-6.2781685 speed=0.0m/s acc=11.586m sessionAge=3282ms
08-26 16:44:22.144 D PARKDIAG/Coord:   state hasEverMoved=false hasEverReachedDrivingSpeed=false userConfirmed=false vehicleExit=false stoppedSince=1787755462141 stoppedDur=0ms phase=Idle
08-26 16:44:22.146 D PARKDIAG/Coord:   ⏸ skipping: !hasEverReachedDrivingSpeed
08-26 16:44:30.434 D PARKDIAG/Coord: ─ loc#2 lat=36.6084752 lon=-6.2781663 speed=0.019853696m/s acc=19.842m sessionAge=11575ms
08-26 16:44:30.436 D PARKDIAG/Coord:   state hasEverMoved=false hasEverReachedDrivingSpeed=false userConfirmed=false vehicleExit=false stoppedSince=1787755462141 stoppedDur=8293ms phase=Idle
08-26 16:44:30.438 D PARKDIAG/Coord:   ⏸ skipping: !hasEverReachedDrivingSpeed
08-26 16:44:33.492 D PARKDIAG/Coord: ─ loc#3 lat=36.608479 lon=-6.2781642 speed=0.040769592m/s acc=8.752m sessionAge=14632ms
08-26 16:44:33.494 D PARKDIAG/Coord:   state hasEverMoved=false hasEverReachedDrivingSpeed=false userConfirmed=false vehicleExit=false stoppedSince=1787755462141 stoppedDur=11350ms phase=Idle
08-26 16:44:33.495 D PARKDIAG/Coord:   ⏸ skipping: !hasEverReachedDrivingSpeed
08-26 16:44:34.692 D PARKDIAG/Coord:   ✦ step #1 (pre-drive, false-ENTER candidate)
08-26 16:44:35.441 D PARKDIAG/Coord: ─ loc#4 lat=36.6084798 lon=-6.2781642 speed=0.042166933m/s acc=9.73m sessionAge=16581ms
08-26 16:44:35.442 D PARKDIAG/Coord:   state hasEverMoved=false hasEverReachedDrivingSpeed=false userConfirmed=false vehicleExit=false stoppedSince=1787755462141 stoppedDur=13299ms phase=Idle
08-26 16:44:35.445 D PARKDIAG/Coord:   ⏸ skipping: !hasEverReachedDrivingSpeed
08-26 16:44:35.593 D PARKDIAG/Coord:   ✦ step #2 (pre-drive, false-ENTER candidate)
08-26 16:44:35.873 D PARKDIAG/Coord:   ✦ step #3 (pre-drive, false-ENTER candidate)
08-26 16:44:36.913 D PARKDIAG/Coord:   ✦ step #4 (pre-drive, false-ENTER candidate)
08-26 16:44:38.971 D PARKDIAG/Coord: ─ loc#5 lat=36.6084878 lon=-6.2781672 speed=0.29521897m/s acc=11.081m sessionAge=20111ms
08-26 16:44:38.974 D PARKDIAG/Coord:   state hasEverMoved=false hasEverReachedDrivingSpeed=false userConfirmed=false vehicleExit=false stoppedSince=1787755462141 stoppedDur=16829ms phase=Idle
08-26 16:44:38.975 D PARKDIAG/Coord:   ⏸ skipping: !hasEverReachedDrivingSpeed
08-26 16:44:39.733 D PARKDIAG/Coord:   ✦ step #5 (pre-drive, false-ENTER candidate)
08-26 16:44:40.274 D PARKDIAG/Coord:   ✦ step #6 (pre-drive, false-ENTER candidate)
08-26 16:44:40.788 D PARKDIAG/Coord: ─ loc#6 lat=36.6084787 lon=-6.278167 speed=0.31081194m/s acc=10.564m sessionAge=21929ms
08-26 16:44:40.790 D PARKDIAG/Coord:   state hasEverMoved=false hasEverReachedDrivingSpeed=false userConfirmed=false vehicleExit=false stoppedSince=1787755462141 stoppedDur=18647ms phase=Idle
08-26 16:44:40.797 D PARKDIAG/Coord:   ⏸ skipping: !hasEverReachedDrivingSpeed
08-26 16:44:40.801 D PARKDIAG/Coord:   ✦ step #7 (pre-drive, false-ENTER candidate)
08-26 16:44:41.312 D PARKDIAG/Coord:   ✦ step #8 (pre-drive, false-ENTER candidate)
08-26 16:44:42.091 D PARKDIAG/Coord:   ✦ step #9 (pre-drive, false-ENTER candidate)
08-26 16:44:42.472 D PARKDIAG/Coord:   ✦ step #10 (pre-drive, false-ENTER candidate)
08-26 16:44:42.672 D PARKDIAG/Coord: ─ loc#7 lat=36.6084786 lon=-6.278166 speed=0.53406096m/s acc=9.435m sessionAge=23812ms
08-26 16:44:42.675 D PARKDIAG/Coord:   state hasEverMoved=false hasEverReachedDrivingSpeed=false userConfirmed=false vehicleExit=false stoppedSince=1787755462141 stoppedDur=20530ms phase=Idle
08-26 16:44:42.682 D PARKDIAG/Coord:   ⊘ false-ENTER abort — 10 steps before driving speed [BUG-FALSE-ENTER-WALKING]
08-26 16:44:42.772 D PARKDIAG/Coord:   ✦ step #11 (pre-drive, false-ENTER candidate)
08-26 16:44:43.330 D PARKDIAG/Coord:   ✦ step #12 (pre-drive, false-ENTER candidate)
08-26 16:44:43.913 D PARKDIAG/Coord:   ✦ step #13 (pre-drive, false-ENTER candidate)
08-26 16:44:47.169 D PARKDIAG/Coord:   takeWhile=false — flow will end
08-26 16:44:47.531 W PARKDIAG/RetractDeducedDeparture: retract failed for spot=a786c135 — the short TTL still bounds it
  com.google.firebase.firestore.FirebaseFirestoreException: PERMISSION_DENIED: Missing or insufficient permissions.
	at com.google.firebase.firestore.util.Util.exceptionFromStatus(Util.java:152)
	at com.google.firebase.firestore.core.SyncEngine.notifyUser(SyncEngine.java:629)
	at com.google.firebase.firestore.core.SyncEngine.handleRejectedWrite(SyncEngine.java:511)
	at com.google.firebase.firestore.core.MemoryComponentProvider$RemoteStoreCallback.handleRejectedWrite(MemoryComponentProvider.java:135)
	at com.google.firebase.firestore.remote.RemoteStore.handleWriteError(RemoteStore.java:750)
	at com.google.firebase.firestore.remote.RemoteStore.handleWriteStreamClose(RemoteStore.java:706)
	at com.google.firebase.firestore.remote.RemoteStore.access$600(RemoteStore.java:62)
	at com.google.firebase.firestore.remote.RemoteStore$2.onClose(RemoteStore.java:220)
	at com.google.firebase.firestore.remote.AbstractStream.close(AbstractStream.java:379)
	at com.google.firebase.firestore.remote.AbstractStream.handleServerClose(AbstractStream.java:433)
	at com.google.firebase.firestore.remote.AbstractStream$StreamObserver.lambda$onClose$3$com-google-firebase-firestore-remote-AbstractStream$StreamObserver(AbstractStream.java:160)
	at com.google.firebase.firestore.remote.AbstractStream$StreamObserver$$ExternalSyntheticLambda3.run(D8$$SyntheticClass:0)
	at com.google.firebase.firestore.remote.AbstractStream$CloseGuardedRunner.run(AbstractStream.java:67)
	at com.google.firebase.firestore.remote.AbstractStream$StreamObserver.onClose(AbstractStream.java:146)
	at com.google.firebase.firestore.remote.FirestoreChannel$1.onClose(FirestoreChannel.java:173)
	at io.grpc.internal.ClientCallImpl.closeObserver(ClientCallImpl.java:574)
	at io.grpc.internal.ClientCallImpl.access$300(ClientCallImpl.java:72)
	at io.grpc.internal.ClientCallImpl$ClientStreamListenerImpl$1StreamClosed.runInternal(ClientCallImpl.java:742)
	at io.grpc.internal.ClientCallImpl$ClientStreamListenerImpl$1StreamClosed.runInContext(ClientCallImpl.java:723)
	at io.grpc.internal.ContextRunnable.run(ContextRunnable.java:37)
	at io.grpc.internal.SerializingExecutor.run(SerializingExecutor.java:133)
	at java.util.concurrent.Executors$RunnableAdapter.call(Executors.java:520)
	at java.util.concurrent.FutureTask.run(FutureTask.java:328)
	at java.util.concurrent.ScheduledThreadPoolExecutor$ScheduledFutureTask.run(ScheduledThreadPoolExecutor.java:323)
	at java.util.concurrent.ThreadPoolExecutor.runWorker(ThreadPoolExecutor.java:1100)
	at java.util.concurrent.ThreadPoolExecutor$Worker.run(ThreadPoolExecutor.java:624)
	at com.google.firebase.firestore.util.AsyncQueue$SynchronizedShutdownAwareExecutor$DelayedStartFactory.run(AsyncQueue.java:235)
	at java.lang.Thread.run(Thread.java:1572)
Caused by: io.grpc.StatusException: PERMISSION_DENIED: Missing or insufficient permissions.
	at io.grpc.Status.asException(Status.java:541)
	at com.google.firebase.firestore.util.Util.exceptionFromStatus(Util.java:150)
	... 27 more

08-26 16:44:47.535 D PARKDIAG/Coord: ■ coordinator.invoke() EXITED — locationCount=0 completed=true
08-26 16:44:47.537 D PARKDIAG/Service:     ✓ coordinator returned NORMALLY
08-26 16:44:47.562 D PARKDIAG/StepCounter: cumulative steps read → 2733
08-26 16:44:47.569 D PARKDIAG/Service:   ⑊ honest close: aborted_false_enter stayed silent (too_close; pinDist=18m steps=null/null sessionSteps=13)
08-26 16:44:47.581 D PARKDIAG/StepCounter: cumulative steps read → 2733
08-26 16:44:47.588 D PARKDIAG/Service:     ■ job complete → DetectionEnded(startId=5) → intake
08-26 16:44:47.615 D PARKDIAG/Service:   ⏾ enterSentry(detection-ended) — resident, GPS off, re-arming departure wake [DET-RESIDENT-FGS-001]
08-26 16:44:47.631 D PARKDIAG/SigMotion: sync → armed=true
08-26 16:44:47.742 D PARKDIAG/OneFix: fix lat=36.6084875 lon=-6.2781659 speed=0.4565625m/s acc=8.973m age=0s
08-26 16:44:47.770 D PARKDIAG/StepCounter: cumulative steps read → 2733
08-26 16:44:47.784 D PARKDIAG/SafetyNet: [detection-end] geof=724147ef: sigues junto al coche (d=17m, radio 103m) → resello la referencia de pasos; la valla se re-registró hace 18min, no toca aún · geof=a786c135: sigues junto al coche (d=13m, radio 85m) → resello la referencia de pasos; la valla se re-registró hace 42min, no toca aún
08-26 16:44:55.435 D PARKDIAG/SigMotion: ▶ significant motion — SENTRY resident, direct wake [DET-RESIDENT-FGS-001]
08-26 16:44:55.451 D PARKDIAG/Service: ▶ onStartCommand action=io.apptolast.paparcar.ACTION_SENTRY_WAKE flags=0 startId=6
08-26 16:44:55.456 D PARKDIAG/Service:   ✓ startForeground done (locationPermission=true)
08-26 16:44:55.479 D PARKDIAG/Service:   → SENTRY_WAKE — significant motion on live process, arming Coordinator (Unverified) [DET-RESIDENT-FGS-001]
08-26 16:44:55.496 D PARKDIAG/Service:   ▶ startParkingDetection — launching coordinator (trigger=SIGNIFICANT_MOTION)
08-26 16:44:55.530 D PARKDIAG/Service:     ▶ detection coroutine entered, invoking coordinator
08-26 16:44:55.535 D PARKDIAG/Coord: ▶ coordinator.invoke() entry (armEvidence=self_observed) — calling reset()
08-26 16:44:55.537 D PARKDIAG/Coord:   → session-start dismiss PARKING_CONFIRMATION (savedConfirmAge=nullms, limit=900000ms)
08-26 16:44:59.117 D PARKDIAG/Coord: ─ loc#1 lat=36.6084833 lon=-6.2781397 speed=0.39795977m/s acc=16.743m sessionAge=3574ms
08-26 16:44:59.120 D PARKDIAG/Coord:   state hasEverMoved=false hasEverReachedDrivingSpeed=false userConfirmed=false vehicleExit=false stoppedSince=1787755499109 stoppedDur=0ms phase=Idle
08-26 16:44:59.130 D PARKDIAG/Coord:   ⏸ skipping: !hasEverReachedDrivingSpeed
08-26 16:44:59.160 D PARKDIAG/Coord:   ✦ step #1 (pre-drive, false-ENTER candidate)
08-26 16:44:59.719 D PARKDIAG/Coord:   ✦ step #2 (pre-drive, false-ENTER candidate)
08-26 16:45:00.579 D PARKDIAG/Coord:   ✦ step #3 (pre-drive, false-ENTER candidate)
08-26 16:45:01.027 D PARKDIAG/Coord:   ✦ step #4 (pre-drive, false-ENTER candidate)
08-26 16:45:01.719 D PARKDIAG/Coord:   ✦ step #5 (pre-drive, false-ENTER candidate)
08-26 16:45:02.482 D PARKDIAG/Coord:   ✦ step #6 (pre-drive, false-ENTER candidate)
08-26 16:45:02.819 D PARKDIAG/Coord:   ✦ step #7 (pre-drive, false-ENTER candidate)
08-26 16:45:03.036 D PARKDIAG/Coord: ─ loc#2 lat=36.6084851 lon=-6.2781412 speed=0.19165207m/s acc=20.756m sessionAge=7500ms
08-26 16:45:03.052 D PARKDIAG/Coord:   state hasEverMoved=false hasEverReachedDrivingSpeed=false userConfirmed=false vehicleExit=false stoppedSince=1787755499109 stoppedDur=3926ms phase=Idle
08-26 16:45:03.064 D PARKDIAG/Coord:   ⏸ skipping: !hasEverReachedDrivingSpeed
08-26 16:45:03.322 D PARKDIAG/Coord:   ✦ step #8 (pre-drive, false-ENTER candidate)
08-26 16:45:04.639 D PARKDIAG/Coord:   ✦ step #9 (pre-drive, false-ENTER candidate)
08-26 16:45:05.019 D PARKDIAG/Coord:   ✦ step #10 (pre-drive, false-ENTER candidate)
08-26 16:45:05.157 D PARKDIAG/Coord: ─ loc#3 lat=36.6084836 lon=-6.2781345 speed=0.34552848m/s acc=20.838m sessionAge=9621ms
08-26 16:45:05.159 D PARKDIAG/Coord:   state hasEverMoved=false hasEverReachedDrivingSpeed=false userConfirmed=false vehicleExit=false stoppedSince=1787755499109 stoppedDur=6047ms phase=Idle
08-26 16:45:05.160 D PARKDIAG/Coord:   ⊘ false-ENTER abort — 10 steps before driving speed [BUG-FALSE-ENTER-WALKING]
08-26 16:45:05.518 D PARKDIAG/Coord:   ✦ step #11 (pre-drive, false-ENTER candidate)
08-26 16:45:05.798 D PARKDIAG/Coord:   ✦ step #12 (pre-drive, false-ENTER candidate)
08-26 16:45:07.567 D PARKDIAG/Coord:   takeWhile=false — flow will end
08-26 16:45:08.436 W PARKDIAG/RetractDeducedDeparture: retract failed for spot=a786c135 — the short TTL still bounds it
  com.google.firebase.firestore.FirebaseFirestoreException: PERMISSION_DENIED: Missing or insufficient permissions.
	at com.google.firebase.firestore.util.Util.exceptionFromStatus(Util.java:152)
	at com.google.firebase.firestore.core.SyncEngine.notifyUser(SyncEngine.java:629)
	at com.google.firebase.firestore.core.SyncEngine.handleRejectedWrite(SyncEngine.java:511)
	at com.google.firebase.firestore.core.MemoryComponentProvider$RemoteStoreCallback.handleRejectedWrite(MemoryComponentProvider.java:135)
	at com.google.firebase.firestore.remote.RemoteStore.handleWriteError(RemoteStore.java:750)
	at com.google.firebase.firestore.remote.RemoteStore.handleWriteStreamClose(RemoteStore.java:706)
	at com.google.firebase.firestore.remote.RemoteStore.access$600(RemoteStore.java:62)
	at com.google.firebase.firestore.remote.RemoteStore$2.onClose(RemoteStore.java:220)
	at com.google.firebase.firestore.remote.AbstractStream.close(AbstractStream.java:379)
	at com.google.firebase.firestore.remote.AbstractStream.handleServerClose(AbstractStream.java:433)
	at com.google.firebase.firestore.remote.AbstractStream$StreamObserver.lambda$onClose$3$com-google-firebase-firestore-remote-AbstractStream$StreamObserver(AbstractStream.java:160)
	at com.google.firebase.firestore.remote.AbstractStream$StreamObserver$$ExternalSyntheticLambda3.run(D8$$SyntheticClass:0)
	at com.google.firebase.firestore.remote.AbstractStream$CloseGuardedRunner.run(AbstractStream.java:67)
	at com.google.firebase.firestore.remote.AbstractStream$StreamObserver.onClose(AbstractStream.java:146)
	at com.google.firebase.firestore.remote.FirestoreChannel$1.onClose(FirestoreChannel.java:173)
	at io.grpc.internal.ClientCallImpl.closeObserver(ClientCallImpl.java:574)
	at io.grpc.internal.ClientCallImpl.access$300(ClientCallImpl.java:72)
	at io.grpc.internal.ClientCallImpl$ClientStreamListenerImpl$1StreamClosed.runInternal(ClientCallImpl.java:742)
	at io.grpc.internal.ClientCallImpl$ClientStreamListenerImpl$1StreamClosed.runInContext(ClientCallImpl.java:723)
	at io.grpc.internal.ContextRunnable.run(ContextRunnable.java:37)
	at io.grpc.internal.SerializingExecutor.run(SerializingExecutor.java:133)
	at java.util.concurrent.Executors$RunnableAdapter.call(Executors.java:520)
	at java.util.concurrent.FutureTask.run(FutureTask.java:328)
	at java.util.concurrent.ScheduledThreadPoolExecutor$ScheduledFutureTask.run(ScheduledThreadPoolExecutor.java:323)
	at java.util.concurrent.ThreadPoolExecutor.runWorker(ThreadPoolExecutor.java:1100)
	at java.util.concurrent.ThreadPoolExecutor$Worker.run(ThreadPoolExecutor.java:624)
	at com.google.firebase.firestore.util.AsyncQueue$SynchronizedShutdownAwareExecutor$DelayedStartFactory.run(AsyncQueue.java:235)
	at java.lang.Thread.run(Thread.java:1572)
Caused by: io.grpc.StatusException: PERMISSION_DENIED: Missing or insufficient permissions.
	at io.grpc.Status.asException(Status.java:541)
	at com.google.firebase.firestore.util.Util.exceptionFromStatus(Util.java:150)
	... 27 more

08-26 16:45:08.440 D PARKDIAG/Coord: ■ coordinator.invoke() EXITED — locationCount=0 completed=true
08-26 16:45:08.441 D PARKDIAG/Service:     ✓ coordinator returned NORMALLY
08-26 16:45:08.459 D PARKDIAG/StepCounter: cumulative steps read → 2762
08-26 16:45:08.462 D PARKDIAG/Service:   ⑊ honest close: aborted_false_enter stayed silent (too_close; pinDist=17m steps=null/null sessionSteps=12)
08-26 16:45:08.475 D PARKDIAG/StepCounter: cumulative steps read → 2762
08-26 16:45:08.481 D PARKDIAG/Service:     ■ job complete → DetectionEnded(startId=6) → intake
08-26 16:45:08.489 D PARKDIAG/SigMotion: re-arm cooldown for 180s — walking-abort storm damper [DET-SENTRY-COOLDOWN-001]
08-26 16:45:08.490 D PARKDIAG/Service:   ⏸ sentry-wake abort streak=3 → re-arm cooldown 180s [DET-SENTRY-COOLDOWN-001]
08-26 16:45:08.499 D PARKDIAG/Service:   ⏾ enterSentry(detection-ended) — resident, GPS off, re-arming departure wake [DET-RESIDENT-FGS-001]
08-26 16:45:08.509 D PARKDIAG/SigMotion: sync → arming in CHEAP-TRIAGE mode, quiet period 179s left [DET-CHEAP-WAKE-INSTEAD-OF-SILENCE-001]
08-26 16:45:08.518 D PARKDIAG/SigMotion: sync → armed=true
08-26 16:45:08.642 D PARKDIAG/OneFix: fix lat=36.6084801 lon=-6.2781328 speed=0.2577634m/s acc=20.79m age=1s
08-26 16:45:08.676 D PARKDIAG/StepCounter: cumulative steps read → 2762
08-26 16:45:08.690 D PARKDIAG/SafetyNet: [detection-end] geof=724147ef: sigues junto al coche (d=18m, radio 103m) → resello la referencia de pasos; la valla se re-registró hace 19min, no toca aún · geof=a786c135: sigues junto al coche (d=12m, radio 85m) → resello la referencia de pasos; la valla se re-registró hace 43min, no toca aún
08-26 16:49:32.065 D PARKDIAG/OneFix: fix lat=36.6092925 lon=-6.2772638 speed=0.0m/s acc=300.0m age=5s
08-26 16:49:32.105 D PARKDIAG/StepCounter: cumulative steps read → 2762
08-26 16:49:32.124 D PARKDIAG/SafetyNet: [periodic] geof=724147ef: distancia ambigua (d=107m, ni junto al coche ni claramente lejos) → solo apunto la posición, no decido nada · geof=a786c135: distancia ambigua (d=128m, ni junto al coche ni claramente lejos) → solo apunto la posición, no decido nada
08-26 16:54:38.349 D PARKDIAG/ExactNet: ⏰ exact heartbeat fired (doze stretch: 11386 ms)
08-26 16:54:38.511 D PARKDIAG/OneFix: fix lat=36.6092925 lon=-6.2772638 speed=0.0m/s acc=300.0m age=11s
08-26 16:54:38.535 D PARKDIAG/StepCounter: cumulative steps read → 2762
08-26 16:54:38.550 D PARKDIAG/SafetyNet: [exact-alarm] geof=724147ef: distancia ambigua (d=107m, ni junto al coche ni claramente lejos) → solo apunto la posición, no decido nada · geof=a786c135: distancia ambigua (d=128m, ni junto al coche ni claramente lejos) → solo apunto la posición, no decido nada
08-26 17:00:02.687 D PARKDIAG/ExactNet: ⏰ exact heartbeat fired (doze stretch: 24208 ms)
08-26 17:00:02.854 D PARKDIAG/OneFix: fix lat=36.6092925 lon=-6.2772638 speed=0.0m/s acc=300.0m age=0s
08-26 17:00:02.892 D PARKDIAG/StepCounter: cumulative steps read → 2762
08-26 17:00:02.908 D PARKDIAG/SafetyNet: [exact-alarm] geof=724147ef: distancia ambigua (d=107m, ni junto al coche ni claramente lejos) → solo apunto la posición, no decido nada · geof=a786c135: distancia ambigua (d=128m, ni junto al coche ni claramente lejos) → solo apunto la posición, no decido nada
08-26 17:04:32.261 D PARKDIAG/OneFix: fix lat=36.6092925 lon=-6.2772638 speed=0.0m/s acc=300.0m age=0s
08-26 17:04:32.302 D PARKDIAG/StepCounter: cumulative steps read → 2762
08-26 17:04:32.313 D PARKDIAG/SafetyNet: [periodic] geof=724147ef: distancia ambigua (d=107m, ni junto al coche ni claramente lejos) → solo apunto la posición, no decido nada · geof=a786c135: distancia ambigua (d=128m, ni junto al coche ni claramente lejos) → solo apunto la posición, no decido nada
08-26 17:09:40.592 D PARKDIAG/BTReceiver: ▶ BT DISCONNECTED device=00:A4:1C:65:2B:3F
08-26 17:09:40.618 D PARKDIAG/BTReceiver:   no vehicle paired with 00:A4:1C:65:2B:3F — ignoring
08-26 17:12:43.993 D PARKDIAG/ExactNet: ⏰ exact heartbeat fired (doze stretch: 191792 ms)
08-26 17:12:44.275 D PARKDIAG/OneFix: fix lat=36.6092925 lon=-6.2772638 speed=0.0m/s acc=300.0m age=0s
08-26 17:12:44.349 D PARKDIAG/StepCounter: cumulative steps read → 2762
08-26 17:12:44.369 D PARKDIAG/SafetyNet: [exact-alarm] geof=724147ef: distancia ambigua (d=107m, ni junto al coche ni claramente lejos) → solo apunto la posición, no decido nada · geof=a786c135: distancia ambigua (d=128m, ni junto al coche ni claramente lejos) → solo apunto la posición, no decido nada
08-26 17:18:00.189 D PARKDIAG/ExactNet: ⏰ exact heartbeat fired (doze stretch: 16051 ms)
08-26 17:18:00.418 D PARKDIAG/OneFix: fix lat=36.6082843 lon=-6.2772638 speed=0.0m/s acc=200.0m age=16s
08-26 17:18:00.459 D PARKDIAG/StepCounter: cumulative steps read → 2762
08-26 17:18:00.477 D PARKDIAG/SafetyNet: [exact-alarm] geof=724147ef: sigues junto al coche (d=89m, radio 103m) → resello la referencia de pasos; la valla se re-registró hace 51min, no toca aún · geof=a786c135: sigues junto al coche (d=78m, radio 85m) → resello la referencia de pasos; la valla se re-registró hace 76min, no toca aún
08-26 17:19:32.441 D PARKDIAG/OneFix: fix lat=36.6082843 lon=-6.2772638 speed=0.0m/s acc=200.0m age=0s
08-26 17:19:32.523 D PARKDIAG/StepCounter: cumulative steps read → 2762
08-26 17:19:32.541 D PARKDIAG/SafetyNet: [periodic] geof=724147ef: sigues junto al coche (d=89m, radio 103m) → resello la referencia de pasos; la valla se re-registró hace 53min, no toca aún · geof=a786c135: sigues junto al coche (d=78m, radio 85m) → resello la referencia de pasos; la valla se re-registró hace 77min, no toca aún
08-26 17:24:32.427 D PARKDIAG/ExactNet: ⏰ exact heartbeat fired (doze stretch: 49 ms)
08-26 17:24:32.611 D PARKDIAG/OneFix: fix lat=36.6083367 lon=-6.278215 speed=0.0m/s acc=100.0m age=0s
08-26 17:24:32.662 D PARKDIAG/StepCounter: cumulative steps read → 2762
08-26 17:24:32.683 D PARKDIAG/SafetyNet: [exact-alarm] geof=724147ef: sigues junto al coche (d=34m, radio 103m) → resello la referencia de pasos; la valla se re-registró hace 58min, no toca aún · geof=a786c135: sigues junto al coche (d=7m, radio 85m) → resello la referencia de pasos; la valla se re-registró hace 82min, no toca aún
08-26 17:29:44.005 D PARKDIAG/ExactNet: ⏰ exact heartbeat fired (doze stretch: 11442 ms)
08-26 17:29:44.159 D PARKDIAG/OneFix: fix lat=36.6083367 lon=-6.278215 speed=0.0m/s acc=100.0m age=11s
08-26 17:29:44.187 D PARKDIAG/StepCounter: cumulative steps read → 2762
08-26 17:29:44.210 D PARKDIAG/SafetyNet: [exact-alarm] geof=724147ef: sigues junto al coche (d=34m, radio 103m) → resello la referencia de pasos; la valla se re-registró hace 63min, no toca aún · geof=a786c135: sigues junto al coche (d=7m, radio 85m) → resello la referencia de pasos; la valla se re-registró hace 87min, no toca aún
08-26 17:34:32.711 D PARKDIAG/OneFix: fix lat=36.6083367 lon=-6.278215 speed=0.0m/s acc=100.0m age=0s
08-26 17:34:32.793 D PARKDIAG/StepCounter: cumulative steps read → 2762
08-26 17:34:32.814 D PARKDIAG/SafetyNet: [periodic] geof=724147ef: sigues junto al coche (d=34m, radio 103m) → resello la referencia de pasos; la valla se re-registró hace 68min, no toca aún · geof=a786c135: sigues junto al coche (d=7m, radio 85m) → resello la referencia de pasos; la valla se re-registró hace 92min, no toca aún
08-26 17:39:59.719 D PARKDIAG/ExactNet: ⏰ exact heartbeat fired (doze stretch: 27114 ms)
08-26 17:39:59.927 D PARKDIAG/OneFix: fix lat=36.6083367 lon=-6.278215 speed=0.0m/s acc=100.0m age=27s
08-26 17:39:59.969 D PARKDIAG/StepCounter: cumulative steps read → 2762
08-26 17:39:59.989 D PARKDIAG/SafetyNet: [exact-alarm] geof=724147ef: sigues junto al coche (d=34m, radio 103m) → resello la referencia de pasos; la valla se re-registró hace 73min, no toca aún · geof=a786c135: sigues junto al coche (d=7m, radio 85m) → resello la referencia de pasos; la valla se re-registró hace 98min, no toca aún
08-26 17:44:59.899 D PARKDIAG/ExactNet: ⏰ exact heartbeat fired (doze stretch: 29 ms)
08-26 17:45:00.050 D PARKDIAG/OneFix: fix lat=36.6083367 lon=-6.278215 speed=0.0m/s acc=100.0m age=27s
08-26 17:45:00.078 D PARKDIAG/StepCounter: cumulative steps read → 2762
08-26 17:45:00.094 D PARKDIAG/SafetyNet: [exact-alarm] geof=724147ef: sigues junto al coche (d=34m, radio 103m) → resello la referencia de pasos; la valla se re-registró hace 78min, no toca aún · geof=a786c135: sigues junto al coche (d=7m, radio 85m) → resello la referencia de pasos; la valla se re-registró hace 103min, no toca aún
08-26 17:49:33.026 D PARKDIAG/OneFix: fix lat=36.6083965 lon=-6.278181 speed=0.0m/s acc=100.0m age=0s
08-26 17:49:33.116 D PARKDIAG/StepCounter: cumulative steps read → 2762
08-26 17:49:33.136 D PARKDIAG/SafetyNet: [periodic] geof=724147ef: sigues junto al coche (d=27m, radio 103m) → resello la referencia de pasos; la valla se re-registró hace 83min, no toca aún · geof=a786c135: sigues junto al coche (d=5m, radio 85m) → resello la referencia de pasos; la valla se re-registró hace 107min, no toca aún
08-26 17:54:37.585 D PARKDIAG/ExactNet: ⏰ exact heartbeat fired (doze stretch: 4644 ms)
08-26 17:54:37.762 D PARKDIAG/OneFix: fix lat=36.6083965 lon=-6.278181 speed=0.0m/s acc=100.0m age=4s
08-26 17:54:37.801 D PARKDIAG/StepCounter: cumulative steps read → 2762
08-26 17:54:37.820 D PARKDIAG/SafetyNet: [exact-alarm] geof=724147ef: sigues junto al coche (d=27m, radio 103m) → resello la referencia de pasos; la valla se re-registró hace 88min, no toca aún · geof=a786c135: sigues junto al coche (d=5m, radio 85m) → resello la referencia de pasos; la valla se re-registró hace 112min, no toca aún
08-26 17:59:43.691 D PARKDIAG/ExactNet: ⏰ exact heartbeat fired (doze stretch: 5972 ms)
08-26 17:59:43.849 D PARKDIAG/OneFix: fix lat=36.6083965 lon=-6.278181 speed=0.0m/s acc=100.0m age=10s
08-26 17:59:43.882 D PARKDIAG/StepCounter: cumulative steps read → 2762
08-26 17:59:43.896 D PARKDIAG/SafetyNet: [exact-alarm] geof=724147ef: sigues junto al coche (d=27m, radio 103m) → resello la referencia de pasos; la valla se re-registró hace 93min, no toca aún · geof=a786c135: sigues junto al coche (d=5m, radio 85m) → resello la referencia de pasos; la valla se re-registró hace 117min, no toca aún
08-26 18:04:33.344 D PARKDIAG/OneFix: fix lat=36.6083965 lon=-6.278181 speed=0.0m/s acc=100.0m age=0s
08-26 18:04:33.392 D PARKDIAG/StepCounter: cumulative steps read → 2762
08-26 18:04:33.418 D PARKDIAG/SafetyNet: [periodic] geof=724147ef: sigues junto al coche (d=27m, radio 103m) → resello la referencia de pasos; la valla se re-registró hace 98min, no toca aún · geof=a786c135: sigues junto al coche (d=5m, radio 85m) → resello la referencia de pasos; la valla se re-registró hace 122min, no toca aún
08-26 18:09:33.375 D PARKDIAG/ExactNet: ⏰ exact heartbeat fired (doze stretch: 114 ms)
08-26 18:09:33.565 D PARKDIAG/OneFix: fix lat=36.6083965 lon=-6.278181 speed=0.0m/s acc=100.0m age=0s
08-26 18:09:33.609 D PARKDIAG/StepCounter: cumulative steps read → 2762
08-26 18:09:33.624 D PARKDIAG/SafetyNet: [exact-alarm] geof=724147ef: sigues junto al coche (d=27m, radio 103m) → resello la referencia de pasos; la valla se re-registró hace 103min, no toca aún · geof=a786c135: sigues junto al coche (d=5m, radio 85m) → resello la referencia de pasos; la valla se re-registró hace 127min, no toca aún
08-26 18:14:33.626 D PARKDIAG/ExactNet: ⏰ exact heartbeat fired (doze stretch: 106 ms)
08-26 18:14:33.852 D PARKDIAG/OneFix: fix lat=36.6083965 lon=-6.278181 speed=0.0m/s acc=100.0m age=0s
08-26 18:14:33.874 D PARKDIAG/StepCounter: cumulative steps read → 2762
08-26 18:14:33.893 D PARKDIAG/SafetyNet: [exact-alarm] geof=724147ef: sigues junto al coche (d=27m, radio 103m) → resello la referencia de pasos; la valla se re-registró hace 108min, no toca aún · geof=a786c135: sigues junto al coche (d=5m, radio 85m) → resello la referencia de pasos; la valla se re-registró hace 132min, no toca aún
08-26 18:19:33.656 D PARKDIAG/OneFix: fix lat=36.6083965 lon=-6.278181 speed=0.0m/s acc=100.0m age=0s
08-26 18:19:33.718 D PARKDIAG/StepCounter: cumulative steps read → 2762
08-26 18:19:33.737 D PARKDIAG/SafetyNet: [periodic] geof=724147ef: sigues junto al coche (d=27m, radio 103m) → resello la referencia de pasos; la valla se re-registró hace 113min, no toca aún · geof=a786c135: sigues junto al coche (d=5m, radio 85m) → resello la referencia de pasos; la valla se re-registró hace 137min, no toca aún
08-26 18:24:46.339 D PARKDIAG/ExactNet: ⏰ exact heartbeat fired (doze stretch: 12784 ms)
08-26 18:24:46.576 D PARKDIAG/OneFix: fix lat=36.6083965 lon=-6.278181 speed=0.0m/s acc=100.0m age=12s
08-26 18:24:46.626 D PARKDIAG/StepCounter: cumulative steps read → 2762
08-26 18:24:46.643 D PARKDIAG/SafetyNet: [exact-alarm] geof=724147ef: sigues junto al coche (d=27m, radio 103m) → resello la referencia de pasos; la valla se re-registró hace 118min, no toca aún · geof=a786c135: sigues junto al coche (d=5m, radio 85m) → resello la referencia de pasos; la valla se re-registró hace 142min, no toca aún
08-26 18:30:03.805 D PARKDIAG/ExactNet: ⏰ exact heartbeat fired (doze stretch: 17292 ms)
08-26 18:30:04.009 D PARKDIAG/OneFix: fix lat=36.6083965 lon=-6.278181 speed=0.0m/s acc=100.0m age=0s
08-26 18:30:04.035 D PARKDIAG/StepCounter: cumulative steps read → 2762
08-26 18:30:04.057 D PARKDIAG/SafetyNet: [exact-alarm] geof=724147ef: sigues junto al coche (d=27m, radio 103m) → resello la referencia de pasos; la valla se re-registró hace 123min, no toca aún · geof=a786c135: sigues junto al coche (d=5m, radio 85m) → resello la referencia de pasos; la valla se re-registró hace 148min, no toca aún
08-26 18:34:33.878 D PARKDIAG/OneFix: fix lat=36.6083965 lon=-6.278181 speed=0.0m/s acc=100.0m age=0s
08-26 18:34:33.960 D PARKDIAG/StepCounter: cumulative steps read → 2762
08-26 18:34:33.992 D PARKDIAG/SafetyNet: [periodic] geof=724147ef: sigues junto al coche (d=27m, radio 103m) → resello la referencia de pasos; la valla se re-registró hace 128min, no toca aún · geof=a786c135: sigues junto al coche (d=5m, radio 85m) → resello la referencia de pasos; la valla se re-registró hace 152min, no toca aún
08-26 18:39:34.002 D PARKDIAG/ExactNet: ⏰ exact heartbeat fired (doze stretch: 194 ms)
08-26 18:39:34.211 D PARKDIAG/OneFix: fix lat=36.6083965 lon=-6.278181 speed=0.0m/s acc=100.0m age=0s
08-26 18:39:34.267 D PARKDIAG/StepCounter: cumulative steps read → 2762
08-26 18:39:34.289 D PARKDIAG/SafetyNet: [exact-alarm] geof=724147ef: sigues junto al coche (d=27m, radio 103m) → resello la referencia de pasos; la valla se re-registró hace 133min, no toca aún · geof=a786c135: sigues junto al coche (d=5m, radio 85m) → resello la referencia de pasos; la valla se re-registró hace 157min, no toca aún
08-26 18:44:55.935 D PARKDIAG/BTReceiver: ▶ BT CONNECTED device=00:A4:1C:65:2B:3F
08-26 18:44:55.946 D PARKDIAG/BTReceiver:   no vehicle paired with 00:A4:1C:65:2B:3F — ignoring
08-26 18:44:56.080 W PARKDIAG/SafetyNet: ⚠ sentry residency stamp outlived the process (gap 5 min) — resident watcher killed [DET-RESIDENT-FGS-001]
08-26 18:44:56.177 D PARKDIAG/Service: ▶ Service onCreate
08-26 18:44:56.179 D PARKDIAG/Service: ▶ onStartCommand action=io.apptolast.paparcar.ACTION_RESUME_SENTRY flags=0 startId=1
08-26 18:44:56.190 D PARKDIAG/Service:   ✓ startForeground done (locationPermission=true)
08-26 18:44:56.256 D PARKDIAG/SigMotion: sync → armed=true
08-26 18:44:56.268 D PARKDIAG/Service:   → RESUME_SENTRY (foreground-gap) — epilogue decides sentry vs stop [DET-WATCH-HONEST-001][DET-WATCH-REACTIVATE-001]
08-26 18:44:56.316 D PARKDIAG/Service:   ⏾ enterSentry(post-ACTION_RESUME_SENTRY) — resident, GPS off, re-arming departure wake [DET-RESIDENT-FGS-001]
08-26 18:44:56.569 D PARKDIAG/SafetyNet: ■ no fresh fix within timeout — nothing to evaluate this tick
08-26 18:44:56.653 D PARKDIAG/OneFix: fix lat=36.6084491 lon=-6.2781554 speed=0.0m/s acc=76.228195m age=0s
08-26 18:44:56.717 D PARKDIAG/StepCounter: cumulative steps read → 2762
08-26 18:44:56.734 D PARKDIAG/SafetyNet: [detection-end] geof=724147ef: sigues junto al coche (d=21m, radio 103m) → resello la referencia de pasos; otra vía acaba de registrarla, no repito · geof=a786c135: sigues junto al coche (d=9m, radio 85m) → resello la referencia de pasos; otra vía acaba de registrarla, no repito
08-26 18:44:59.197 D PARKDIAG/Bootstrap: ▶ Bootstrap.invoke userId=fiypNbElGlfFexLMpU9sNaMjRMD3
08-26 18:44:59.198 D PARKDIAG/Bootstrap:   → syncVehicles START
08-26 18:44:59.198 D PARKDIAG/VehicleSync: ▶ syncFromRemote userId=fiypNbElGlfFexLMpU9sNaMjRMD3
08-26 18:44:59.200 D PARKDIAG/Bootstrap:   → syncParkingHistory START
08-26 18:44:59.201 D PARKDIAG/Bootstrap:   → syncZones START
08-26 18:45:02.505 D PARKDIAG/VehicleSync:   ← Firestore returned 3 vehicle(s)
08-26 18:45:02.505 D PARKDIAG/VehicleSync:     vehicle id=abf6c516-a739-4708-b216-870285f3cbc6 isActive=false name=Skoda Kamiq
08-26 18:45:02.506 D PARKDIAG/VehicleSync:     vehicle id=addbe660-ad30-4857-ab1f-58433d76992d isActive=true name=Ford Focus
08-26 18:45:02.506 D PARKDIAG/VehicleSync:     vehicle id=ccd539d9-02f9-4b40-8b94-da672c96866f isActive=false name=Chevrolet Beat
08-26 18:45:02.520 D PARKDIAG/VehicleSync: ■ syncFromRemote merged 3 vehicle(s) into Room (kept 0 pending)
08-26 18:45:02.520 D PARKDIAG/Bootstrap:   ← syncVehicles END isSuccess=true
08-26 18:45:02.531 D PARKDIAG/Bootstrap:   ← syncZones END isSuccess=true
08-26 18:45:02.598 D PARKDIAG/Bootstrap:   ← syncParkingHistory END isSuccess=true
08-26 18:45:02.599 D PARKDIAG/Bootstrap: ■ Bootstrap.invoke SUCCESS
08-26 18:45:14.533 D PARKDIAG/FenceEnter: ✓ re-entered own fence (enter_724147ef-1219-437a-94aa-7fed45caccfb, enter_a786c135-2500-42c4-8adc-dd7d695ae0d8) → enqueueing anchor re-seal check
08-26 18:45:14.953 D PARKDIAG/OneFix: fix lat=36.6084574 lon=-6.2781532 speed=0.0m/s acc=14.469m age=2s
08-26 18:45:15.046 D PARKDIAG/StepCounter: cumulative steps read → 2762
08-26 18:45:15.057 D PARKDIAG/SafetyNet: [geofence-enter] geof=724147ef: sigues junto al coche (d=20m, radio 103m) → resello la referencia de pasos; la valla se re-registró hace 139min, no toca aún · geof=a786c135: sigues junto al coche (d=10m, radio 85m) → resello la referencia de pasos; la valla se re-registró hace 163min, no toca aún
08-26 18:45:39.839 D PARKDIAG/SigMotion: ▶ significant motion — SENTRY resident, direct wake [DET-RESIDENT-FGS-001]
08-26 18:45:39.885 D PARKDIAG/Service: ▶ onStartCommand action=io.apptolast.paparcar.ACTION_SENTRY_WAKE flags=0 startId=2
08-26 18:45:39.894 D PARKDIAG/Service:   ✓ startForeground done (locationPermission=true)
08-26 18:45:39.926 D PARKDIAG/Service:   → SENTRY_WAKE — significant motion on live process, arming Coordinator (Unverified) [DET-RESIDENT-FGS-001]
08-26 18:45:39.992 D PARKDIAG/Service:   ▶ startParkingDetection — launching coordinator (trigger=SIGNIFICANT_MOTION)
08-26 18:45:40.075 D PARKDIAG/Service:     ▶ detection coroutine entered, invoking coordinator
08-26 18:45:40.127 D PARKDIAG/Coord: ▶ coordinator.invoke() entry (armEvidence=self_observed) — calling reset()
08-26 18:45:40.131 D PARKDIAG/Coord:   → session-start dismiss PARKING_CONFIRMATION (savedConfirmAge=nullms, limit=900000ms)
08-26 18:45:40.305 D PARKDIAG/Coord: ─ loc#1 lat=36.6084554 lon=-6.2781346 speed=0.1868826m/s acc=8.955m sessionAge=177ms
08-26 18:45:40.324 D PARKDIAG/Coord:   state hasEverMoved=false hasEverReachedDrivingSpeed=false userConfirmed=false vehicleExit=false stoppedSince=1787762740304 stoppedDur=0ms phase=Idle
08-26 18:45:40.338 D PARKDIAG/Coord:   ⏸ skipping: !hasEverReachedDrivingSpeed
08-26 18:45:43.936 D PARKDIAG/Coord: ─ loc#2 lat=36.6084539 lon=-6.2781444 speed=0.18665963m/s acc=10.546m sessionAge=3809ms
08-26 18:45:43.937 D PARKDIAG/Coord:   state hasEverMoved=false hasEverReachedDrivingSpeed=false userConfirmed=false vehicleExit=false stoppedSince=1787762740304 stoppedDur=3632ms phase=Idle
08-26 18:45:43.937 D PARKDIAG/Coord:   ⏸ skipping: !hasEverReachedDrivingSpeed
08-26 18:45:45.956 D PARKDIAG/Coord:   ✦ step #1 (pre-drive, false-ENTER candidate)
08-26 18:45:46.528 D PARKDIAG/Coord:   ✦ step #2 (pre-drive, false-ENTER candidate)
08-26 18:45:47.913 D PARKDIAG/Coord: ─ loc#3 lat=36.6084449 lon=-6.2781362 speed=0.1901691m/s acc=24.245m sessionAge=7784ms
08-26 18:45:47.917 D PARKDIAG/Coord:   state hasEverMoved=false hasEverReachedDrivingSpeed=false userConfirmed=false vehicleExit=false stoppedSince=1787762740304 stoppedDur=7607ms phase=Idle
08-26 18:45:47.922 D PARKDIAG/Coord:   ⏸ skipping: !hasEverReachedDrivingSpeed
08-26 18:45:48.280 D PARKDIAG/Coord:   ✦ step #3 (pre-drive, false-ENTER candidate)
08-26 18:45:49.062 D PARKDIAG/Coord:   ✦ step #4 (pre-drive, false-ENTER candidate)
08-26 18:45:49.082 D PARKDIAG/Coord:   ✦ step #5 (pre-drive, false-ENTER candidate)
08-26 18:45:49.763 D PARKDIAG/Coord:   ✦ step #6 (pre-drive, false-ENTER candidate)
08-26 18:45:50.213 D PARKDIAG/Coord: ─ loc#4 lat=36.6084449 lon=-6.2781319 speed=0.32473952m/s acc=24.228m sessionAge=10085ms
08-26 18:45:50.215 D PARKDIAG/Coord:   state hasEverMoved=false hasEverReachedDrivingSpeed=false userConfirmed=false vehicleExit=false stoppedSince=1787762740304 stoppedDur=9908ms phase=Idle
08-26 18:45:50.217 D PARKDIAG/Coord:   ⏸ skipping: !hasEverReachedDrivingSpeed
08-26 18:45:50.606 D PARKDIAG/Coord:   ✦ step #7 (pre-drive, false-ENTER candidate)
08-26 18:45:50.624 D PARKDIAG/Coord:   ✦ step #8 (pre-drive, false-ENTER candidate)
08-26 18:45:51.685 D PARKDIAG/Coord:   ✦ step #9 (pre-drive, false-ENTER candidate)
08-26 18:45:51.706 D PARKDIAG/Coord:   ✦ step #10 (pre-drive, false-ENTER candidate)
08-26 18:45:52.131 D PARKDIAG/Coord: ─ loc#5 lat=36.6084501 lon=-6.2781457 speed=0.26536632m/s acc=22.245m sessionAge=12004ms
08-26 18:45:52.134 D PARKDIAG/Coord:   state hasEverMoved=false hasEverReachedDrivingSpeed=false userConfirmed=false vehicleExit=false stoppedSince=1787762740304 stoppedDur=11827ms phase=Idle
08-26 18:45:52.137 D PARKDIAG/Coord:   ⊘ false-ENTER abort — 10 steps before driving speed [BUG-FALSE-ENTER-WALKING]
08-26 18:45:52.150 D PARKDIAG/Coord:   ✦ step #11 (pre-drive, false-ENTER candidate)
08-26 18:45:57.688 D PARKDIAG/Coord:   takeWhile=false — flow will end
08-26 18:45:57.918 W PARKDIAG/RetractDeducedDeparture: retract failed for spot=a786c135 — the short TTL still bounds it
  com.google.firebase.firestore.FirebaseFirestoreException: PERMISSION_DENIED: Missing or insufficient permissions.
	at com.google.firebase.firestore.util.Util.exceptionFromStatus(Util.java:152)
	at com.google.firebase.firestore.core.SyncEngine.notifyUser(SyncEngine.java:629)
	at com.google.firebase.firestore.core.SyncEngine.handleRejectedWrite(SyncEngine.java:511)
	at com.google.firebase.firestore.core.MemoryComponentProvider$RemoteStoreCallback.handleRejectedWrite(MemoryComponentProvider.java:135)
	at com.google.firebase.firestore.remote.RemoteStore.handleWriteError(RemoteStore.java:750)
	at com.google.firebase.firestore.remote.RemoteStore.handleWriteStreamClose(RemoteStore.java:706)
	at com.google.firebase.firestore.remote.RemoteStore.access$600(RemoteStore.java:62)
	at com.google.firebase.firestore.remote.RemoteStore$2.onClose(RemoteStore.java:220)
	at com.google.firebase.firestore.remote.AbstractStream.close(AbstractStream.java:379)
	at com.google.firebase.firestore.remote.AbstractStream.handleServerClose(AbstractStream.java:433)
	at com.google.firebase.firestore.remote.AbstractStream$StreamObserver.lambda$onClose$3$com-google-firebase-firestore-remote-AbstractStream$StreamObserver(AbstractStream.java:160)
	at com.google.firebase.firestore.remote.AbstractStream$StreamObserver$$ExternalSyntheticLambda3.run(D8$$SyntheticClass:0)
	at com.google.firebase.firestore.remote.AbstractStream$CloseGuardedRunner.run(AbstractStream.java:67)
	at com.google.firebase.firestore.remote.AbstractStream$StreamObserver.onClose(AbstractStream.java:146)
	at com.google.firebase.firestore.remote.FirestoreChannel$1.onClose(FirestoreChannel.java:173)
	at io.grpc.internal.ClientCallImpl.closeObserver(ClientCallImpl.java:574)
	at io.grpc.internal.ClientCallImpl.access$300(ClientCallImpl.java:72)
	at io.grpc.internal.ClientCallImpl$ClientStreamListenerImpl$1StreamClosed.runInternal(ClientCallImpl.java:742)
	at io.grpc.internal.ClientCallImpl$ClientStreamListenerImpl$1StreamClosed.runInContext(ClientCallImpl.java:723)
	at io.grpc.internal.ContextRunnable.run(ContextRunnable.java:37)
	at io.grpc.internal.SerializingExecutor.run(SerializingExecutor.java:133)
	at java.util.concurrent.Executors$RunnableAdapter.call(Executors.java:520)
	at java.util.concurrent.FutureTask.run(FutureTask.java:328)
	at java.util.concurrent.ScheduledThreadPoolExecutor$ScheduledFutureTask.run(ScheduledThreadPoolExecutor.java:323)
	at java.util.concurrent.ThreadPoolExecutor.runWorker(ThreadPoolExecutor.java:1100)
	at java.util.concurrent.ThreadPoolExecutor$Worker.run(ThreadPoolExecutor.java:624)
	at com.google.firebase.firestore.util.AsyncQueue$SynchronizedShutdownAwareExecutor$DelayedStartFactory.run(AsyncQueue.java:235)
	at java.lang.Thread.run(Thread.java:1572)
Caused by: io.grpc.StatusException: PERMISSION_DENIED: Missing or insufficient permissions.
	at io.grpc.Status.asException(Status.java:541)
	at com.google.firebase.firestore.util.Util.exceptionFromStatus(Util.java:150)
	... 27 more

08-26 18:45:57.922 D PARKDIAG/Coord: ■ coordinator.invoke() EXITED — locationCount=0 completed=true
08-26 18:45:57.924 D PARKDIAG/Service:     ✓ coordinator returned NORMALLY
08-26 18:45:57.962 D PARKDIAG/StepCounter: cumulative steps read → 2772
08-26 18:45:57.981 D PARKDIAG/Service:   ⑊ honest close: aborted_false_enter stayed silent (too_close; pinDist=21m steps=null/null sessionSteps=11)
08-26 18:45:57.995 D PARKDIAG/StepCounter: cumulative steps read → 2772
08-26 18:45:58.003 D PARKDIAG/Service:     ■ job complete → DetectionEnded(startId=2) → intake
08-26 18:45:58.030 D PARKDIAG/Service:   ⏾ enterSentry(detection-ended) — resident, GPS off, re-arming departure wake [DET-RESIDENT-FGS-001]
08-26 18:45:58.052 D PARKDIAG/SigMotion: sync → armed=true
08-26 18:45:58.257 D PARKDIAG/OneFix: fix lat=36.6084437 lon=-6.2781423 speed=0.11345491m/s acc=8.979m age=0s
08-26 18:45:58.360 D PARKDIAG/StepCounter: cumulative steps read → 2772
08-26 18:45:58.378 D PARKDIAG/SafetyNet: [detection-end] geof=724147ef: sigues junto al coche (d=22m, radio 103m) → resello la referencia de pasos; la valla se re-registró hace 139min, no toca aún · geof=a786c135: sigues junto al coche (d=8m, radio 85m) → resello la referencia de pasos; la valla se re-registró hace 164min, no toca aún
08-26 18:46:09.048 D PARKDIAG/SigMotion: ▶ significant motion — SENTRY resident, direct wake [DET-RESIDENT-FGS-001]
08-26 18:46:09.079 D PARKDIAG/Service: ▶ onStartCommand action=io.apptolast.paparcar.ACTION_SENTRY_WAKE flags=0 startId=3
08-26 18:46:09.094 D PARKDIAG/Service:   ✓ startForeground done (locationPermission=true)
08-26 18:46:09.142 D PARKDIAG/Service:   → SENTRY_WAKE — significant motion on live process, arming Coordinator (Unverified) [DET-RESIDENT-FGS-001]
08-26 18:46:09.173 D PARKDIAG/Service:   ▶ startParkingDetection — launching coordinator (trigger=SIGNIFICANT_MOTION)
08-26 18:46:09.217 D PARKDIAG/Service:     ▶ detection coroutine entered, invoking coordinator
08-26 18:46:09.223 D PARKDIAG/Coord: ▶ coordinator.invoke() entry (armEvidence=self_observed) — calling reset()
08-26 18:46:09.224 D PARKDIAG/Coord:   → session-start dismiss PARKING_CONFIRMATION (savedConfirmAge=nullms, limit=900000ms)
08-26 18:46:12.363 D PARKDIAG/Coord: ─ loc#1 lat=36.6084215 lon=-6.2780716 speed=0.117774285m/s acc=14.669m sessionAge=3139ms
08-26 18:46:12.368 D PARKDIAG/Coord:   state hasEverMoved=false hasEverReachedDrivingSpeed=false userConfirmed=false vehicleExit=false stoppedSince=1787762772362 stoppedDur=0ms phase=Idle
08-26 18:46:12.372 D PARKDIAG/Coord:   ⏸ skipping: !hasEverReachedDrivingSpeed
08-26 18:46:20.101 D PARKDIAG/Coord: ─ loc#2 lat=36.6084175 lon=-6.2780615 speed=0.119185634m/s acc=25.333m sessionAge=10877ms
08-26 18:46:20.106 D PARKDIAG/Coord:   state hasEverMoved=false hasEverReachedDrivingSpeed=false userConfirmed=false vehicleExit=false stoppedSince=1787762772362 stoppedDur=7738ms phase=Idle
08-26 18:46:20.109 D PARKDIAG/Coord:   ⏸ skipping: !hasEverReachedDrivingSpeed
08-26 18:46:24.334 D PARKDIAG/Coord: ─ loc#3 lat=36.6083998 lon=-6.2780659 speed=0.1633722m/s acc=11.265m sessionAge=15110ms
08-26 18:46:24.338 D PARKDIAG/Coord:   state hasEverMoved=false hasEverReachedDrivingSpeed=false userConfirmed=false vehicleExit=false stoppedSince=1787762772362 stoppedDur=11971ms phase=Idle
08-26 18:46:24.342 D PARKDIAG/Coord:   ⏸ skipping: !hasEverReachedDrivingSpeed
08-26 18:46:25.489 D PARKDIAG/Coord:   ✦ step #1 (pre-drive, false-ENTER candidate)
08-26 18:46:26.125 D PARKDIAG/Coord:   ✦ step #2 (pre-drive, false-ENTER candidate)
08-26 18:46:26.625 D PARKDIAG/Coord: ─ loc#4 lat=36.6084003 lon=-6.278061 speed=0.37470382m/s acc=11.758m sessionAge=17402ms
08-26 18:46:26.626 D PARKDIAG/Coord:   state hasEverMoved=false hasEverReachedDrivingSpeed=false userConfirmed=false vehicleExit=false stoppedSince=1787762772362 stoppedDur=14263ms phase=Idle
08-26 18:46:26.627 D PARKDIAG/Coord:   ⏸ skipping: !hasEverReachedDrivingSpeed
08-26 18:46:26.685 D PARKDIAG/Coord:   ✦ step #3 (pre-drive, false-ENTER candidate)
08-26 18:46:27.206 D PARKDIAG/Coord:   ✦ step #4 (pre-drive, false-ENTER candidate)
08-26 18:46:27.785 D PARKDIAG/Coord:   ✦ step #5 (pre-drive, false-ENTER candidate)
08-26 18:46:28.607 D PARKDIAG/Coord:   ✦ step #6 (pre-drive, false-ENTER candidate)
08-26 18:46:28.889 D PARKDIAG/Coord:   ✦ step #7 (pre-drive, false-ENTER candidate)
08-26 18:46:28.958 D PARKDIAG/Coord: ─ loc#5 lat=36.6084009 lon=-6.2780785 speed=0.68318605m/s acc=11.596m sessionAge=19735ms
08-26 18:46:28.961 D PARKDIAG/Coord:   state hasEverMoved=false hasEverReachedDrivingSpeed=false userConfirmed=false vehicleExit=false stoppedSince=1787762772362 stoppedDur=16596ms phase=Idle
08-26 18:46:28.963 D PARKDIAG/Coord:   ⏸ skipping: !hasEverReachedDrivingSpeed
08-26 18:46:29.287 D PARKDIAG/Coord:   ✦ step #8 (pre-drive, false-ENTER candidate)
08-26 18:46:29.728 D PARKDIAG/Coord:   ✦ step #9 (pre-drive, false-ENTER candidate)
08-26 18:46:30.666 D PARKDIAG/Coord:   ✦ step #10 (pre-drive, false-ENTER candidate)
08-26 18:46:31.166 D PARKDIAG/Coord:   ✦ step #11 (pre-drive, false-ENTER candidate)
08-26 18:46:31.193 D PARKDIAG/Coord: ─ loc#6 lat=36.6084092 lon=-6.2781076 speed=1.0857006m/s acc=11.66m sessionAge=21969ms
08-26 18:46:31.197 D PARKDIAG/Coord:   state hasEverMoved=false hasEverReachedDrivingSpeed=false userConfirmed=false vehicleExit=false stoppedSince=null stoppedDur=0ms phase=Idle
08-26 18:46:31.199 D PARKDIAG/Coord:   ⊘ false-ENTER abort — 11 steps before driving speed [BUG-FALSE-ENTER-WALKING]
08-26 18:46:32.044 D PARKDIAG/Coord:   ✦ step #12 (pre-drive, false-ENTER candidate)
08-26 18:46:32.307 D PARKDIAG/Coord:   ✦ step #13 (pre-drive, false-ENTER candidate)
08-26 18:46:32.706 D PARKDIAG/Coord:   ✦ step #14 (pre-drive, false-ENTER candidate)
08-26 18:46:33.287 D PARKDIAG/Coord:   ✦ step #15 (pre-drive, false-ENTER candidate)
08-26 18:46:33.466 D PARKDIAG/Coord:   ✦ step #16 (pre-drive, false-ENTER candidate)
08-26 18:46:33.694 D PARKDIAG/Coord:   takeWhile=false — flow will end
08-26 18:46:34.534 W PARKDIAG/RetractDeducedDeparture: retract failed for spot=a786c135 — the short TTL still bounds it
  com.google.firebase.firestore.FirebaseFirestoreException: PERMISSION_DENIED: Missing or insufficient permissions.
	at com.google.firebase.firestore.util.Util.exceptionFromStatus(Util.java:152)
	at com.google.firebase.firestore.core.SyncEngine.notifyUser(SyncEngine.java:629)
	at com.google.firebase.firestore.core.SyncEngine.handleRejectedWrite(SyncEngine.java:511)
	at com.google.firebase.firestore.core.MemoryComponentProvider$RemoteStoreCallback.handleRejectedWrite(MemoryComponentProvider.java:135)
	at com.google.firebase.firestore.remote.RemoteStore.handleWriteError(RemoteStore.java:750)
	at com.google.firebase.firestore.remote.RemoteStore.handleWriteStreamClose(RemoteStore.java:706)
	at com.google.firebase.firestore.remote.RemoteStore.access$600(RemoteStore.java:62)
	at com.google.firebase.firestore.remote.RemoteStore$2.onClose(RemoteStore.java:220)
	at com.google.firebase.firestore.remote.AbstractStream.close(AbstractStream.java:379)
	at com.google.firebase.firestore.remote.AbstractStream.handleServerClose(AbstractStream.java:433)
	at com.google.firebase.firestore.remote.AbstractStream$StreamObserver.lambda$onClose$3$com-google-firebase-firestore-remote-AbstractStream$StreamObserver(AbstractStream.java:160)
	at com.google.firebase.firestore.remote.AbstractStream$StreamObserver$$ExternalSyntheticLambda3.run(D8$$SyntheticClass:0)
	at com.google.firebase.firestore.remote.AbstractStream$CloseGuardedRunner.run(AbstractStream.java:67)
	at com.google.firebase.firestore.remote.AbstractStream$StreamObserver.onClose(AbstractStream.java:146)
	at com.google.firebase.firestore.remote.FirestoreChannel$1.onClose(FirestoreChannel.java:173)
	at io.grpc.internal.ClientCallImpl.closeObserver(ClientCallImpl.java:574)
	at io.grpc.internal.ClientCallImpl.access$300(ClientCallImpl.java:72)
	at io.grpc.internal.ClientCallImpl$ClientStreamListenerImpl$1StreamClosed.runInternal(ClientCallImpl.java:742)
	at io.grpc.internal.ClientCallImpl$ClientStreamListenerImpl$1StreamClosed.runInContext(ClientCallImpl.java:723)
	at io.grpc.internal.ContextRunnable.run(ContextRunnable.java:37)
	at io.grpc.internal.SerializingExecutor.run(SerializingExecutor.java:133)
	at java.util.concurrent.Executors$RunnableAdapter.call(Executors.java:520)
	at java.util.concurrent.FutureTask.run(FutureTask.java:328)
	at java.util.concurrent.ScheduledThreadPoolExecutor$ScheduledFutureTask.run(ScheduledThreadPoolExecutor.java:323)
	at java.util.concurrent.ThreadPoolExecutor.runWorker(ThreadPoolExecutor.java:1100)
	at java.util.concurrent.ThreadPoolExecutor$Worker.run(ThreadPoolExecutor.java:624)
	at com.google.firebase.firestore.util.AsyncQueue$SynchronizedShutdownAwareExecutor$DelayedStartFactory.run(AsyncQueue.java:235)
	at java.lang.Thread.run(Thread.java:1572)
Caused by: io.grpc.StatusException: PERMISSION_DENIED: Missing or insufficient permissions.
	at io.grpc.Status.asException(Status.java:541)
	at com.google.firebase.firestore.util.Util.exceptionFromStatus(Util.java:150)
	... 27 more

08-26 18:46:34.538 D PARKDIAG/Coord: ■ coordinator.invoke() EXITED — locationCount=0 completed=true
08-26 18:46:34.540 D PARKDIAG/Service:     ✓ coordinator returned NORMALLY
08-26 18:46:34.566 D PARKDIAG/StepCounter: cumulative steps read → 2797
08-26 18:46:34.572 D PARKDIAG/Service:   ⑊ honest close: aborted_false_enter stayed silent (too_close; pinDist=26m steps=null/null sessionSteps=16)
08-26 18:46:34.581 D PARKDIAG/StepCounter: cumulative steps read → 2797
08-26 18:46:34.583 D PARKDIAG/Service:     ■ job complete → DetectionEnded(startId=3) → intake
08-26 18:46:34.608 D PARKDIAG/Service:   ⏾ enterSentry(detection-ended) — resident, GPS off, re-arming departure wake [DET-RESIDENT-FGS-001]
08-26 18:46:34.624 D PARKDIAG/SigMotion: sync → armed=true
08-26 18:46:34.724 D PARKDIAG/OneFix: fix lat=36.6084275 lon=-6.2781319 speed=1.1538081m/s acc=12.804m age=1s
08-26 18:46:34.759 D PARKDIAG/StepCounter: cumulative steps read → 2797
08-26 18:46:34.780 D PARKDIAG/SafetyNet: [detection-end] geof=724147ef: sigues junto al coche (d=24m, radio 103m) → resello la referencia de pasos; la valla se re-registró hace 140min, no toca aún · geof=a786c135: sigues junto al coche (d=6m, radio 85m) → resello la referencia de pasos; la valla se re-registró hace 164min, no toca aún
08-26 18:46:50.469 D PARKDIAG/SigMotion: ▶ significant motion — SENTRY resident, direct wake [DET-RESIDENT-FGS-001]
08-26 18:46:50.485 D PARKDIAG/Service: ▶ onStartCommand action=io.apptolast.paparcar.ACTION_SENTRY_WAKE flags=0 startId=4
08-26 18:46:50.491 D PARKDIAG/Service:   ✓ startForeground done (locationPermission=true)
08-26 18:46:50.515 D PARKDIAG/Service:   → SENTRY_WAKE — significant motion on live process, arming Coordinator (Unverified) [DET-RESIDENT-FGS-001]
08-26 18:46:50.538 D PARKDIAG/Service:   ▶ startParkingDetection — launching coordinator (trigger=SIGNIFICANT_MOTION)
08-26 18:46:50.574 D PARKDIAG/Service:     ▶ detection coroutine entered, invoking coordinator
08-26 18:46:50.580 D PARKDIAG/Coord: ▶ coordinator.invoke() entry (armEvidence=self_observed) — calling reset()
08-26 18:46:50.582 D PARKDIAG/Coord:   → session-start dismiss PARKING_CONFIRMATION (savedConfirmAge=nullms, limit=900000ms)
08-26 18:46:53.667 D PARKDIAG/Coord: ─ loc#1 lat=36.6084473 lon=-6.2781477 speed=0.0m/s acc=13.665m sessionAge=3086ms
08-26 18:46:53.673 D PARKDIAG/Coord:   state hasEverMoved=false hasEverReachedDrivingSpeed=false userConfirmed=false vehicleExit=false stoppedSince=1787762813666 stoppedDur=0ms phase=Idle
08-26 18:46:53.676 D PARKDIAG/Coord:   ⏸ skipping: !hasEverReachedDrivingSpeed
08-26 18:46:57.481 D PARKDIAG/Coord:   ✦ step #1 (pre-drive, false-ENTER candidate)
08-26 18:46:58.047 D PARKDIAG/Coord: ─ loc#2 lat=36.6084444 lon=-6.2781341 speed=0.50770974m/s acc=22.27m sessionAge=7465ms
08-26 18:46:58.051 D PARKDIAG/Coord:   state hasEverMoved=false hasEverReachedDrivingSpeed=false userConfirmed=false vehicleExit=false stoppedSince=1787762813666 stoppedDur=4379ms phase=Idle
08-26 18:46:58.054 D PARKDIAG/Coord:   ⏸ skipping: !hasEverReachedDrivingSpeed
08-26 18:47:00.143 D PARKDIAG/Coord: ─ loc#3 lat=36.6084491 lon=-6.2781375 speed=0.16269153m/s acc=22.339m sessionAge=9563ms
08-26 18:47:00.148 D PARKDIAG/Coord:   state hasEverMoved=false hasEverReachedDrivingSpeed=false userConfirmed=false vehicleExit=false stoppedSince=1787762813666 stoppedDur=6477ms phase=Idle
08-26 18:47:00.151 D PARKDIAG/Coord:   ⏸ skipping: !hasEverReachedDrivingSpeed
08-26 18:47:09.607 D PARKDIAG/Coord: ─ loc#4 lat=36.6084531 lon=-6.2781512 speed=0.10881569m/s acc=10.018m sessionAge=19026ms
08-26 18:47:09.610 D PARKDIAG/Coord:   state hasEverMoved=false hasEverReachedDrivingSpeed=false userConfirmed=false vehicleExit=false stoppedSince=1787762813666 stoppedDur=15940ms phase=Idle
08-26 18:47:09.613 D PARKDIAG/Coord:   ⏸ skipping: !hasEverReachedDrivingSpeed
08-26 18:47:17.633 D PARKDIAG/Coord: ─ loc#5 lat=36.6084508 lon=-6.278162 speed=0.07754571m/s acc=8.355m sessionAge=27053ms
08-26 18:47:17.636 D PARKDIAG/Coord:   state hasEverMoved=false hasEverReachedDrivingSpeed=false userConfirmed=false vehicleExit=false stoppedSince=1787762813666 stoppedDur=23967ms phase=Idle
08-26 18:47:17.638 D PARKDIAG/Coord:   ⏸ skipping: !hasEverReachedDrivingSpeed
08-26 18:47:20.918 D PARKDIAG/Coord: ─ loc#6 lat=36.6084551 lon=-6.2781603 speed=0.08030276m/s acc=7.537m sessionAge=30336ms
08-26 18:47:20.921 D PARKDIAG/Coord:   state hasEverMoved=false hasEverReachedDrivingSpeed=false userConfirmed=false vehicleExit=false stoppedSince=1787762813666 stoppedDur=27250ms phase=Idle
08-26 18:47:20.925 D PARKDIAG/Coord:   ⏸ skipping: !hasEverReachedDrivingSpeed
08-26 18:47:23.686 D PARKDIAG/Coord: ─ loc#7 lat=36.6084558 lon=-6.2781598 speed=0.08132102m/s acc=7.606m sessionAge=33105ms
08-26 18:47:23.688 D PARKDIAG/Coord:   state hasEverMoved=false hasEverReachedDrivingSpeed=false userConfirmed=false vehicleExit=false stoppedSince=1787762813666 stoppedDur=30019ms phase=Idle
08-26 18:47:23.690 D PARKDIAG/Coord:   ⏸ skipping: !hasEverReachedDrivingSpeed
08-26 18:47:25.606 D PARKDIAG/Coord: ─ loc#8 lat=36.6084558 lon=-6.2781598 speed=0.08178378m/s acc=7.646m sessionAge=35026ms
08-26 18:47:25.608 D PARKDIAG/Coord:   state hasEverMoved=false hasEverReachedDrivingSpeed=false userConfirmed=false vehicleExit=false stoppedSince=1787762813666 stoppedDur=31940ms phase=Idle
08-26 18:47:25.609 D PARKDIAG/Coord:   ⏸ skipping: !hasEverReachedDrivingSpeed
08-26 18:47:33.248 D PARKDIAG/Coord: ─ loc#9 lat=36.6084594 lon=-6.2781563 speed=0.07986909m/s acc=7.281m sessionAge=42667ms
08-26 18:47:33.252 D PARKDIAG/Coord:   state hasEverMoved=false hasEverReachedDrivingSpeed=false userConfirmed=false vehicleExit=false stoppedSince=1787762813666 stoppedDur=39581ms phase=Idle
08-26 18:47:33.255 D PARKDIAG/Coord:   ⏸ skipping: !hasEverReachedDrivingSpeed
08-26 18:47:38.213 D PARKDIAG/Coord: ─ loc#10 lat=36.6084556 lon=-6.278158 speed=0.19153781m/s acc=6.889m sessionAge=47632ms
08-26 18:47:38.214 D PARKDIAG/Coord:   state hasEverMoved=false hasEverReachedDrivingSpeed=false userConfirmed=false vehicleExit=false stoppedSince=1787762813666 stoppedDur=44546ms phase=Idle
08-26 18:47:38.215 D PARKDIAG/Coord:   ⏸ skipping: !hasEverReachedDrivingSpeed
08-26 18:47:41.605 D PARKDIAG/Coord: ─ loc#11 lat=36.6084559 lon=-6.2781583 speed=0.19421539m/s acc=6.762m sessionAge=51025ms
08-26 18:47:41.608 D PARKDIAG/Coord:   state hasEverMoved=false hasEverReachedDrivingSpeed=false userConfirmed=false vehicleExit=false stoppedSince=1787762813666 stoppedDur=47939ms phase=Idle
08-26 18:47:41.609 D PARKDIAG/Coord:   ⏸ skipping: !hasEverReachedDrivingSpeed
08-26 18:47:48.227 D PARKDIAG/Coord: ─ loc#12 lat=36.6084503 lon=-6.2781628 speed=0.15295601m/s acc=7.168m sessionAge=57646ms
08-26 18:47:48.231 D PARKDIAG/Coord:   state hasEverMoved=false hasEverReachedDrivingSpeed=false userConfirmed=false vehicleExit=false stoppedSince=1787762813666 stoppedDur=54560ms phase=Idle
08-26 18:47:48.234 D PARKDIAG/Coord:   ⏸ skipping: !hasEverReachedDrivingSpeed
08-26 18:47:53.230 D PARKDIAG/Coord: ─ loc#13 lat=36.6084477 lon=-6.2781666 speed=0.15977868m/s acc=7.451m sessionAge=62650ms
08-26 18:47:53.234 D PARKDIAG/Coord:   state hasEverMoved=false hasEverReachedDrivingSpeed=false userConfirmed=false vehicleExit=false stoppedSince=1787762813666 stoppedDur=59564ms phase=Idle
08-26 18:47:53.238 D PARKDIAG/Coord:   ⏸ skipping: !hasEverReachedDrivingSpeed
08-26 18:47:57.637 D PARKDIAG/Coord: ─ loc#14 lat=36.608442 lon=-6.2781711 speed=0.1332191m/s acc=7.183m sessionAge=67057ms
08-26 18:47:57.639 D PARKDIAG/Coord:   state hasEverMoved=false hasEverReachedDrivingSpeed=false userConfirmed=false vehicleExit=false stoppedSince=1787762813666 stoppedDur=63971ms phase=Idle
08-26 18:47:57.640 D PARKDIAG/Coord:   ⏸ skipping: !hasEverReachedDrivingSpeed
08-26 18:48:01.619 D PARKDIAG/Coord: ─ loc#15 lat=36.6084427 lon=-6.2781745 speed=0.14495021m/s acc=6.337m sessionAge=71038ms
08-26 18:48:01.623 D PARKDIAG/Coord:   state hasEverMoved=false hasEverReachedDrivingSpeed=false userConfirmed=false vehicleExit=false stoppedSince=1787762813666 stoppedDur=67952ms phase=Idle
08-26 18:48:01.626 D PARKDIAG/Coord:   ⏸ skipping: !hasEverReachedDrivingSpeed
08-26 18:48:05.485 D PARKDIAG/Coord: ─ loc#16 lat=36.6084407 lon=-6.2781794 speed=0.043785892m/s acc=6.764m sessionAge=74904ms
08-26 18:48:05.486 D PARKDIAG/Coord:   state hasEverMoved=false hasEverReachedDrivingSpeed=false userConfirmed=false vehicleExit=false stoppedSince=1787762813666 stoppedDur=71818ms phase=Idle
08-26 18:48:05.487 D PARKDIAG/Coord:   ⏸ skipping: !hasEverReachedDrivingSpeed
08-26 18:48:08.228 D PARKDIAG/Coord: ─ loc#17 lat=36.6084457 lon=-6.2781798 speed=0.13717413m/s acc=6.435m sessionAge=77648ms
08-26 18:48:08.231 D PARKDIAG/Coord:   state hasEverMoved=false hasEverReachedDrivingSpeed=false userConfirmed=false vehicleExit=false stoppedSince=1787762813666 stoppedDur=74562ms phase=Idle
08-26 18:48:08.234 D PARKDIAG/Coord:   ⏸ skipping: !hasEverReachedDrivingSpeed
08-26 18:48:13.205 D PARKDIAG/Coord: ─ loc#18 lat=36.6084441 lon=-6.2781815 speed=0.102623604m/s acc=6.528m sessionAge=82625ms
08-26 18:48:13.206 D PARKDIAG/Coord:   state hasEverMoved=false hasEverReachedDrivingSpeed=false userConfirmed=false vehicleExit=false stoppedSince=1787762813666 stoppedDur=79539ms phase=Idle
08-26 18:48:13.207 D PARKDIAG/Coord:   ⏸ skipping: !hasEverReachedDrivingSpeed
08-26 18:48:18.221 D PARKDIAG/Coord: ─ loc#19 lat=36.6084464 lon=-6.2781824 speed=0.1167887m/s acc=6.387m sessionAge=87640ms
08-26 18:48:18.225 D PARKDIAG/Coord:   state hasEverMoved=false hasEverReachedDrivingSpeed=false userConfirmed=false vehicleExit=false stoppedSince=1787762813666 stoppedDur=84554ms phase=Idle
08-26 18:48:18.227 D PARKDIAG/Coord:   ⏸ skipping: !hasEverReachedDrivingSpeed
08-26 18:48:21.579 D PARKDIAG/Coord: ─ loc#20 lat=36.6084399 lon=-6.278195 speed=0.030194666m/s acc=5.653m sessionAge=90998ms
08-26 18:48:21.581 D PARKDIAG/Coord:   state hasEverMoved=false hasEverReachedDrivingSpeed=false userConfirmed=false vehicleExit=false stoppedSince=1787762813666 stoppedDur=87912ms phase=Idle
08-26 18:48:21.584 D PARKDIAG/Coord:   ⏸ skipping: !hasEverReachedDrivingSpeed
08-26 18:48:28.216 D PARKDIAG/Coord: ─ loc#21 lat=36.6084346 lon=-6.2781998 speed=0.026534928m/s acc=4.869m sessionAge=97635ms
08-26 18:48:28.218 D PARKDIAG/Coord:   state hasEverMoved=false hasEverReachedDrivingSpeed=false userConfirmed=false vehicleExit=false stoppedSince=1787762813666 stoppedDur=94549ms phase=Idle
08-26 18:48:28.222 D PARKDIAG/Coord:   ⏸ skipping: !hasEverReachedDrivingSpeed
08-26 18:48:33.227 D PARKDIAG/Coord: ─ loc#22 lat=36.6084371 lon=-6.2782059 speed=0.022662343m/s acc=4.526m sessionAge=102647ms
08-26 18:48:33.232 D PARKDIAG/Coord:   state hasEverMoved=false hasEverReachedDrivingSpeed=false userConfirmed=false vehicleExit=false stoppedSince=1787762813666 stoppedDur=99561ms phase=Idle
08-26 18:48:33.234 D PARKDIAG/Coord:   ⏸ skipping: !hasEverReachedDrivingSpeed
08-26 18:48:37.549 D PARKDIAG/Coord: ─ loc#23 lat=36.6084351 lon=-6.278216 speed=0.03160233m/s acc=4.247m sessionAge=106969ms
08-26 18:48:37.552 D PARKDIAG/Coord:   state hasEverMoved=false hasEverReachedDrivingSpeed=false userConfirmed=false vehicleExit=false stoppedSince=1787762813666 stoppedDur=103883ms phase=Idle
08-26 18:48:37.555 D PARKDIAG/Coord:   ⏸ skipping: !hasEverReachedDrivingSpeed
08-26 18:48:43.215 D PARKDIAG/Coord: ─ loc#24 lat=36.6084302 lon=-6.2782229 speed=0.023502477m/s acc=3.721m sessionAge=112635ms
08-26 18:48:43.221 D PARKDIAG/Coord:   state hasEverMoved=false hasEverReachedDrivingSpeed=false userConfirmed=false vehicleExit=false stoppedSince=1787762813666 stoppedDur=109549ms phase=Idle
08-26 18:48:43.225 D PARKDIAG/Coord:   ⏸ skipping: !hasEverReachedDrivingSpeed
08-26 18:48:45.536 D PARKDIAG/Coord: ─ loc#25 lat=36.6084301 lon=-6.278223 speed=0.026311584m/s acc=3.642m sessionAge=114956ms
08-26 18:48:45.542 D PARKDIAG/Coord:   state hasEverMoved=false hasEverReachedDrivingSpeed=false userConfirmed=false vehicleExit=false stoppedSince=1787762813666 stoppedDur=111870ms phase=Idle
08-26 18:48:45.544 D PARKDIAG/Coord:   ⏸ skipping: !hasEverReachedDrivingSpeed
08-26 18:48:48.232 D PARKDIAG/Coord: ─ loc#26 lat=36.608429 lon=-6.2782238 speed=0.013619603m/s acc=3.567m sessionAge=117652ms
08-26 18:48:48.235 D PARKDIAG/Coord:   state hasEverMoved=false hasEverReachedDrivingSpeed=false userConfirmed=false vehicleExit=false stoppedSince=1787762813666 stoppedDur=114566ms phase=Idle
08-26 18:48:48.236 D PARKDIAG/Coord:   ⏸ skipping: !hasEverReachedDrivingSpeed
08-26 18:48:53.236 D PARKDIAG/Coord: ─ loc#27 lat=36.608429 lon=-6.2782239 speed=0.018599423m/s acc=3.472m sessionAge=122656ms
08-26 18:48:53.239 D PARKDIAG/Coord:   state hasEverMoved=false hasEverReachedDrivingSpeed=false userConfirmed=false vehicleExit=false stoppedSince=1787762813666 stoppedDur=119570ms phase=Idle
08-26 18:48:53.244 D PARKDIAG/Coord:   ⏸ skipping: !hasEverReachedDrivingSpeed
08-26 18:48:58.210 D PARKDIAG/Coord: ─ loc#28 lat=36.6084301 lon=-6.2782236 speed=0.06742944m/s acc=3.725m sessionAge=127629ms
08-26 18:48:58.211 D PARKDIAG/Coord:   state hasEverMoved=false hasEverReachedDrivingSpeed=false userConfirmed=false vehicleExit=false stoppedSince=1787762813666 stoppedDur=124543ms phase=Idle
08-26 18:48:58.213 D PARKDIAG/Coord:   ⏸ skipping: !hasEverReachedDrivingSpeed
08-26 18:49:01.509 D PARKDIAG/Coord: ─ loc#29 lat=36.6084327 lon=-6.2782267 speed=0.030357571m/s acc=3.799m sessionAge=130928ms
08-26 18:49:01.511 D PARKDIAG/Coord:   state hasEverMoved=false hasEverReachedDrivingSpeed=false userConfirmed=false vehicleExit=false stoppedSince=1787762813666 stoppedDur=127842ms phase=Idle
08-26 18:49:01.512 D PARKDIAG/Coord:   ⏸ skipping: !hasEverReachedDrivingSpeed
08-26 18:49:08.226 D PARKDIAG/Coord: ─ loc#30 lat=36.6084379 lon=-6.2782248 speed=0.025090897m/s acc=3.534m sessionAge=137646ms
08-26 18:49:08.230 D PARKDIAG/Coord:   state hasEverMoved=false hasEverReachedDrivingSpeed=false userConfirmed=false vehicleExit=false stoppedSince=1787762813666 stoppedDur=134560ms phase=Idle
08-26 18:49:08.233 D PARKDIAG/Coord:   ⏸ skipping: !hasEverReachedDrivingSpeed
08-26 18:49:13.233 D PARKDIAG/Coord: ─ loc#31 lat=36.6084397 lon=-6.278225 speed=0.027819691m/s acc=3.399m sessionAge=142653ms
08-26 18:49:13.236 D PARKDIAG/Coord:   state hasEverMoved=false hasEverReachedDrivingSpeed=false userConfirmed=false vehicleExit=false stoppedSince=1787762813666 stoppedDur=139567ms phase=Idle
08-26 18:49:13.239 D PARKDIAG/Coord:   ⏸ skipping: !hasEverReachedDrivingSpeed
08-26 18:49:17.490 D PARKDIAG/Coord: ─ loc#32 lat=36.608438 lon=-6.2782282 speed=0.022264771m/s acc=3.264m sessionAge=146909ms
08-26 18:49:17.492 D PARKDIAG/Coord:   state hasEverMoved=false hasEverReachedDrivingSpeed=false userConfirmed=false vehicleExit=false stoppedSince=1787762813666 stoppedDur=143823ms phase=Idle
08-26 18:49:17.495 D PARKDIAG/Coord:   ⏸ skipping: !hasEverReachedDrivingSpeed
08-26 18:49:23.228 D PARKDIAG/Coord: ─ loc#33 lat=36.6084363 lon=-6.2782273 speed=0.021902917m/s acc=3.079m sessionAge=152648ms
08-26 18:49:23.232 D PARKDIAG/Coord:   state hasEverMoved=false hasEverReachedDrivingSpeed=false userConfirmed=false vehicleExit=false stoppedSince=1787762813666 stoppedDur=149562ms phase=Idle
08-26 18:49:23.235 D PARKDIAG/Coord:   ⏸ skipping: !hasEverReachedDrivingSpeed
08-26 18:49:25.490 D PARKDIAG/Coord: ─ loc#34 lat=36.6084345 lon=-6.2782294 speed=0.025783513m/s acc=3.011m sessionAge=154910ms
08-26 18:49:25.493 D PARKDIAG/Coord:   state hasEverMoved=false hasEverReachedDrivingSpeed=false userConfirmed=false vehicleExit=false stoppedSince=1787762813666 stoppedDur=151824ms phase=Idle
08-26 18:49:25.496 D PARKDIAG/Coord:   ⏸ skipping: !hasEverReachedDrivingSpeed
08-26 18:49:28.212 D PARKDIAG/Coord: ─ loc#35 lat=36.6084355 lon=-6.2782272 speed=0.028708233m/s acc=3.007m sessionAge=157631ms
08-26 18:49:28.214 D PARKDIAG/Coord:   state hasEverMoved=false hasEverReachedDrivingSpeed=false userConfirmed=false vehicleExit=false stoppedSince=1787762813666 stoppedDur=154545ms phase=Idle
08-26 18:49:28.216 D PARKDIAG/Coord:   ⏸ skipping: !hasEverReachedDrivingSpeed
08-26 18:49:32.976 D PARKDIAG/Coord: ─ loc#36 lat=36.6084339 lon=-6.2782297 speed=0.031213526m/s acc=3.0m sessionAge=162396ms
08-26 18:49:32.979 D PARKDIAG/Coord:   state hasEverMoved=false hasEverReachedDrivingSpeed=false userConfirmed=false vehicleExit=false stoppedSince=1787762813666 stoppedDur=159310ms phase=Idle
08-26 18:49:32.983 D PARKDIAG/Coord:   ⏸ skipping: !hasEverReachedDrivingSpeed
08-26 18:49:34.089 D PARKDIAG/ExactNet: ⏰ exact net DISARMED — no parked session to watch
08-26 18:49:34.090 D PARKDIAG/SafetyNet: ■ detection running — skipping check
08-26 18:49:38.252 D PARKDIAG/Coord: ─ loc#37 lat=36.6084338 lon=-6.2782288 speed=0.049712777m/s acc=3.058m sessionAge=167672ms
08-26 18:49:38.255 D PARKDIAG/Coord:   state hasEverMoved=false hasEverReachedDrivingSpeed=false userConfirmed=false vehicleExit=false stoppedSince=1787762813666 stoppedDur=164586ms phase=Idle
08-26 18:49:38.258 D PARKDIAG/Coord:   ⏸ skipping: !hasEverReachedDrivingSpeed
08-26 18:49:41.459 D PARKDIAG/Coord: ─ loc#38 lat=36.6084335 lon=-6.2782284 speed=0.072595574m/s acc=3.272m sessionAge=170879ms
08-26 18:49:41.462 D PARKDIAG/Coord:   state hasEverMoved=false hasEverReachedDrivingSpeed=false userConfirmed=false vehicleExit=false stoppedSince=1787762813666 stoppedDur=167793ms phase=Idle
08-26 18:49:41.464 D PARKDIAG/Coord:   ⏸ skipping: !hasEverReachedDrivingSpeed
08-26 18:49:43.240 D PARKDIAG/Coord: ─ loc#39 lat=36.6084344 lon=-6.2782248 speed=0.0740249m/s acc=3.36m sessionAge=172659ms
08-26 18:49:43.242 D PARKDIAG/Coord:   state hasEverMoved=false hasEverReachedDrivingSpeed=false userConfirmed=false vehicleExit=false stoppedSince=1787762813666 stoppedDur=169573ms phase=Idle
08-26 18:49:43.245 D PARKDIAG/Coord:   ⏸ skipping: !hasEverReachedDrivingSpeed
08-26 18:49:48.223 D PARKDIAG/Coord: ─ loc#40 lat=36.6084357 lon=-6.278227 speed=0.021203343m/s acc=3.363m sessionAge=177643ms
08-26 18:49:48.224 D PARKDIAG/Coord:   state hasEverMoved=false hasEverReachedDrivingSpeed=false userConfirmed=false vehicleExit=false stoppedSince=1787762813666 stoppedDur=174557ms phase=Idle
08-26 18:49:48.225 D PARKDIAG/Coord:   ⏸ skipping: !hasEverReachedDrivingSpeed
08-26 18:49:53.220 D PARKDIAG/Coord: ─ loc#41 lat=36.608438 lon=-6.2782242 speed=0.02734446m/s acc=3.231m sessionAge=182639ms
08-26 18:49:53.223 D PARKDIAG/Coord:   state hasEverMoved=false hasEverReachedDrivingSpeed=false userConfirmed=false vehicleExit=false stoppedSince=1787762813666 stoppedDur=179553ms phase=Idle
08-26 18:49:53.226 D PARKDIAG/Coord:   ⏸ skipping: !hasEverReachedDrivingSpeed
08-26 18:49:57.383 D PARKDIAG/Coord: ─ loc#42 lat=36.6084375 lon=-6.2782265 speed=0.028193634m/s acc=3.176m sessionAge=186802ms
08-26 18:49:57.387 D PARKDIAG/Coord:   state hasEverMoved=false hasEverReachedDrivingSpeed=false userConfirmed=false vehicleExit=false stoppedSince=1787762813666 stoppedDur=183716ms phase=Idle
08-26 18:49:57.390 D PARKDIAG/Coord:   ⏸ skipping: !hasEverReachedDrivingSpeed
08-26 18:50:03.230 D PARKDIAG/Coord: ─ loc#43 lat=36.608437 lon=-6.278226 speed=0.028501462m/s acc=3.001m sessionAge=192649ms
08-26 18:50:03.235 D PARKDIAG/Coord:   state hasEverMoved=false hasEverReachedDrivingSpeed=false userConfirmed=false vehicleExit=false stoppedSince=1787762813666 stoppedDur=189563ms phase=Idle
08-26 18:50:03.241 D PARKDIAG/Coord:   ⏸ skipping: !hasEverReachedDrivingSpeed
08-26 18:50:05.212 D PARKDIAG/Coord: ─ loc#44 lat=36.6084365 lon=-6.2782272 speed=0.02359066m/s acc=3.0m sessionAge=194631ms
08-26 18:50:05.215 D PARKDIAG/Coord:   state hasEverMoved=false hasEverReachedDrivingSpeed=false userConfirmed=false vehicleExit=false stoppedSince=1787762813666 stoppedDur=191545ms phase=Idle
08-26 18:50:05.217 D PARKDIAG/Coord:   ⏸ skipping: !hasEverReachedDrivingSpeed
08-26 18:50:05.631 D PARKDIAG/Coord:   ✦ step #2 (pre-drive, false-ENTER candidate)
08-26 18:50:06.133 D PARKDIAG/Coord:   ✦ step #3 (pre-drive, false-ENTER candidate)
08-26 18:50:06.649 D PARKDIAG/Coord:   ✦ step #4 (pre-drive, false-ENTER candidate)
08-26 18:50:07.122 D PARKDIAG/Coord: ─ loc#45 lat=36.6084367 lon=-6.2782256 speed=0.06308008m/s acc=3.0m sessionAge=196541ms
08-26 18:50:07.124 D PARKDIAG/Coord:   state hasEverMoved=false hasEverReachedDrivingSpeed=false userConfirmed=false vehicleExit=false stoppedSince=1787762813666 stoppedDur=193455ms phase=Idle
08-26 18:50:07.126 D PARKDIAG/Coord:   ⏸ skipping: !hasEverReachedDrivingSpeed
08-26 18:50:07.190 D PARKDIAG/Coord:   ✦ step #5 (pre-drive, false-ENTER candidate)
08-26 18:50:11.554 D PARKDIAG/Coord: ─ loc#46 lat=36.6084407 lon=-6.2782289 speed=0.09045911m/s acc=3.149m sessionAge=200973ms
08-26 18:50:11.557 D PARKDIAG/Coord:   state hasEverMoved=false hasEverReachedDrivingSpeed=false userConfirmed=false vehicleExit=false stoppedSince=1787762813666 stoppedDur=197887ms phase=Idle
08-26 18:50:11.559 D PARKDIAG/Coord:   ⏸ skipping: !hasEverReachedDrivingSpeed
08-26 18:50:13.398 D PARKDIAG/Coord: ─ loc#47 lat=36.6084412 lon=-6.2782292 speed=0.100070804m/s acc=3.303m sessionAge=202818ms
08-26 18:50:13.402 D PARKDIAG/Coord:   state hasEverMoved=false hasEverReachedDrivingSpeed=false userConfirmed=false vehicleExit=false stoppedSince=1787762813666 stoppedDur=199732ms phase=Idle
08-26 18:50:13.410 D PARKDIAG/Coord:   ⏸ skipping: !hasEverReachedDrivingSpeed
08-26 18:50:21.333 D PARKDIAG/Coord: ─ loc#48 lat=36.6084468 lon=-6.2782205 speed=0.15139088m/s acc=5.492m sessionAge=210753ms
08-26 18:50:21.335 D PARKDIAG/Coord:   state hasEverMoved=false hasEverReachedDrivingSpeed=false userConfirmed=false vehicleExit=false stoppedSince=1787762813666 stoppedDur=207667ms phase=Idle
08-26 18:50:21.338 D PARKDIAG/Coord:   ⏸ skipping: !hasEverReachedDrivingSpeed
08-26 18:50:29.336 D PARKDIAG/Coord: ─ loc#49 lat=36.6084489 lon=-6.27821 speed=0.08508728m/s acc=6.121m sessionAge=218756ms
08-26 18:50:29.337 D PARKDIAG/Coord:   state hasEverMoved=false hasEverReachedDrivingSpeed=false userConfirmed=false vehicleExit=false stoppedSince=1787762813666 stoppedDur=215670ms phase=Idle
08-26 18:50:29.338 D PARKDIAG/Coord:   ⏸ skipping: !hasEverReachedDrivingSpeed
08-26 18:50:37.313 D PARKDIAG/Coord: ─ loc#50 lat=36.6084536 lon=-6.2781956 speed=0.08776029m/s acc=6.048m sessionAge=226733ms
08-26 18:50:37.314 D PARKDIAG/Coord:   state hasEverMoved=false hasEverReachedDrivingSpeed=false userConfirmed=false vehicleExit=false stoppedSince=1787762813666 stoppedDur=223647ms phase=Idle
08-26 18:50:37.315 D PARKDIAG/Coord:   ⏸ skipping: !hasEverReachedDrivingSpeed
08-26 18:50:45.304 D PARKDIAG/Coord: ─ loc#51 lat=36.608454 lon=-6.2781852 speed=0.087674186m/s acc=6.357m sessionAge=234724ms
08-26 18:50:45.307 D PARKDIAG/Coord:   state hasEverMoved=false hasEverReachedDrivingSpeed=false userConfirmed=false vehicleExit=false stoppedSince=1787762813666 stoppedDur=231638ms phase=Idle
08-26 18:50:45.309 D PARKDIAG/Coord:   ⏸ skipping: !hasEverReachedDrivingSpeed
08-26 18:50:48.984 D PARKDIAG/Coord: ─ loc#52 lat=36.6084566 lon=-6.2781801 speed=0.08670596m/s acc=6.12m sessionAge=238403ms
08-26 18:50:48.987 D PARKDIAG/Coord:   state hasEverMoved=false hasEverReachedDrivingSpeed=false userConfirmed=false vehicleExit=false stoppedSince=1787762813666 stoppedDur=235317ms phase=Idle
08-26 18:50:48.990 D PARKDIAG/Coord:   ⏸ skipping: !hasEverReachedDrivingSpeed
08-26 18:50:50.449 D PARKDIAG/Coord:   ✦ step #6 (pre-drive, false-ENTER candidate)
08-26 18:50:51.115 D PARKDIAG/Coord:   ✦ step #7 (pre-drive, false-ENTER candidate)
08-26 18:50:51.618 D PARKDIAG/Coord: ─ loc#53 lat=36.6084559 lon=-6.278181 speed=0.086481914m/s acc=6.019m sessionAge=241037ms
08-26 18:50:51.619 D PARKDIAG/Coord:   state hasEverMoved=false hasEverReachedDrivingSpeed=false userConfirmed=false vehicleExit=false stoppedSince=1787762813666 stoppedDur=237951ms phase=Idle
08-26 18:50:51.622 D PARKDIAG/Coord:   ⚑ no-movement guard hit after 241037ms (budget=240000ms staleExitDelivery=false recentCreep=4m jamExtended=false) → completed=true
08-26 18:50:51.889 D PARKDIAG/Coord:   ✦ step #8 (pre-drive, false-ENTER candidate)
08-26 18:50:52.255 D PARKDIAG/Coord:   ✦ step #9 (pre-drive, false-ENTER candidate)
08-26 18:50:52.611 D PARKDIAG/Coord:   ✦ step #10 (pre-drive, false-ENTER candidate)
08-26 18:50:53.188 D PARKDIAG/Coord:   ✦ step #11 (pre-drive, false-ENTER candidate)
08-26 18:50:53.549 D PARKDIAG/Coord:   ✦ step #12 (pre-drive, false-ENTER candidate)
08-26 18:50:53.694 D PARKDIAG/Coord:   takeWhile=false — flow will end
08-26 18:50:53.863 W PARKDIAG/RetractDeducedDeparture: retract failed for spot=a786c135 — the short TTL still bounds it
  com.google.firebase.firestore.FirebaseFirestoreException: PERMISSION_DENIED: Missing or insufficient permissions.
	at com.google.firebase.firestore.util.Util.exceptionFromStatus(Util.java:152)
	at com.google.firebase.firestore.core.SyncEngine.notifyUser(SyncEngine.java:629)
	at com.google.firebase.firestore.core.SyncEngine.handleRejectedWrite(SyncEngine.java:511)
	at com.google.firebase.firestore.core.MemoryComponentProvider$RemoteStoreCallback.handleRejectedWrite(MemoryComponentProvider.java:135)
	at com.google.firebase.firestore.remote.RemoteStore.handleWriteError(RemoteStore.java:750)
	at com.google.firebase.firestore.remote.RemoteStore.handleWriteStreamClose(RemoteStore.java:706)
	at com.google.firebase.firestore.remote.RemoteStore.access$600(RemoteStore.java:62)
	at com.google.firebase.firestore.remote.RemoteStore$2.onClose(RemoteStore.java:220)
	at com.google.firebase.firestore.remote.AbstractStream.close(AbstractStream.java:379)
	at com.google.firebase.firestore.remote.AbstractStream.handleServerClose(AbstractStream.java:433)
	at com.google.firebase.firestore.remote.AbstractStream$StreamObserver.lambda$onClose$3$com-google-firebase-firestore-remote-AbstractStream$StreamObserver(AbstractStream.java:160)
	at com.google.firebase.firestore.remote.AbstractStream$StreamObserver$$ExternalSyntheticLambda3.run(D8$$SyntheticClass:0)
	at com.google.firebase.firestore.remote.AbstractStream$CloseGuardedRunner.run(AbstractStream.java:67)
	at com.google.firebase.firestore.remote.AbstractStream$StreamObserver.onClose(AbstractStream.java:146)
	at com.google.firebase.firestore.remote.FirestoreChannel$1.onClose(FirestoreChannel.java:173)
	at io.grpc.internal.ClientCallImpl.closeObserver(ClientCallImpl.java:574)
	at io.grpc.internal.ClientCallImpl.access$300(ClientCallImpl.java:72)
	at io.grpc.internal.ClientCallImpl$ClientStreamListenerImpl$1StreamClosed.runInternal(ClientCallImpl.java:742)
	at io.grpc.internal.ClientCallImpl$ClientStreamListenerImpl$1StreamClosed.runInContext(ClientCallImpl.java:723)
	at io.grpc.internal.ContextRunnable.run(ContextRunnable.java:37)
	at io.grpc.internal.SerializingExecutor.run(SerializingExecutor.java:133)
	at java.util.concurrent.Executors$RunnableAdapter.call(Executors.java:520)
	at java.util.concurrent.FutureTask.run(FutureTask.java:328)
	at java.util.concurrent.ScheduledThreadPoolExecutor$ScheduledFutureTask.run(ScheduledThreadPoolExecutor.java:323)
	at java.util.concurrent.ThreadPoolExecutor.runWorker(ThreadPoolExecutor.java:1100)
	at java.util.concurrent.ThreadPoolExecutor$Worker.run(ThreadPoolExecutor.java:624)
	at com.google.firebase.firestore.util.AsyncQueue$SynchronizedShutdownAwareExecutor$DelayedStartFactory.run(AsyncQueue.java:235)
	at java.lang.Thread.run(Thread.java:1572)
Caused by: io.grpc.StatusException: PERMISSION_DENIED: Missing or insufficient permissions.
	at io.grpc.Status.asException(Status.java:541)
	at com.google.firebase.firestore.util.Util.exceptionFromStatus(Util.java:150)
	... 27 more

08-26 18:50:53.870 D PARKDIAG/Coord: ■ coordinator.invoke() EXITED — locationCount=0 completed=true
08-26 18:50:53.870 D PARKDIAG/Service:     ✓ coordinator returned NORMALLY
08-26 18:50:53.889 D PARKDIAG/StepCounter: cumulative steps read → 2810
08-26 18:50:53.896 D PARKDIAG/Service:   ⑊ honest close: aborted_no_movement stayed silent (too_close; pinDist=20m steps=null/null sessionSteps=12)
08-26 18:50:53.907 D PARKDIAG/StepCounter: cumulative steps read → 2810
08-26 18:50:53.916 D PARKDIAG/Service:     ■ job complete → DetectionEnded(startId=4) → intake
08-26 18:50:53.932 D PARKDIAG/SigMotion: re-arm cooldown for 180s — walking-abort storm damper [DET-SENTRY-COOLDOWN-001]
08-26 18:50:53.934 D PARKDIAG/Service:   ⏸ sentry-wake abort streak=3 → re-arm cooldown 180s [DET-SENTRY-COOLDOWN-001]
08-26 18:50:53.942 D PARKDIAG/Service:   ⏾ enterSentry(detection-ended) — resident, GPS off, re-arming departure wake [DET-RESIDENT-FGS-001]
08-26 18:50:53.955 D PARKDIAG/SigMotion: sync → arming in CHEAP-TRIAGE mode, quiet period 179s left [DET-CHEAP-WAKE-INSTEAD-OF-SILENCE-001]
08-26 18:50:53.963 D PARKDIAG/SigMotion: sync → armed=true
08-26 18:50:54.033 D PARKDIAG/ExactNet: ⏰ exact net ARMED (exact=true, every 5 min)
08-26 18:50:54.045 D PARKDIAG/OneFix: fix lat=36.6084523 lon=-6.278176 speed=0.16773814m/s acc=5.912m age=0s
08-26 18:50:54.103 D PARKDIAG/StepCounter: cumulative steps read → 2810
08-26 18:50:54.113 D PARKDIAG/SafetyNet: [detection-end] geof=724147ef: sigues junto al coche (d=21m, radio 103m) → resello la referencia de pasos; la valla se re-registró hace 144min, no toca aún · geof=a786c135: sigues junto al coche (d=10m, radio 85m) → resello la referencia de pasos; la valla se re-registró hace 168min, no toca aún
08-26 18:53:08.853 D PARKDIAG/SigMotion: ▶ significant motion — SENTRY resident, CHEAP triage (quiet period) [DET-CHEAP-WAKE-INSTEAD-OF-SILENCE-001]
08-26 18:53:08.875 D PARKDIAG/Service: ▶ onStartCommand action=io.apptolast.paparcar.ACTION_SENTRY_WAKE flags=0 startId=5
08-26 18:53:08.888 D PARKDIAG/Service:   ✓ startForeground done (locationPermission=true)
08-26 18:53:08.932 D PARKDIAG/OneFix: fix lat=36.6084601 lon=-6.278158 speed=0.01137003m/s acc=7.1m age=22s
08-26 18:53:08.985 D PARKDIAG/Service:   ⏱ cheap wake triage → STAY_QUIET (speed=0km/h acc=7m) [DET-CHEAP-WAKE-INSTEAD-OF-SILENCE-001]
08-26 18:53:09.002 D PARKDIAG/Service:   ⏾ enterSentry(post-ACTION_SENTRY_WAKE) — resident, GPS off, re-arming departure wake [DET-RESIDENT-FGS-001]
08-26 18:53:09.013 D PARKDIAG/SigMotion: sync → arming in CHEAP-TRIAGE mode, quiet period 44s left [DET-CHEAP-WAKE-INSTEAD-OF-SILENCE-001]
08-26 18:53:09.023 D PARKDIAG/SigMotion: sync → armed=true
08-26 18:53:09.121 D PARKDIAG/OneFix: fix lat=36.6084601 lon=-6.278158 speed=0.01137003m/s acc=7.1m age=22s
08-26 18:53:09.155 D PARKDIAG/StepCounter: cumulative steps read → 2829
08-26 18:53:09.177 D PARKDIAG/SafetyNet: [detection-end] geof=724147ef: sigues junto al coche (d=20m, radio 103m) → resello la referencia de pasos; la valla se re-registró hace 147min, no toca aún · geof=a786c135: sigues junto al coche (d=10m, radio 85m) → resello la referencia de pasos; la valla se re-registró hace 171min, no toca aún
08-26 18:53:16.667 D PARKDIAG/SigMotion: ▶ significant motion — SENTRY resident, CHEAP triage (quiet period) [DET-CHEAP-WAKE-INSTEAD-OF-SILENCE-001]
08-26 18:53:16.687 D PARKDIAG/Service: ▶ onStartCommand action=io.apptolast.paparcar.ACTION_SENTRY_WAKE flags=0 startId=6
08-26 18:53:16.695 D PARKDIAG/Service:   ✓ startForeground done (locationPermission=true)
08-26 18:53:16.725 D PARKDIAG/Service:   ⊘ cheap wake — triaged 7s ago, under the 60s floor [DET-CHEAP-WAKE-INSTEAD-OF-SILENCE-001]
08-26 18:53:16.750 D PARKDIAG/Service:   ⏾ enterSentry(post-ACTION_SENTRY_WAKE) — resident, GPS off, re-arming departure wake [DET-RESIDENT-FGS-001]
08-26 18:53:16.764 D PARKDIAG/SigMotion: sync → arming in CHEAP-TRIAGE mode, quiet period 37s left [DET-CHEAP-WAKE-INSTEAD-OF-SILENCE-001]
08-26 18:53:16.775 D PARKDIAG/SigMotion: sync → armed=true
08-26 18:53:16.928 D PARKDIAG/OneFix: fix lat=36.60846 lon=-6.2781583 speed=0.0m/s acc=40.136m age=7s
08-26 18:53:16.982 D PARKDIAG/StepCounter: cumulative steps read → 2845
08-26 18:53:17.000 D PARKDIAG/SafetyNet: [detection-end] geof=724147ef: sigues junto al coche (d=20m, radio 103m) → resello la referencia de pasos; la valla se re-registró hace 147min, no toca aún · geof=a786c135: sigues junto al coche (d=10m, radio 85m) → resello la referencia de pasos; la valla se re-registró hace 171min, no toca aún
08-26 18:53:25.483 D PARKDIAG/SigMotion: ▶ significant motion — SENTRY resident, CHEAP triage (quiet period) [DET-CHEAP-WAKE-INSTEAD-OF-SILENCE-001]
08-26 18:53:25.503 D PARKDIAG/Service: ▶ onStartCommand action=io.apptolast.paparcar.ACTION_SENTRY_WAKE flags=0 startId=7
08-26 18:53:25.510 D PARKDIAG/Service:   ✓ startForeground done (locationPermission=true)
08-26 18:53:25.536 D PARKDIAG/Service:   ⊘ cheap wake — triaged 16s ago, under the 60s floor [DET-CHEAP-WAKE-INSTEAD-OF-SILENCE-001]
08-26 18:53:25.558 D PARKDIAG/Service:   ⏾ enterSentry(post-ACTION_SENTRY_WAKE) — resident, GPS off, re-arming departure wake [DET-RESIDENT-FGS-001]
08-26 18:53:25.572 D PARKDIAG/SigMotion: sync → arming in CHEAP-TRIAGE mode, quiet period 28s left [DET-CHEAP-WAKE-INSTEAD-OF-SILENCE-001]
08-26 18:53:25.586 D PARKDIAG/SigMotion: sync → armed=true
08-26 18:53:25.744 D PARKDIAG/OneFix: fix lat=36.60846 lon=-6.2781583 speed=0.0m/s acc=40.136m age=16s
08-26 18:53:25.786 D PARKDIAG/StepCounter: cumulative steps read → 2857
08-26 18:53:25.799 D PARKDIAG/SafetyNet: [detection-end] geof=724147ef: sigues junto al coche (d=20m, radio 103m) → resello la referencia de pasos; la valla se re-registró hace 147min, no toca aún · geof=a786c135: sigues junto al coche (d=10m, radio 85m) → resello la referencia de pasos; la valla se re-registró hace 171min, no toca aún
08-26 18:53:35.012 D PARKDIAG/SigMotion: ▶ significant motion — SENTRY resident, CHEAP triage (quiet period) [DET-CHEAP-WAKE-INSTEAD-OF-SILENCE-001]
08-26 18:53:35.034 D PARKDIAG/Service: ▶ onStartCommand action=io.apptolast.paparcar.ACTION_SENTRY_WAKE flags=0 startId=8
08-26 18:53:35.041 D PARKDIAG/Service:   ✓ startForeground done (locationPermission=true)
08-26 18:53:35.063 D PARKDIAG/Service:   ⊘ cheap wake — triaged 26s ago, under the 60s floor [DET-CHEAP-WAKE-INSTEAD-OF-SILENCE-001]
08-26 18:53:35.086 D PARKDIAG/Service:   ⏾ enterSentry(post-ACTION_SENTRY_WAKE) — resident, GPS off, re-arming departure wake [DET-RESIDENT-FGS-001]
08-26 18:53:35.098 D PARKDIAG/SigMotion: sync → arming in CHEAP-TRIAGE mode, quiet period 18s left [DET-CHEAP-WAKE-INSTEAD-OF-SILENCE-001]
08-26 18:53:35.111 D PARKDIAG/SigMotion: sync → armed=true
08-26 18:53:35.260 D PARKDIAG/OneFix: fix lat=36.60846 lon=-6.2781583 speed=0.0m/s acc=40.136m age=26s
08-26 18:53:35.286 D PARKDIAG/StepCounter: cumulative steps read → 2860
08-26 18:53:35.304 D PARKDIAG/SafetyNet: [detection-end] geof=724147ef: sigues junto al coche (d=20m, radio 103m) → resello la referencia de pasos; la valla se re-registró hace 147min, no toca aún · geof=a786c135: sigues junto al coche (d=10m, radio 85m) → resello la referencia de pasos; la valla se re-registró hace 171min, no toca aún
08-26 18:54:36.941 D PARKDIAG/SigMotion: ▶ significant motion — SENTRY resident, direct wake [DET-RESIDENT-FGS-001]
08-26 18:54:36.958 D PARKDIAG/Service: ▶ onStartCommand action=io.apptolast.paparcar.ACTION_SENTRY_WAKE flags=0 startId=9
08-26 18:54:36.967 D PARKDIAG/Service:   ✓ startForeground done (locationPermission=true)
08-26 18:54:36.988 D PARKDIAG/Service:   → SENTRY_WAKE — significant motion on live process, arming Coordinator (Unverified) [DET-RESIDENT-FGS-001]
08-26 18:54:37.009 D PARKDIAG/Service:   ▶ startParkingDetection — launching coordinator (trigger=SIGNIFICANT_MOTION)
08-26 18:54:37.046 D PARKDIAG/Service:     ▶ detection coroutine entered, invoking coordinator
08-26 18:54:37.052 D PARKDIAG/Coord: ▶ coordinator.invoke() entry (armEvidence=self_observed) — calling reset()
08-26 18:54:37.053 D PARKDIAG/Coord:   → session-start dismiss PARKING_CONFIRMATION (savedConfirmAge=nullms, limit=900000ms)
08-26 18:54:45.752 D PARKDIAG/Coord:   ✦ step #1 (pre-drive, false-ENTER candidate)
08-26 18:54:46.349 D PARKDIAG/Coord:   ✦ step #2 (pre-drive, false-ENTER candidate)
08-26 18:54:46.446 D PARKDIAG/Coord: ─ loc#1 lat=36.6084061 lon=-6.278158 speed=0.0m/s acc=12.939m sessionAge=9394ms
08-26 18:54:46.451 D PARKDIAG/Coord:   state hasEverMoved=false hasEverReachedDrivingSpeed=false userConfirmed=false vehicleExit=false stoppedSince=1787763286446 stoppedDur=0ms phase=Idle
08-26 18:54:46.454 D PARKDIAG/Coord:   ⏸ skipping: !hasEverReachedDrivingSpeed
08-26 18:54:46.743 D PARKDIAG/Coord:   ✦ step #3 (pre-drive, false-ENTER candidate)
08-26 18:54:47.308 D PARKDIAG/Coord:   ✦ step #4 (pre-drive, false-ENTER candidate)
08-26 18:54:48.069 D PARKDIAG/Coord:   ✦ step #5 (pre-drive, false-ENTER candidate)
08-26 18:54:48.749 D PARKDIAG/Coord:   ✦ step #6 (pre-drive, false-ENTER candidate)
08-26 18:54:49.248 D PARKDIAG/Coord:   ✦ step #7 (pre-drive, false-ENTER candidate)
08-26 18:54:49.568 D PARKDIAG/Coord:   ✦ step #8 (pre-drive, false-ENTER candidate)
08-26 18:54:49.967 D PARKDIAG/Coord:   ✦ step #9 (pre-drive, false-ENTER candidate)
08-26 18:54:50.449 D PARKDIAG/Coord:   ✦ step #10 (pre-drive, false-ENTER candidate)
08-26 18:54:53.617 D PARKDIAG/Coord: ─ loc#2 lat=36.6084129 lon=-6.2781604 speed=0.6763846m/s acc=20.875m sessionAge=16564ms
08-26 18:54:53.624 D PARKDIAG/Coord:   state hasEverMoved=false hasEverReachedDrivingSpeed=false userConfirmed=false vehicleExit=false stoppedSince=1787763286446 stoppedDur=7170ms phase=Idle
08-26 18:54:53.626 D PARKDIAG/Coord:   ⊘ false-ENTER abort — 10 steps before driving speed [BUG-FALSE-ENTER-WALKING]
08-26 18:55:00.739 D PARKDIAG/Coord:   takeWhile=false — flow will end
08-26 18:55:01.506 W PARKDIAG/RetractDeducedDeparture: retract failed for spot=a786c135 — the short TTL still bounds it
  com.google.firebase.firestore.FirebaseFirestoreException: PERMISSION_DENIED: Missing or insufficient permissions.
	at com.google.firebase.firestore.util.Util.exceptionFromStatus(Util.java:152)
	at com.google.firebase.firestore.core.SyncEngine.notifyUser(SyncEngine.java:629)
	at com.google.firebase.firestore.core.SyncEngine.handleRejectedWrite(SyncEngine.java:511)
	at com.google.firebase.firestore.core.MemoryComponentProvider$RemoteStoreCallback.handleRejectedWrite(MemoryComponentProvider.java:135)
	at com.google.firebase.firestore.remote.RemoteStore.handleWriteError(RemoteStore.java:750)
	at com.google.firebase.firestore.remote.RemoteStore.handleWriteStreamClose(RemoteStore.java:706)
	at com.google.firebase.firestore.remote.RemoteStore.access$600(RemoteStore.java:62)
	at com.google.firebase.firestore.remote.RemoteStore$2.onClose(RemoteStore.java:220)
	at com.google.firebase.firestore.remote.AbstractStream.close(AbstractStream.java:379)
	at com.google.firebase.firestore.remote.AbstractStream.handleServerClose(AbstractStream.java:433)
	at com.google.firebase.firestore.remote.AbstractStream$StreamObserver.lambda$onClose$3$com-google-firebase-firestore-remote-AbstractStream$StreamObserver(AbstractStream.java:160)
	at com.google.firebase.firestore.remote.AbstractStream$StreamObserver$$ExternalSyntheticLambda3.run(D8$$SyntheticClass:0)
	at com.google.firebase.firestore.remote.AbstractStream$CloseGuardedRunner.run(AbstractStream.java:67)
	at com.google.firebase.firestore.remote.AbstractStream$StreamObserver.onClose(AbstractStream.java:146)
	at com.google.firebase.firestore.remote.FirestoreChannel$1.onClose(FirestoreChannel.java:173)
	at io.grpc.internal.ClientCallImpl.closeObserver(ClientCallImpl.java:574)
	at io.grpc.internal.ClientCallImpl.access$300(ClientCallImpl.java:72)
	at io.grpc.internal.ClientCallImpl$ClientStreamListenerImpl$1StreamClosed.runInternal(ClientCallImpl.java:742)
	at io.grpc.internal.ClientCallImpl$ClientStreamListenerImpl$1StreamClosed.runInContext(ClientCallImpl.java:723)
	at io.grpc.internal.ContextRunnable.run(ContextRunnable.java:37)
	at io.grpc.internal.SerializingExecutor.run(SerializingExecutor.java:133)
	at java.util.concurrent.Executors$RunnableAdapter.call(Executors.java:520)
	at java.util.concurrent.FutureTask.run(FutureTask.java:328)
	at java.util.concurrent.ScheduledThreadPoolExecutor$ScheduledFutureTask.run(ScheduledThreadPoolExecutor.java:323)
	at java.util.concurrent.ThreadPoolExecutor.runWorker(ThreadPoolExecutor.java:1100)
	at java.util.concurrent.ThreadPoolExecutor$Worker.run(ThreadPoolExecutor.java:624)
	at com.google.firebase.firestore.util.AsyncQueue$SynchronizedShutdownAwareExecutor$DelayedStartFactory.run(AsyncQueue.java:235)
	at java.lang.Thread.run(Thread.java:1572)
Caused by: io.grpc.StatusException: PERMISSION_DENIED: Missing or insufficient permissions.
	at io.grpc.Status.asException(Status.java:541)
	at com.google.firebase.firestore.util.Util.exceptionFromStatus(Util.java:150)
	... 27 more

08-26 18:55:01.509 D PARKDIAG/Coord: ■ coordinator.invoke() EXITED — locationCount=0 completed=true
08-26 18:55:01.510 D PARKDIAG/Service:     ✓ coordinator returned NORMALLY
08-26 18:55:01.537 D PARKDIAG/StepCounter: cumulative steps read → 2903
08-26 18:55:01.543 D PARKDIAG/Service:   ⑊ honest close: aborted_false_enter stayed silent (too_close; pinDist=25m steps=null/null sessionSteps=10)
08-26 18:55:01.559 D PARKDIAG/StepCounter: cumulative steps read → 2903
08-26 18:55:01.569 D PARKDIAG/Service:     ■ job complete → DetectionEnded(startId=9) → intake
08-26 18:55:01.585 D PARKDIAG/SigMotion: re-arm cooldown for 360s — walking-abort storm damper [DET-SENTRY-COOLDOWN-001]
08-26 18:55:01.586 D PARKDIAG/Service:   ⏸ sentry-wake abort streak=4 → re-arm cooldown 360s [DET-SENTRY-COOLDOWN-001]
08-26 18:55:01.599 D PARKDIAG/Service:   ⏾ enterSentry(detection-ended) — resident, GPS off, re-arming departure wake [DET-RESIDENT-FGS-001]
08-26 18:55:01.609 D PARKDIAG/SigMotion: sync → arming in CHEAP-TRIAGE mode, quiet period 359s left [DET-CHEAP-WAKE-INSTEAD-OF-SILENCE-001]
08-26 18:55:01.620 D PARKDIAG/SigMotion: sync → armed=true
08-26 18:55:01.760 D PARKDIAG/OneFix: fix lat=36.6084192 lon=-6.2781574 speed=0.076139085m/s acc=8.826m age=1s
08-26 18:55:01.831 D PARKDIAG/StepCounter: cumulative steps read → 2903
08-26 18:55:01.850 D PARKDIAG/SafetyNet: [detection-end] geof=724147ef: sigues junto al coche (d=24m, radio 103m) → resello la referencia de pasos; la valla se re-registró hace 148min, no toca aún · geof=a786c135: sigues junto al coche (d=6m, radio 85m) → resello la referencia de pasos; la valla se re-registró hace 173min, no toca aún
08-26 18:55:16.788 D PARKDIAG/SigMotion: ▶ significant motion — SENTRY resident, CHEAP triage (quiet period) [DET-CHEAP-WAKE-INSTEAD-OF-SILENCE-001]
08-26 18:55:16.811 D PARKDIAG/Service: ▶ onStartCommand action=io.apptolast.paparcar.ACTION_SENTRY_WAKE flags=0 startId=10
08-26 18:55:16.817 D PARKDIAG/Service:   ✓ startForeground done (locationPermission=true)
08-26 18:55:16.857 D PARKDIAG/OneFix: fix lat=36.6084192 lon=-6.2781574 speed=0.076139085m/s acc=8.826m age=16s
08-26 18:55:16.888 D PARKDIAG/Service:   ⏱ cheap wake triage → STAY_QUIET (speed=0km/h acc=8m) [DET-CHEAP-WAKE-INSTEAD-OF-SILENCE-001]
08-26 18:55:16.906 D PARKDIAG/Service:   ⏾ enterSentry(post-ACTION_SENTRY_WAKE) — resident, GPS off, re-arming departure wake [DET-RESIDENT-FGS-001]
08-26 18:55:16.922 D PARKDIAG/SigMotion: sync → arming in CHEAP-TRIAGE mode, quiet period 344s left [DET-CHEAP-WAKE-INSTEAD-OF-SILENCE-001]
08-26 18:55:16.936 D PARKDIAG/SigMotion: sync → armed=true
08-26 18:55:17.071 D PARKDIAG/OneFix: fix lat=36.6084192 lon=-6.2781574 speed=0.076139085m/s acc=8.826m age=16s
08-26 18:55:17.116 D PARKDIAG/StepCounter: cumulative steps read → 2913
08-26 18:55:17.133 D PARKDIAG/SafetyNet: [detection-end] geof=724147ef: sigues junto al coche (d=24m, radio 103m) → resello la referencia de pasos; la valla se re-registró hace 149min, no toca aún · geof=a786c135: sigues junto al coche (d=6m, radio 85m) → resello la referencia de pasos; la valla se re-registró hace 173min, no toca aún
08-26 18:55:25.719 D PARKDIAG/SigMotion: ▶ significant motion — SENTRY resident, CHEAP triage (quiet period) [DET-CHEAP-WAKE-INSTEAD-OF-SILENCE-001]
08-26 18:55:25.735 D PARKDIAG/Service: ▶ onStartCommand action=io.apptolast.paparcar.ACTION_SENTRY_WAKE flags=0 startId=11
08-26 18:55:25.744 D PARKDIAG/Service:   ✓ startForeground done (locationPermission=true)
08-26 18:55:25.765 D PARKDIAG/Service:   ⊘ cheap wake — triaged 8s ago, under the 60s floor [DET-CHEAP-WAKE-INSTEAD-OF-SILENCE-001]
08-26 18:55:25.786 D PARKDIAG/Service:   ⏾ enterSentry(post-ACTION_SENTRY_WAKE) — resident, GPS off, re-arming departure wake [DET-RESIDENT-FGS-001]
08-26 18:55:25.798 D PARKDIAG/SigMotion: sync → arming in CHEAP-TRIAGE mode, quiet period 335s left [DET-CHEAP-WAKE-INSTEAD-OF-SILENCE-001]
08-26 18:55:25.810 D PARKDIAG/SigMotion: sync → armed=true
08-26 18:55:25.952 D PARKDIAG/OneFix: fix lat=36.6084192 lon=-6.2781574 speed=0.076139085m/s acc=8.826m age=25s
08-26 18:55:25.987 D PARKDIAG/StepCounter: cumulative steps read → 2931
08-26 18:55:26.005 D PARKDIAG/SafetyNet: [detection-end] geof=724147ef: sigues junto al coche (d=24m, radio 103m) → resello la referencia de pasos; la valla se re-registró hace 149min, no toca aún · geof=a786c135: sigues junto al coche (d=6m, radio 85m) → resello la referencia de pasos; la valla se re-registró hace 173min, no toca aún
08-26 18:55:34.617 D PARKDIAG/SigMotion: ▶ significant motion — SENTRY resident, CHEAP triage (quiet period) [DET-CHEAP-WAKE-INSTEAD-OF-SILENCE-001]
08-26 18:55:34.641 D PARKDIAG/Service: ▶ onStartCommand action=io.apptolast.paparcar.ACTION_SENTRY_WAKE flags=0 startId=12
08-26 18:55:34.650 D PARKDIAG/Service:   ✓ startForeground done (locationPermission=true)
08-26 18:55:34.675 D PARKDIAG/Service:   ⊘ cheap wake — triaged 17s ago, under the 60s floor [DET-CHEAP-WAKE-INSTEAD-OF-SILENCE-001]
08-26 18:55:34.698 D PARKDIAG/Service:   ⏾ enterSentry(post-ACTION_SENTRY_WAKE) — resident, GPS off, re-arming departure wake [DET-RESIDENT-FGS-001]
08-26 18:55:34.713 D PARKDIAG/SigMotion: sync → arming in CHEAP-TRIAGE mode, quiet period 326s left [DET-CHEAP-WAKE-INSTEAD-OF-SILENCE-001]
08-26 18:55:34.725 D PARKDIAG/SigMotion: sync → armed=true
08-26 18:55:39.999 D PARKDIAG/OneFix: fix lat=36.6084201 lon=-6.2781624 speed=0.0m/s acc=65.968m age=5s
08-26 18:55:40.050 D PARKDIAG/StepCounter: cumulative steps read → 2947
08-26 18:55:40.067 D PARKDIAG/SafetyNet: [detection-end] geof=724147ef: sigues junto al coche (d=24m, radio 103m) → resello la referencia de pasos; la valla se re-registró hace 149min, no toca aún · geof=a786c135: sigues junto al coche (d=6m, radio 85m) → resello la referencia de pasos; la valla se re-registró hace 173min, no toca aún
08-26 18:56:08.290 D PARKDIAG/SigMotion: ▶ significant motion — SENTRY resident, CHEAP triage (quiet period) [DET-CHEAP-WAKE-INSTEAD-OF-SILENCE-001]
08-26 18:56:08.313 D PARKDIAG/Service: ▶ onStartCommand action=io.apptolast.paparcar.ACTION_SENTRY_WAKE flags=0 startId=13
08-26 18:56:08.324 D PARKDIAG/Service:   ✓ startForeground done (locationPermission=true)
08-26 18:56:08.345 D PARKDIAG/Service:   ⊘ cheap wake — triaged 51s ago, under the 60s floor [DET-CHEAP-WAKE-INSTEAD-OF-SILENCE-001]
08-26 18:56:08.366 D PARKDIAG/Service:   ⏾ enterSentry(post-ACTION_SENTRY_WAKE) — resident, GPS off, re-arming departure wake [DET-RESIDENT-FGS-001]
08-26 18:56:08.377 D PARKDIAG/SigMotion: sync → arming in CHEAP-TRIAGE mode, quiet period 293s left [DET-CHEAP-WAKE-INSTEAD-OF-SILENCE-001]
08-26 18:56:08.388 D PARKDIAG/SigMotion: sync → armed=true
08-26 18:56:13.588 D PARKDIAG/OneFix: fix lat=36.6106154 lon=-6.2712869 speed=0.0m/s acc=600.0m age=5s
08-26 18:56:13.650 D PARKDIAG/StepCounter: cumulative steps read → 2972
08-26 18:56:13.668 D PARKDIAG/SafetyNet: [detection-end] geof=724147ef: distancia ambigua (d=651m, ni junto al coche ni claramente lejos) → solo apunto la posición, no decido nada · geof=a786c135: distancia ambigua (d=660m, ni junto al coche ni claramente lejos) → solo apunto la posición, no decido nada
08-26 18:56:16.554 D PARKDIAG/SigMotion: ▶ significant motion — SENTRY resident, CHEAP triage (quiet period) [DET-CHEAP-WAKE-INSTEAD-OF-SILENCE-001]
08-26 18:56:16.567 D PARKDIAG/Service: ▶ onStartCommand action=io.apptolast.paparcar.ACTION_SENTRY_WAKE flags=0 startId=14
08-26 18:56:16.572 D PARKDIAG/Service:   ✓ startForeground done (locationPermission=true)
08-26 18:56:16.587 D PARKDIAG/Service:   ⊘ cheap wake — triaged 59s ago, under the 60s floor [DET-CHEAP-WAKE-INSTEAD-OF-SILENCE-001]
08-26 18:56:16.604 D PARKDIAG/Service:   ⏾ enterSentry(post-ACTION_SENTRY_WAKE) — resident, GPS off, re-arming departure wake [DET-RESIDENT-FGS-001]
08-26 18:56:16.615 D PARKDIAG/SigMotion: sync → arming in CHEAP-TRIAGE mode, quiet period 284s left [DET-CHEAP-WAKE-INSTEAD-OF-SILENCE-001]
08-26 18:56:16.624 D PARKDIAG/SigMotion: sync → armed=true
08-26 18:56:16.783 D PARKDIAG/OneFix: fix lat=36.6084524 lon=-6.2781384 speed=0.0m/s acc=13.182m age=1s
08-26 18:56:16.821 D PARKDIAG/StepCounter: cumulative steps read → 2979
08-26 18:56:16.842 D PARKDIAG/SafetyNet: [detection-end] geof=724147ef: sigues junto al coche (d=21m, radio 103m) → resello la referencia de pasos; la valla se re-registró hace 150min, no toca aún · geof=a786c135: sigues junto al coche (d=9m, radio 85m) → resello la referencia de pasos; la valla se re-registró hace 174min, no toca aún
08-26 18:56:44.569 D PARKDIAG/SigMotion: ▶ significant motion — SENTRY resident, CHEAP triage (quiet period) [DET-CHEAP-WAKE-INSTEAD-OF-SILENCE-001]
08-26 18:56:44.583 D PARKDIAG/Service: ▶ onStartCommand action=io.apptolast.paparcar.ACTION_SENTRY_WAKE flags=0 startId=15
08-26 18:56:44.591 D PARKDIAG/Service:   ✓ startForeground done (locationPermission=true)
08-26 18:56:44.624 D PARKDIAG/OneFix: fix lat=36.6084517 lon=-6.27816 speed=0.0m/s acc=7.3m age=9s
08-26 18:56:44.668 D PARKDIAG/Service:   ⏱ cheap wake triage → STAY_QUIET (speed=0km/h acc=7m) [DET-CHEAP-WAKE-INSTEAD-OF-SILENCE-001]
08-26 18:56:44.686 D PARKDIAG/Service:   ⏾ enterSentry(post-ACTION_SENTRY_WAKE) — resident, GPS off, re-arming departure wake [DET-RESIDENT-FGS-001]
08-26 18:56:44.699 D PARKDIAG/SigMotion: sync → arming in CHEAP-TRIAGE mode, quiet period 256s left [DET-CHEAP-WAKE-INSTEAD-OF-SILENCE-001]
08-26 18:56:44.714 D PARKDIAG/SigMotion: sync → armed=true
08-26 18:56:44.843 D PARKDIAG/OneFix: fix lat=36.6084517 lon=-6.27816 speed=0.0m/s acc=7.3m age=9s
08-26 18:56:44.882 D PARKDIAG/StepCounter: cumulative steps read → 2991
08-26 18:56:44.902 D PARKDIAG/SafetyNet: [detection-end] geof=724147ef: sigues junto al coche (d=21m, radio 103m) → resello la referencia de pasos; la valla se re-registró hace 150min, no toca aún · geof=a786c135: sigues junto al coche (d=9m, radio 85m) → resello la referencia de pasos; la valla se re-registró hace 174min, no toca aún
08-26 18:58:00.862 D PARKDIAG/SigMotion: ▶ significant motion — SENTRY resident, CHEAP triage (quiet period) [DET-CHEAP-WAKE-INSTEAD-OF-SILENCE-001]
08-26 18:58:00.888 D PARKDIAG/Service: ▶ onStartCommand action=io.apptolast.paparcar.ACTION_SENTRY_WAKE flags=0 startId=16
08-26 18:58:00.900 D PARKDIAG/Service:   ✓ startForeground done (locationPermission=true)
08-26 18:58:00.952 D PARKDIAG/OneFix: fix lat=36.60842 lon=-6.27814 speed=0.0m/s acc=8.7m age=1s
08-26 18:58:00.979 D PARKDIAG/Service:   ⏱ cheap wake triage → STAY_QUIET (speed=0km/h acc=8m) [DET-CHEAP-WAKE-INSTEAD-OF-SILENCE-001]
08-26 18:58:00.993 D PARKDIAG/Service:   ⏾ enterSentry(post-ACTION_SENTRY_WAKE) — resident, GPS off, re-arming departure wake [DET-RESIDENT-FGS-001]
08-26 18:58:01.011 D PARKDIAG/SigMotion: sync → arming in CHEAP-TRIAGE mode, quiet period 180s left [DET-CHEAP-WAKE-INSTEAD-OF-SILENCE-001]
08-26 18:58:01.019 D PARKDIAG/SigMotion: sync → armed=true
08-26 18:58:01.146 D PARKDIAG/OneFix: fix lat=36.60842 lon=-6.27814 speed=0.0m/s acc=8.7m age=2s
08-26 18:58:01.184 D PARKDIAG/StepCounter: cumulative steps read → 3005
08-26 18:58:01.197 D PARKDIAG/SafetyNet: [detection-end] geof=724147ef: sigues junto al coche (d=24m, radio 103m) → resello la referencia de pasos; la valla se re-registró hace 151min, no toca aún · geof=a786c135: sigues junto al coche (d=5m, radio 85m) → resello la referencia de pasos; la valla se re-registró hace 176min, no toca aún
08-26 19:02:53.898 D PARKDIAG/SigMotion: ▶ significant motion — SENTRY resident, direct wake [DET-RESIDENT-FGS-001]
08-26 19:02:53.935 D PARKDIAG/Service: ▶ onStartCommand action=io.apptolast.paparcar.ACTION_SENTRY_WAKE flags=0 startId=17
08-26 19:02:53.954 D PARKDIAG/Service:   ✓ startForeground done (locationPermission=true)
08-26 19:02:54.011 D PARKDIAG/Service:   → SENTRY_WAKE — significant motion on live process, arming Coordinator (Unverified) [DET-RESIDENT-FGS-001]
08-26 19:02:54.051 D PARKDIAG/Service:   ▶ startParkingDetection — launching coordinator (trigger=SIGNIFICANT_MOTION)
08-26 19:02:54.103 D PARKDIAG/Service:     ▶ detection coroutine entered, invoking coordinator
08-26 19:02:54.110 D PARKDIAG/Coord: ▶ coordinator.invoke() entry (armEvidence=self_observed) — calling reset()
08-26 19:02:54.112 D PARKDIAG/Coord:   → session-start dismiss PARKING_CONFIRMATION (savedConfirmAge=nullms, limit=900000ms)
08-26 19:02:57.879 D PARKDIAG/Coord:   ✦ step #1 (pre-drive, false-ENTER candidate)
08-26 19:02:58.319 D PARKDIAG/Coord:   ✦ step #2 (pre-drive, false-ENTER candidate)
08-26 19:02:58.900 D PARKDIAG/Coord:   ✦ step #3 (pre-drive, false-ENTER candidate)
08-26 19:03:00.201 D PARKDIAG/Coord:   ✦ step #4 (pre-drive, false-ENTER candidate)
08-26 19:03:00.752 D PARKDIAG/Coord:   ✦ step #5 (pre-drive, false-ENTER candidate)
08-26 19:03:01.356 D PARKDIAG/Coord:   ✦ step #6 (pre-drive, false-ENTER candidate)
08-26 19:03:01.676 D PARKDIAG/Coord:   ✦ step #7 (pre-drive, false-ENTER candidate)
08-26 19:03:02.359 D PARKDIAG/Coord:   ✦ step #8 (pre-drive, false-ENTER candidate)
08-26 19:03:02.840 D PARKDIAG/Coord:   ✦ step #9 (pre-drive, false-ENTER candidate)
08-26 19:03:03.360 D PARKDIAG/Coord:   ✦ step #10 (pre-drive, false-ENTER candidate)
08-26 19:03:04.019 D PARKDIAG/Coord:   ✦ step #11 (pre-drive, false-ENTER candidate)
08-26 19:03:04.459 D PARKDIAG/Coord: ─ loc#1 lat=36.6084699 lon=-6.2781609 speed=0.30851704m/s acc=11.484m sessionAge=10349ms
08-26 19:03:04.463 D PARKDIAG/Coord:   state hasEverMoved=false hasEverReachedDrivingSpeed=false userConfirmed=false vehicleExit=false stoppedSince=1787763784458 stoppedDur=0ms phase=Idle
08-26 19:03:04.470 D PARKDIAG/Coord:   ⊘ false-ENTER abort — 11 steps before driving speed [BUG-FALSE-ENTER-WALKING]
08-26 19:03:09.936 D PARKDIAG/Coord:   takeWhile=false — flow will end
08-26 19:03:10.316 W PARKDIAG/RetractDeducedDeparture: retract failed for spot=a786c135 — the short TTL still bounds it
  com.google.firebase.firestore.FirebaseFirestoreException: PERMISSION_DENIED: Missing or insufficient permissions.
	at com.google.firebase.firestore.util.Util.exceptionFromStatus(Util.java:152)
	at com.google.firebase.firestore.core.SyncEngine.notifyUser(SyncEngine.java:629)
	at com.google.firebase.firestore.core.SyncEngine.handleRejectedWrite(SyncEngine.java:511)
	at com.google.firebase.firestore.core.MemoryComponentProvider$RemoteStoreCallback.handleRejectedWrite(MemoryComponentProvider.java:135)
	at com.google.firebase.firestore.remote.RemoteStore.handleWriteError(RemoteStore.java:750)
	at com.google.firebase.firestore.remote.RemoteStore.handleWriteStreamClose(RemoteStore.java:706)
	at com.google.firebase.firestore.remote.RemoteStore.access$600(RemoteStore.java:62)
	at com.google.firebase.firestore.remote.RemoteStore$2.onClose(RemoteStore.java:220)
	at com.google.firebase.firestore.remote.AbstractStream.close(AbstractStream.java:379)
	at com.google.firebase.firestore.remote.AbstractStream.handleServerClose(AbstractStream.java:433)
	at com.google.firebase.firestore.remote.AbstractStream$StreamObserver.lambda$onClose$3$com-google-firebase-firestore-remote-AbstractStream$StreamObserver(AbstractStream.java:160)
	at com.google.firebase.firestore.remote.AbstractStream$StreamObserver$$ExternalSyntheticLambda3.run(D8$$SyntheticClass:0)
	at com.google.firebase.firestore.remote.AbstractStream$CloseGuardedRunner.run(AbstractStream.java:67)
	at com.google.firebase.firestore.remote.AbstractStream$StreamObserver.onClose(AbstractStream.java:146)
	at com.google.firebase.firestore.remote.FirestoreChannel$1.onClose(FirestoreChannel.java:173)
	at io.grpc.internal.ClientCallImpl.closeObserver(ClientCallImpl.java:574)
	at io.grpc.internal.ClientCallImpl.access$300(ClientCallImpl.java:72)
	at io.grpc.internal.ClientCallImpl$ClientStreamListenerImpl$1StreamClosed.runInternal(ClientCallImpl.java:742)
	at io.grpc.internal.ClientCallImpl$ClientStreamListenerImpl$1StreamClosed.runInContext(ClientCallImpl.java:723)
	at io.grpc.internal.ContextRunnable.run(ContextRunnable.java:37)
	at io.grpc.internal.SerializingExecutor.run(SerializingExecutor.java:133)
	at java.util.concurrent.Executors$RunnableAdapter.call(Executors.java:520)
	at java.util.concurrent.FutureTask.run(FutureTask.java:328)
	at java.util.concurrent.ScheduledThreadPoolExecutor$ScheduledFutureTask.run(ScheduledThreadPoolExecutor.java:323)
	at java.util.concurrent.ThreadPoolExecutor.runWorker(ThreadPoolExecutor.java:1100)
	at java.util.concurrent.ThreadPoolExecutor$Worker.run(ThreadPoolExecutor.java:624)
	at com.google.firebase.firestore.util.AsyncQueue$SynchronizedShutdownAwareExecutor$DelayedStartFactory.run(AsyncQueue.java:235)
	at java.lang.Thread.run(Thread.java:1572)
Caused by: io.grpc.StatusException: PERMISSION_DENIED: Missing or insufficient permissions.
	at io.grpc.Status.asException(Status.java:541)
	at com.google.firebase.firestore.util.Util.exceptionFromStatus(Util.java:150)
	... 27 more

08-26 19:03:10.324 D PARKDIAG/Coord: ■ coordinator.invoke() EXITED — locationCount=0 completed=true
08-26 19:03:10.327 D PARKDIAG/Service:     ✓ coordinator returned NORMALLY
08-26 19:03:10.375 D PARKDIAG/StepCounter: cumulative steps read → 3054
08-26 19:03:10.386 D PARKDIAG/Service:   ⑊ honest close: aborted_false_enter stayed silent (too_close; pinDist=19m steps=null/null sessionSteps=11)
08-26 19:03:10.401 D PARKDIAG/StepCounter: cumulative steps read → 3054
08-26 19:03:10.409 D PARKDIAG/Service:     ■ job complete → DetectionEnded(startId=17) → intake
08-26 19:03:10.426 D PARKDIAG/SigMotion: re-arm cooldown for 720s — walking-abort storm damper [DET-SENTRY-COOLDOWN-001]
08-26 19:03:10.427 D PARKDIAG/Service:   ⏸ sentry-wake abort streak=5 → re-arm cooldown 720s [DET-SENTRY-COOLDOWN-001]
08-26 19:03:10.439 D PARKDIAG/Service:   ⏾ enterSentry(detection-ended) — resident, GPS off, re-arming departure wake [DET-RESIDENT-FGS-001]
08-26 19:03:10.456 D PARKDIAG/SigMotion: sync → arming in CHEAP-TRIAGE mode, quiet period 719s left [DET-CHEAP-WAKE-INSTEAD-OF-SILENCE-001]
08-26 19:03:10.476 D PARKDIAG/SigMotion: sync → armed=true
08-26 19:03:10.697 D PARKDIAG/OneFix: fix lat=36.6084704 lon=-6.2781499 speed=0.13794822m/s acc=18.29m age=0s
08-26 19:03:10.778 D PARKDIAG/StepCounter: cumulative steps read → 3054
08-26 19:03:10.797 D PARKDIAG/SafetyNet: [detection-end] geof=724147ef: sigues junto al coche (d=19m, radio 103m) → resello la referencia de pasos; la valla se re-registró hace 157min, no toca aún · geof=a786c135: sigues junto al coche (d=11m, radio 85m) → resello la referencia de pasos; la valla se re-registró hace 181min, no toca aún
08-26 19:03:39.961 D PARKDIAG/SigMotion: ▶ significant motion — SENTRY resident, CHEAP triage (quiet period) [DET-CHEAP-WAKE-INSTEAD-OF-SILENCE-001]
08-26 19:03:39.993 D PARKDIAG/Service: ▶ onStartCommand action=io.apptolast.paparcar.ACTION_SENTRY_WAKE flags=0 startId=18
08-26 19:03:40.010 D PARKDIAG/Service:   ✓ startForeground done (locationPermission=true)
08-26 19:03:40.099 D PARKDIAG/OneFix: fix lat=36.6084433 lon=-6.2782317 speed=0.0m/s acc=11.3m age=13s
08-26 19:03:40.150 D PARKDIAG/Service:   ⏱ cheap wake triage → STAY_QUIET (speed=0km/h acc=11m) [DET-CHEAP-WAKE-INSTEAD-OF-SILENCE-001]
08-26 19:03:40.176 D PARKDIAG/Service:   ⏾ enterSentry(post-ACTION_SENTRY_WAKE) — resident, GPS off, re-arming departure wake [DET-RESIDENT-FGS-001]
08-26 19:03:40.215 D PARKDIAG/SigMotion: sync → arming in CHEAP-TRIAGE mode, quiet period 690s left [DET-CHEAP-WAKE-INSTEAD-OF-SILENCE-001]
08-26 19:03:40.234 D PARKDIAG/SigMotion: sync → armed=true
08-26 19:03:40.378 D PARKDIAG/OneFix: fix lat=36.6084433 lon=-6.2782317 speed=0.0m/s acc=11.3m age=14s
08-26 19:03:40.427 D PARKDIAG/StepCounter: cumulative steps read → 3054
08-26 19:03:40.471 D PARKDIAG/SafetyNet: [detection-end] geof=724147ef: sigues junto al coche (d=23m, radio 103m) → resello la referencia de pasos; la valla se re-registró hace 157min, no toca aún · geof=a786c135: sigues junto al coche (d=11m, radio 85m) → resello la referencia de pasos; la valla se re-registró hace 181min, no toca aún
08-26 19:03:55.411 D PARKDIAG/SigMotion: ▶ significant motion — SENTRY resident, CHEAP triage (quiet period) [DET-CHEAP-WAKE-INSTEAD-OF-SILENCE-001]
08-26 19:03:55.443 D PARKDIAG/Service: ▶ onStartCommand action=io.apptolast.paparcar.ACTION_SENTRY_WAKE flags=0 startId=19
08-26 19:03:55.458 D PARKDIAG/Service:   ✓ startForeground done (locationPermission=true)
08-26 19:03:55.514 D PARKDIAG/Service:   ⊘ cheap wake — triaged 15s ago, under the 60s floor [DET-CHEAP-WAKE-INSTEAD-OF-SILENCE-001]
08-26 19:03:55.566 D PARKDIAG/Service:   ⏾ enterSentry(post-ACTION_SENTRY_WAKE) — resident, GPS off, re-arming departure wake [DET-RESIDENT-FGS-001]
08-26 19:03:55.590 D PARKDIAG/SigMotion: sync → arming in CHEAP-TRIAGE mode, quiet period 674s left [DET-CHEAP-WAKE-INSTEAD-OF-SILENCE-001]
08-26 19:03:55.613 D PARKDIAG/SigMotion: sync → armed=true
08-26 19:03:55.746 D PARKDIAG/OneFix: fix lat=36.6084433 lon=-6.2782317 speed=0.0m/s acc=11.3m age=29s
08-26 19:03:55.786 D PARKDIAG/StepCounter: cumulative steps read → 3065
08-26 19:03:55.802 D PARKDIAG/SafetyNet: [detection-end] geof=724147ef: sigues junto al coche (d=23m, radio 103m) → resello la referencia de pasos; la valla se re-registró hace 157min, no toca aún · geof=a786c135: sigues junto al coche (d=11m, radio 85m) → resello la referencia de pasos; la valla se re-registró hace 181min, no toca aún
08-26 19:04:05.724 D PARKDIAG/SigMotion: ▶ significant motion — SENTRY resident, CHEAP triage (quiet period) [DET-CHEAP-WAKE-INSTEAD-OF-SILENCE-001]
08-26 19:04:05.745 D PARKDIAG/Service: ▶ onStartCommand action=io.apptolast.paparcar.ACTION_SENTRY_WAKE flags=0 startId=20
08-26 19:04:05.775 D PARKDIAG/Service:   ✓ startForeground done (locationPermission=true)
08-26 19:04:05.802 D PARKDIAG/Service:   ⊘ cheap wake — triaged 25s ago, under the 60s floor [DET-CHEAP-WAKE-INSTEAD-OF-SILENCE-001]
08-26 19:04:05.822 D PARKDIAG/Service:   ⏾ enterSentry(post-ACTION_SENTRY_WAKE) — resident, GPS off, re-arming departure wake [DET-RESIDENT-FGS-001]
08-26 19:04:05.843 D PARKDIAG/SigMotion: sync → arming in CHEAP-TRIAGE mode, quiet period 664s left [DET-CHEAP-WAKE-INSTEAD-OF-SILENCE-001]
08-26 19:04:05.863 D PARKDIAG/SigMotion: sync → armed=true
08-26 19:04:06.083 D PARKDIAG/OneFix: fix lat=36.6084433 lon=-6.2782317 speed=0.0m/s acc=55.821m age=10s
08-26 19:04:06.126 D PARKDIAG/StepCounter: cumulative steps read → 3076
08-26 19:04:06.141 D PARKDIAG/SafetyNet: [detection-end] geof=724147ef: sigues junto al coche (d=23m, radio 103m) → resello la referencia de pasos; la valla se re-registró hace 158min, no toca aún · geof=a786c135: sigues junto al coche (d=11m, radio 85m) → resello la referencia de pasos; la valla se re-registró hace 182min, no toca aún
08-26 19:04:36.591 D PARKDIAG/OneFix: fix lat=36.6083567 lon=-6.278215 speed=0.0m/s acc=7.1m age=0s
08-26 19:04:36.671 D PARKDIAG/StepCounter: cumulative steps read → 3087
08-26 19:04:36.691 D PARKDIAG/SafetyNet: [periodic] geof=724147ef: sigues junto al coche (d=32m, radio 103m) → resello la referencia de pasos; la valla se re-registró hace 158min, no toca aún · geof=a786c135: sigues junto al coche (d=7m, radio 85m) → resello la referencia de pasos; la valla se re-registró hace 182min, no toca aún
08-26 19:04:55.436 D PARKDIAG/SigMotion: ▶ significant motion — SENTRY resident, CHEAP triage (quiet period) [DET-CHEAP-WAKE-INSTEAD-OF-SILENCE-001]
08-26 19:04:55.459 D PARKDIAG/Service: ▶ onStartCommand action=io.apptolast.paparcar.ACTION_SENTRY_WAKE flags=0 startId=21
08-26 19:04:55.466 D PARKDIAG/Service:   ✓ startForeground done (locationPermission=true)
08-26 19:04:55.498 D PARKDIAG/OneFix: fix lat=36.6083567 lon=-6.278215 speed=0.0m/s acc=7.1m age=19s
08-26 19:04:55.513 D PARKDIAG/Service:   ⏱ cheap wake triage → STAY_QUIET (speed=0km/h acc=7m) [DET-CHEAP-WAKE-INSTEAD-OF-SILENCE-001]
08-26 19:04:55.531 D PARKDIAG/Service:   ⏾ enterSentry(post-ACTION_SENTRY_WAKE) — resident, GPS off, re-arming departure wake [DET-RESIDENT-FGS-001]
08-26 19:04:55.547 D PARKDIAG/SigMotion: sync → arming in CHEAP-TRIAGE mode, quiet period 614s left [DET-CHEAP-WAKE-INSTEAD-OF-SILENCE-001]
08-26 19:04:55.561 D PARKDIAG/SigMotion: sync → armed=true
08-26 19:04:55.665 D PARKDIAG/OneFix: fix lat=36.6083567 lon=-6.278215 speed=0.0m/s acc=7.1m age=19s
08-26 19:04:55.697 D PARKDIAG/StepCounter: cumulative steps read → 3102
08-26 19:04:55.720 D PARKDIAG/SafetyNet: [detection-end] geof=724147ef: sigues junto al coche (d=32m, radio 103m) → resello la referencia de pasos; la valla se re-registró hace 158min, no toca aún · geof=a786c135: sigues junto al coche (d=7m, radio 85m) → resello la referencia de pasos; la valla se re-registró hace 182min, no toca aún
08-26 19:06:09.069 D PARKDIAG/SigMotion: ▶ significant motion — SENTRY resident, CHEAP triage (quiet period) [DET-CHEAP-WAKE-INSTEAD-OF-SILENCE-001]
08-26 19:06:09.094 D PARKDIAG/Service: ▶ onStartCommand action=io.apptolast.paparcar.ACTION_SENTRY_WAKE flags=0 startId=22
08-26 19:06:09.103 D PARKDIAG/Service:   ✓ startForeground done (locationPermission=true)
08-26 19:06:14.215 D PARKDIAG/OneFix: fix lat=36.6083567 lon=-6.278215 speed=0.0m/s acc=146.088m age=5s
08-26 19:06:14.265 D PARKDIAG/Service:   ⏱ cheap wake triage → STAY_QUIET (speed=0km/h acc=146m) [DET-CHEAP-WAKE-INSTEAD-OF-SILENCE-001]
08-26 19:06:14.295 D PARKDIAG/Service:   ⏾ enterSentry(post-ACTION_SENTRY_WAKE) — resident, GPS off, re-arming departure wake [DET-RESIDENT-FGS-001]
08-26 19:06:14.310 D PARKDIAG/SigMotion: sync → arming in CHEAP-TRIAGE mode, quiet period 536s left [DET-CHEAP-WAKE-INSTEAD-OF-SILENCE-001]
08-26 19:06:14.334 D PARKDIAG/SigMotion: sync → armed=true
08-26 19:06:14.424 D PARKDIAG/OneFix: fix lat=36.6083567 lon=-6.278215 speed=0.0m/s acc=146.088m age=5s
08-26 19:06:14.458 D PARKDIAG/StepCounter: cumulative steps read → 3120
08-26 19:06:14.472 D PARKDIAG/SafetyNet: [detection-end] geof=724147ef: sigues junto al coche (d=32m, radio 103m) → resello la referencia de pasos; la valla se re-registró hace 160min, no toca aún · geof=a786c135: sigues junto al coche (d=7m, radio 85m) → resello la referencia de pasos; la valla se re-registró hace 184min, no toca aún
08-26 19:06:43.848 D PARKDIAG/SigMotion: ▶ significant motion — SENTRY resident, CHEAP triage (quiet period) [DET-CHEAP-WAKE-INSTEAD-OF-SILENCE-001]
08-26 19:06:43.875 D PARKDIAG/Service: ▶ onStartCommand action=io.apptolast.paparcar.ACTION_SENTRY_WAKE flags=0 startId=23
08-26 19:06:43.891 D PARKDIAG/Service:   ✓ startForeground done (locationPermission=true)
08-26 19:06:43.962 D PARKDIAG/Service:   ⊘ cheap wake — triaged 34s ago, under the 60s floor [DET-CHEAP-WAKE-INSTEAD-OF-SILENCE-001]
08-26 19:06:43.999 D PARKDIAG/Service:   ⏾ enterSentry(post-ACTION_SENTRY_WAKE) — resident, GPS off, re-arming departure wake [DET-RESIDENT-FGS-001]
08-26 19:06:44.162 D PARKDIAG/SigMotion: sync → arming in CHEAP-TRIAGE mode, quiet period 506s left [DET-CHEAP-WAKE-INSTEAD-OF-SILENCE-001]
08-26 19:06:44.221 D PARKDIAG/SigMotion: sync → armed=true
08-26 19:06:44.685 D PARKDIAG/OneFix: fix lat=36.6084601 lon=-6.278155 speed=0.107265405m/s acc=13.425m age=27s
08-26 19:06:44.802 D PARKDIAG/StepCounter: cumulative steps read → 3129
08-26 19:06:44.858 D PARKDIAG/SafetyNet: [detection-end] geof=724147ef: sigues junto al coche (d=20m, radio 103m) → resello la referencia de pasos; la valla se re-registró hace 160min, no toca aún · geof=a786c135: sigues junto al coche (d=10m, radio 85m) → resello la referencia de pasos; la valla se re-registró hace 184min, no toca aún
08-26 19:06:55.614 D PARKDIAG/BTReceiver: ▶ BT DISCONNECTED device=00:A4:1C:65:2B:3F
08-26 19:06:55.622 D PARKDIAG/BTReceiver:   no vehicle paired with 00:A4:1C:65:2B:3F — ignoring
08-26 19:07:33.366 D PARKDIAG/SigMotion: ▶ significant motion — SENTRY resident, CHEAP triage (quiet period) [DET-CHEAP-WAKE-INSTEAD-OF-SILENCE-001]
08-26 19:07:33.401 D PARKDIAG/Service: ▶ onStartCommand action=io.apptolast.paparcar.ACTION_SENTRY_WAKE flags=0 startId=24
08-26 19:07:33.410 D PARKDIAG/Service:   ✓ startForeground done (locationPermission=true)
08-26 19:07:33.472 D PARKDIAG/OneFix: fix lat=36.6084667 lon=-6.2782233 speed=0.0m/s acc=13.2m age=3s
08-26 19:07:33.514 D PARKDIAG/Service:   ⏱ cheap wake triage → STAY_QUIET (speed=0km/h acc=13m) [DET-CHEAP-WAKE-INSTEAD-OF-SILENCE-001]
08-26 19:07:33.545 D PARKDIAG/Service:   ⏾ enterSentry(post-ACTION_SENTRY_WAKE) — resident, GPS off, re-arming departure wake [DET-RESIDENT-FGS-001]
08-26 19:07:33.565 D PARKDIAG/SigMotion: sync → arming in CHEAP-TRIAGE mode, quiet period 456s left [DET-CHEAP-WAKE-INSTEAD-OF-SILENCE-001]
08-26 19:07:33.581 D PARKDIAG/SigMotion: sync → armed=true
08-26 19:07:33.702 D PARKDIAG/OneFix: fix lat=36.6084667 lon=-6.2782233 speed=0.0m/s acc=13.2m age=4s
08-26 19:07:33.734 D PARKDIAG/StepCounter: cumulative steps read → 3129
08-26 19:07:33.761 D PARKDIAG/SafetyNet: [detection-end] geof=724147ef: sigues junto al coche (d=20m, radio 103m) → resello la referencia de pasos; la valla se re-registró hace 161min, no toca aún · geof=a786c135: sigues junto al coche (d=13m, radio 85m) → resello la referencia de pasos; la valla se re-registró hace 185min, no toca aún
08-26 19:07:41.079 D PARKDIAG/SigMotion: ▶ significant motion — SENTRY resident, CHEAP triage (quiet period) [DET-CHEAP-WAKE-INSTEAD-OF-SILENCE-001]
08-26 19:07:41.134 D PARKDIAG/Service: ▶ onStartCommand action=io.apptolast.paparcar.ACTION_SENTRY_WAKE flags=0 startId=25
08-26 19:07:41.148 D PARKDIAG/Service:   ✓ startForeground done (locationPermission=true)
08-26 19:07:41.203 D PARKDIAG/Service:   ⊘ cheap wake — triaged 7s ago, under the 60s floor [DET-CHEAP-WAKE-INSTEAD-OF-SILENCE-001]
08-26 19:07:41.236 D PARKDIAG/Service:   ⏾ enterSentry(post-ACTION_SENTRY_WAKE) — resident, GPS off, re-arming departure wake [DET-RESIDENT-FGS-001]
08-26 19:07:41.261 D PARKDIAG/SigMotion: sync → arming in CHEAP-TRIAGE mode, quiet period 449s left [DET-CHEAP-WAKE-INSTEAD-OF-SILENCE-001]
08-26 19:07:41.277 D PARKDIAG/SigMotion: sync → armed=true
08-26 19:07:41.421 D PARKDIAG/OneFix: fix lat=36.6084667 lon=-6.2782233 speed=0.0m/s acc=16.352m age=7s
08-26 19:07:41.478 D PARKDIAG/StepCounter: cumulative steps read → 3154
08-26 19:07:41.496 D PARKDIAG/SafetyNet: [detection-end] geof=724147ef: sigues junto al coche (d=20m, radio 103m) → resello la referencia de pasos; la valla se re-registró hace 161min, no toca aún · geof=a786c135: sigues junto al coche (d=13m, radio 85m) → resello la referencia de pasos; la valla se re-registró hace 185min, no toca aún
08-26 19:07:48.849 D PARKDIAG/SigMotion: ▶ significant motion — SENTRY resident, CHEAP triage (quiet period) [DET-CHEAP-WAKE-INSTEAD-OF-SILENCE-001]
08-26 19:07:48.871 D PARKDIAG/Service: ▶ onStartCommand action=io.apptolast.paparcar.ACTION_SENTRY_WAKE flags=0 startId=26
08-26 19:07:48.882 D PARKDIAG/Service:   ✓ startForeground done (locationPermission=true)
08-26 19:07:48.907 D PARKDIAG/Service:   ⊘ cheap wake — triaged 15s ago, under the 60s floor [DET-CHEAP-WAKE-INSTEAD-OF-SILENCE-001]
08-26 19:07:48.924 D PARKDIAG/Service:   ⏾ enterSentry(post-ACTION_SENTRY_WAKE) — resident, GPS off, re-arming departure wake [DET-RESIDENT-FGS-001]
08-26 19:07:48.938 D PARKDIAG/SigMotion: sync → arming in CHEAP-TRIAGE mode, quiet period 441s left [DET-CHEAP-WAKE-INSTEAD-OF-SILENCE-001]
08-26 19:07:48.955 D PARKDIAG/SigMotion: sync → armed=true
08-26 19:07:49.110 D PARKDIAG/OneFix: fix lat=36.6084667 lon=-6.2782233 speed=0.0m/s acc=16.352m age=15s
08-26 19:07:49.158 D PARKDIAG/StepCounter: cumulative steps read → 3170
08-26 19:07:49.184 D PARKDIAG/SafetyNet: [detection-end] geof=724147ef: sigues junto al coche (d=20m, radio 103m) → resello la referencia de pasos; la valla se re-registró hace 161min, no toca aún · geof=a786c135: sigues junto al coche (d=13m, radio 85m) → resello la referencia de pasos; la valla se re-registró hace 185min, no toca aún
08-26 19:09:25.773 D PARKDIAG/SigMotion: ▶ significant motion — SENTRY resident, CHEAP triage (quiet period) [DET-CHEAP-WAKE-INSTEAD-OF-SILENCE-001]
08-26 19:09:25.792 D PARKDIAG/Service: ▶ onStartCommand action=io.apptolast.paparcar.ACTION_SENTRY_WAKE flags=0 startId=27
08-26 19:09:25.802 D PARKDIAG/Service:   ✓ startForeground done (locationPermission=true)
08-26 19:09:25.842 D PARKDIAG/OneFix: fix lat=36.6087 lon=-6.2783017 speed=0.0m/s acc=9.3m age=18s
08-26 19:09:25.863 D PARKDIAG/Service:   ⏱ cheap wake triage → STAY_QUIET (speed=0km/h acc=9m) [DET-CHEAP-WAKE-INSTEAD-OF-SILENCE-001]
08-26 19:09:25.875 D PARKDIAG/Service:   ⏾ enterSentry(post-ACTION_SENTRY_WAKE) — resident, GPS off, re-arming departure wake [DET-RESIDENT-FGS-001]
08-26 19:09:25.891 D PARKDIAG/SigMotion: sync → arming in CHEAP-TRIAGE mode, quiet period 344s left [DET-CHEAP-WAKE-INSTEAD-OF-SILENCE-001]
08-26 19:09:25.918 D PARKDIAG/SigMotion: sync → armed=true
08-26 19:09:26.025 D PARKDIAG/OneFix: fix lat=36.6087 lon=-6.2783017 speed=0.0m/s acc=9.3m age=19s
08-26 19:09:26.039 D PARKDIAG/StepCounter: cumulative steps read → 3195
08-26 19:09:26.050 D PARKDIAG/SafetyNet: [detection-end] geof=724147ef: sigues junto al coche (d=14m, radio 103m) → resello la referencia de pasos; la valla se re-registró hace 163min, no toca aún · geof=a786c135: sigues junto al coche (d=39m, radio 85m) → resello la referencia de pasos; la valla se re-registró hace 187min, no toca aún
08-26 19:09:33.357 D PARKDIAG/SigMotion: ▶ significant motion — SENTRY resident, CHEAP triage (quiet period) [DET-CHEAP-WAKE-INSTEAD-OF-SILENCE-001]
08-26 19:09:33.385 D PARKDIAG/Service: ▶ onStartCommand action=io.apptolast.paparcar.ACTION_SENTRY_WAKE flags=0 startId=28
08-26 19:09:33.399 D PARKDIAG/Service:   ✓ startForeground done (locationPermission=true)
08-26 19:09:33.438 D PARKDIAG/Service:   ⊘ cheap wake — triaged 7s ago, under the 60s floor [DET-CHEAP-WAKE-INSTEAD-OF-SILENCE-001]
08-26 19:09:33.482 D PARKDIAG/Service:   ⏾ enterSentry(post-ACTION_SENTRY_WAKE) — resident, GPS off, re-arming departure wake [DET-RESIDENT-FGS-001]
08-26 19:09:33.499 D PARKDIAG/SigMotion: sync → arming in CHEAP-TRIAGE mode, quiet period 336s left [DET-CHEAP-WAKE-INSTEAD-OF-SILENCE-001]
08-26 19:09:33.518 D PARKDIAG/SigMotion: sync → armed=true
08-26 19:09:33.658 D PARKDIAG/OneFix: fix lat=36.6087 lon=-6.2783017 speed=0.0m/s acc=9.3m age=26s
08-26 19:09:33.704 D PARKDIAG/StepCounter: cumulative steps read → 3195
08-26 19:09:33.737 D PARKDIAG/SafetyNet: [detection-end] geof=724147ef: sigues junto al coche (d=14m, radio 103m) → resello la referencia de pasos; la valla se re-registró hace 163min, no toca aún · geof=a786c135: sigues junto al coche (d=39m, radio 85m) → resello la referencia de pasos; la valla se re-registró hace 187min, no toca aún
08-26 19:10:45.382 D PARKDIAG/ARReceiver:   → IN_VEHICLE ENTER
08-26 19:10:45.385 D PARKDIAG/ARReceiver:   ✓ IN_VEHICLE ENTER → bus stamped (trueTime=1787764245223, lag=161ms) [DET-SOLID-001]
08-26 19:10:45.392 D PARKDIAG/Service: ▶ onStartCommand action=io.apptolast.paparcar.ACTION_AR_TRANSITION flags=0 startId=29
08-26 19:10:45.421 D PARKDIAG/Service:   ✓ startForeground done (locationPermission=true)
08-26 19:10:45.477 D PARKDIAG/OneFix: fix lat=36.6088067 lon=-6.2783812 speed=6.482m/s acc=149.513m age=26s
08-26 19:10:45.492 D PARKDIAG/Service:   → AR ENTER at own fence — arming Coordinator, waiting for ride proof (geof=724147ef lag=204ms dep=enter_at_car) [DET-AR-FIRST-001]
08-26 19:10:45.508 D PARKDIAG/Service:   ▶ startParkingDetection — launching coordinator (trigger=AR_VEHICLE_ENTER)
08-26 19:10:45.522 D PARKDIAG/OneFix: fix lat=36.6088067 lon=-6.2783812 speed=6.482m/s acc=149.513m age=26s
08-26 19:10:45.538 D PARKDIAG/Service:     ▶ detection coroutine entered, invoking coordinator
08-26 19:10:45.545 D PARKDIAG/Coord: ▶ coordinator.invoke() entry (armEvidence=enter_at_car) — calling reset()
08-26 19:10:45.546 D PARKDIAG/Coord:   → session-start dismiss PARKING_CONFIRMATION (savedConfirmAge=nullms, limit=900000ms)
08-26 19:10:45.548 D PARKDIAG/StepCounter: cumulative steps read → 3224
08-26 19:10:45.559 D PARKDIAG/SafetyNet: [ar-enter] geof=724147ef: sigues junto al coche (d=26m, radio 103m) → resello la referencia de pasos; la valla se re-registró hace 164min, no toca aún · geof=a786c135: sigues junto al coche (d=53m, radio 85m) → resello la referencia de pasos; la valla se re-registró hace 188min, no toca aún
08-26 19:10:52.840 D PARKDIAG/Coord: ─ loc#1 lat=36.60811 lon=-6.2756883 speed=14.558918m/s acc=7.3m sessionAge=7295ms
08-26 19:10:52.844 D PARKDIAG/Coord:   ✓ hasEverReachedDrivingSpeed → true (speed=14.558918≥5.0) dist=0.0m [BUG-SHORT-TRIP]
08-26 19:10:52.846 D PARKDIAG/Coord:   state hasEverMoved=false hasEverReachedDrivingSpeed=true userConfirmed=false vehicleExit=false stoppedSince=null stoppedDur=0ms phase=Idle
08-26 19:10:52.857 D PARKDIAG/Coord:   ✓ vehicleId locked: addbe660-ad30-4857-ab1f-58433d76992d type=CAR (nominator=addbe660-ad30-4857-ab1f-58433d76992d)
08-26 19:10:52.859 D PARKDIAG/Coord:   ⚖ scoring=NotYet (signals: speed=14.558918 stopped=0ms accuracy=7.3 exit=false)
08-26 19:10:58.276 D PARKDIAG/Coord: ─ loc#2 lat=36.607585 lon=-6.2747383 speed=12.706432m/s acc=3.0m sessionAge=12731ms
08-26 19:10:58.280 D PARKDIAG/Coord:   state hasEverMoved=false hasEverReachedDrivingSpeed=true userConfirmed=false vehicleExit=false stoppedSince=null stoppedDur=0ms phase=Idle
08-26 19:10:58.283 D PARKDIAG/Coord:   ⚖ scoring=NotYet (signals: speed=12.706432 stopped=0ms accuracy=3.0 exit=false)
08-26 19:10:58.294 D PARKDIAG/Service: ▶ onStartCommand action=io.apptolast.paparcar.ACTION_GEOFENCE_EXIT flags=0 startId=30
08-26 19:10:58.301 D PARKDIAG/Service:   ✓ startForeground done (locationPermission=true)
08-26 19:10:58.327 D PARKDIAG/ExitWitness: ⚑ EXIT emitted geof=724147ef, a786c135 loc=36.607585,-6.2747383 acc=3.0m fixAge=214ms
08-26 19:10:58.334 W PARKDIAG/Service:   ⚑ GEOFENCE_EXIT delivered FAR from fence (geof=724147ef d=327m) — no instant authority; live re-check + reconcile record [DET-RIDE-PROOF-001]
08-26 19:10:58.385 D PARKDIAG/Service:   ↻ GEOFENCE_EXIT — coordinator already running (same area); not re-arming [DET-AR-REARM-001]
08-26 19:10:58.544 D PARKDIAG/OneFix: fix lat=36.607585 lon=-6.2747383 speed=12.706432m/s acc=3.0m age=0s
08-26 19:10:58.554 D PARKDIAG/SigMotion: sync → disarmed
08-26 19:10:58.566 D PARKDIAG/ExactNet: ⏰ exact net DISARMED — no parked session to watch
08-26 19:10:58.568 D PARKDIAG/SafetyNet: ■ detection running — skipping check
08-26 19:10:58.572 D PARKDIAG/Depart: attempt=0 geof=724147ef speed=45.743156km/h acc=3.0m → Inconclusive(exit_echo)
08-26 19:11:00.215 D PARKDIAG/Coord: ─ loc#3 lat=36.60739 lon=-6.2745283 speed=12.825849m/s acc=2.75m sessionAge=14669ms
08-26 19:11:00.223 D PARKDIAG/Coord:   state hasEverMoved=false hasEverReachedDrivingSpeed=true userConfirmed=false vehicleExit=false stoppedSince=null stoppedDur=0ms phase=Idle
08-26 19:11:00.226 D PARKDIAG/Coord:   ⚖ scoring=NotYet (signals: speed=12.825849 stopped=0ms accuracy=2.75 exit=false)
08-26 19:11:05.222 D PARKDIAG/Coord: ─ loc#4 lat=36.6068117 lon=-6.2742983 speed=12.607606m/s acc=2.4m sessionAge=19677ms
08-26 19:11:05.225 D PARKDIAG/Coord:   ✓ hasEverMoved → true (speed≥5.0, dist≥150.0m, actual=190.35490620686326m)
08-26 19:11:05.229 D PARKDIAG/Coord:   state hasEverMoved=true hasEverReachedDrivingSpeed=true userConfirmed=false vehicleExit=false stoppedSince=null stoppedDur=0ms phase=Idle
08-26 19:11:05.231 D PARKDIAG/Coord:   ⚖ scoring=NotYet (signals: speed=12.607606 stopped=0ms accuracy=2.4 exit=false)
08-26 19:11:10.280 D PARKDIAG/Coord: ─ loc#5 lat=36.6062983 lon=-6.2740033 speed=11.829861m/s acc=2.35m sessionAge=24734ms
08-26 19:11:10.284 D PARKDIAG/Coord:   state hasEverMoved=true hasEverReachedDrivingSpeed=true userConfirmed=false vehicleExit=false stoppedSince=null stoppedDur=0ms phase=Idle
08-26 19:11:10.288 D PARKDIAG/Coord:   ⚖ scoring=NotYet (signals: speed=11.829861 stopped=0ms accuracy=2.35 exit=false)
08-26 19:11:13.634 D PARKDIAG/OneFix: fix lat=36.6062983 lon=-6.2740033 speed=11.829861m/s acc=2.35m age=3s
08-26 19:11:13.669 D PARKDIAG/Depart: attempt=1 geof=724147ef speed=42.587498km/h acc=2.35m → Inconclusive(exit_echo)
08-26 19:11:15.295 D PARKDIAG/Coord: ─ loc#6 lat=36.6058767 lon=-6.2736133 speed=10.810196m/s acc=2.55m sessionAge=29749ms
08-26 19:11:15.300 D PARKDIAG/Coord:   ✓ drive PROVEN by displacement from the pin [DET-SHORT-HOP-PROOF-001] — session speed statistic unlocked (pendingMax=14.558918m/s)
08-26 19:11:15.310 D PARKDIAG/Coord:   state hasEverMoved=true hasEverReachedDrivingSpeed=true userConfirmed=false vehicleExit=false stoppedSince=null stoppedDur=0ms phase=Idle
08-26 19:11:15.314 D PARKDIAG/Coord:   ⚖ scoring=NotYet (signals: speed=10.810196 stopped=0ms accuracy=2.55 exit=false)
08-26 19:11:20.297 D PARKDIAG/Coord: ─ loc#7 lat=36.6055533 lon=-6.2732433 speed=9.70972m/s acc=2.7m sessionAge=34751ms
08-26 19:11:20.301 D PARKDIAG/Coord:   state hasEverMoved=true hasEverReachedDrivingSpeed=true userConfirmed=false vehicleExit=false stoppedSince=null stoppedDur=0ms phase=Idle
08-26 19:11:20.304 D PARKDIAG/Coord:   ⚖ scoring=NotYet (signals: speed=9.70972 stopped=0ms accuracy=2.7 exit=false)
08-26 19:11:25.284 D PARKDIAG/Coord: ─ loc#8 lat=36.6052917 lon=-6.27286 speed=8.856825m/s acc=2.75m sessionAge=39738ms
08-26 19:11:25.290 D PARKDIAG/Coord:   ✓ sustained drive — 32411ms accumulated in the driving band (≥30000ms) [DET-MOTOR-PROOF-001]
08-26 19:11:25.293 D PARKDIAG/Coord:   state hasEverMoved=true hasEverReachedDrivingSpeed=true userConfirmed=false vehicleExit=false stoppedSince=null stoppedDur=0ms phase=Idle
08-26 19:11:25.296 D PARKDIAG/Coord:   ⚖ scoring=NotYet (signals: speed=8.856825 stopped=0ms accuracy=2.75 exit=false)
08-26 19:11:30.298 D PARKDIAG/Coord: ─ loc#9 lat=36.6051117 lon=-6.2723083 speed=11.665665m/s acc=2.95m sessionAge=44753ms
08-26 19:11:30.301 D PARKDIAG/Coord:   ✓ MOTOR witnessed — 37412ms held above 11.1 m/s; no bicycle claim can stand against this session [DET-MOTORWAY-TRIP-JUDGED-BICYCLE-001]
08-26 19:11:30.303 D PARKDIAG/Coord:   state hasEverMoved=true hasEverReachedDrivingSpeed=true userConfirmed=false vehicleExit=false stoppedSince=null stoppedDur=0ms phase=Idle
08-26 19:11:30.306 D PARKDIAG/Coord:   ⚖ scoring=NotYet (signals: speed=11.665665 stopped=0ms accuracy=2.95 exit=false)
08-26 19:11:35.260 D PARKDIAG/Coord: ─ loc#10 lat=36.6049117 lon=-6.2715733 speed=13.851689m/s acc=3.15m sessionAge=49714ms
08-26 19:11:35.264 D PARKDIAG/Coord:   state hasEverMoved=true hasEverReachedDrivingSpeed=true userConfirmed=false vehicleExit=false stoppedSince=null stoppedDur=0ms phase=Idle
08-26 19:11:35.268 D PARKDIAG/Coord:   ⚖ scoring=NotYet (signals: speed=13.851689 stopped=0ms accuracy=3.15 exit=false)
08-26 19:11:40.281 D PARKDIAG/Coord: ─ loc#11 lat=36.60469 lon=-6.270685 speed=15.903887m/s acc=3.2m sessionAge=54735ms
08-26 19:11:40.284 D PARKDIAG/Coord:   state hasEverMoved=true hasEverReachedDrivingSpeed=true userConfirmed=false vehicleExit=false stoppedSince=null stoppedDur=0ms phase=Idle
08-26 19:11:40.287 D PARKDIAG/Coord:   ⚖ scoring=NotYet (signals: speed=15.903887 stopped=0ms accuracy=3.2 exit=false)
08-26 19:11:43.776 D PARKDIAG/OneFix: fix lat=36.60469 lon=-6.270685 speed=15.903887m/s acc=3.2m age=3s
08-26 19:11:43.838 D PARKDIAG/Depart: attempt=2 geof=724147ef speed=57.25399km/h acc=3.2m → Confirmed
08-26 19:11:45.207 D PARKDIAG/Coord: ─ loc#12 lat=36.604575 lon=-6.26987 speed=15.553876m/s acc=3.15m sessionAge=59662ms
08-26 19:11:45.209 D PARKDIAG/Coord:   state hasEverMoved=true hasEverReachedDrivingSpeed=true userConfirmed=false vehicleExit=false stoppedSince=null stoppedDur=0ms phase=Idle
08-26 19:11:45.211 D PARKDIAG/Coord:   ⚖ scoring=NotYet (signals: speed=15.553876 stopped=0ms accuracy=3.15 exit=false)
08-26 19:11:49.545 D PARKDIAG/ClearActiveParkingSessionWorker: ▶ ClearActiveParkingSessionWorker.doWork session=724147ef-1219-437a-94aa-7fed45caccfb attempt=0
08-26 19:11:50.244 D PARKDIAG/Coord: ─ loc#13 lat=36.604525 lon=-6.2689617 speed=18.027632m/s acc=2.95m sessionAge=64698ms
08-26 19:11:50.246 D PARKDIAG/Coord:   state hasEverMoved=true hasEverReachedDrivingSpeed=true userConfirmed=false vehicleExit=false stoppedSince=null stoppedDur=0ms phase=Idle
08-26 19:11:50.248 D PARKDIAG/Coord:   ⚖ scoring=NotYet (signals: speed=18.027632 stopped=0ms accuracy=2.95 exit=false)
08-26 19:11:50.266 D PARKDIAG/ClearActiveParkingSessionWorker: ■ ClearActiveParkingSessionWorker SUCCESS session=724147ef-1219-437a-94aa-7fed45caccfb
08-26 19:11:55.292 D PARKDIAG/Coord: ─ loc#14 lat=36.60424 lon=-6.268115 speed=12.919528m/s acc=2.8m sessionAge=69746ms
08-26 19:11:55.296 D PARKDIAG/Coord:   state hasEverMoved=true hasEverReachedDrivingSpeed=true userConfirmed=false vehicleExit=false stoppedSince=null stoppedDur=0ms phase=Idle
08-26 19:11:55.299 D PARKDIAG/Coord:   ⚖ scoring=NotYet (signals: speed=12.919528 stopped=0ms accuracy=2.8 exit=false)
08-26 19:12:00.240 D PARKDIAG/Coord: ─ loc#15 lat=36.6040733 lon=-6.2675517 speed=8.883591m/s acc=2.55m sessionAge=74695ms
08-26 19:12:00.243 D PARKDIAG/Coord:   state hasEverMoved=true hasEverReachedDrivingSpeed=true userConfirmed=false vehicleExit=false stoppedSince=null stoppedDur=0ms phase=Idle
08-26 19:12:00.244 D PARKDIAG/Coord:   ⚖ scoring=NotYet (signals: speed=8.883591 stopped=0ms accuracy=2.55 exit=false)
08-26 19:12:05.254 D PARKDIAG/Coord: ─ loc#16 lat=36.6039333 lon=-6.26715 speed=10.017524m/s acc=2.3m sessionAge=79707ms
08-26 19:12:05.259 D PARKDIAG/Coord:   state hasEverMoved=true hasEverReachedDrivingSpeed=true userConfirmed=false vehicleExit=false stoppedSince=null stoppedDur=0ms phase=Idle
08-26 19:12:05.266 D PARKDIAG/Coord:   ⚖ scoring=NotYet (signals: speed=10.017524 stopped=0ms accuracy=2.3 exit=false)
08-26 19:12:10.292 D PARKDIAG/Coord: ─ loc#17 lat=36.6038233 lon=-6.2665333 speed=11.418598m/s acc=2.5m sessionAge=84747ms
08-26 19:12:10.293 D PARKDIAG/Coord:   state hasEverMoved=true hasEverReachedDrivingSpeed=true userConfirmed=false vehicleExit=false stoppedSince=null stoppedDur=0ms phase=Idle
08-26 19:12:10.294 D PARKDIAG/Coord:   ⚖ scoring=NotYet (signals: speed=11.418598 stopped=0ms accuracy=2.5 exit=false)
08-26 19:12:15.271 D PARKDIAG/Coord: ─ loc#18 lat=36.6036617 lon=-6.2658433 speed=13.1712265m/s acc=2.8m sessionAge=89726ms
08-26 19:12:15.275 D PARKDIAG/Coord:   state hasEverMoved=true hasEverReachedDrivingSpeed=true userConfirmed=false vehicleExit=false stoppedSince=null stoppedDur=0ms phase=Idle
08-26 19:12:15.278 D PARKDIAG/Coord:   ⚖ scoring=NotYet (signals: speed=13.1712265 stopped=0ms accuracy=2.8 exit=false)
08-26 19:12:20.246 D PARKDIAG/Coord: ─ loc#19 lat=36.6034783 lon=-6.265095 speed=13.7122m/s acc=2.8m sessionAge=94700ms
08-26 19:12:20.249 D PARKDIAG/Coord:   state hasEverMoved=true hasEverReachedDrivingSpeed=true userConfirmed=false vehicleExit=false stoppedSince=null stoppedDur=0ms phase=Idle
08-26 19:12:20.252 D PARKDIAG/Coord:   ⚖ scoring=NotYet (signals: speed=13.7122 stopped=0ms accuracy=2.8 exit=false)
08-26 19:12:25.320 D PARKDIAG/Coord: ─ loc#20 lat=36.603265 lon=-6.2644067 speed=12.986442m/s acc=2.7m sessionAge=99774ms
08-26 19:12:25.323 D PARKDIAG/Coord:   state hasEverMoved=true hasEverReachedDrivingSpeed=true userConfirmed=false vehicleExit=false stoppedSince=null stoppedDur=0ms phase=Idle
08-26 19:12:25.326 D PARKDIAG/Coord:   ⚖ scoring=NotYet (signals: speed=12.986442 stopped=0ms accuracy=2.7 exit=false)
08-26 19:12:30.268 D PARKDIAG/Coord: ─ loc#21 lat=36.603065 lon=-6.2636733 speed=14.348396m/s acc=2.7m sessionAge=104723ms
08-26 19:12:30.272 D PARKDIAG/Coord:   state hasEverMoved=true hasEverReachedDrivingSpeed=true userConfirmed=false vehicleExit=false stoppedSince=null stoppedDur=0ms phase=Idle
08-26 19:12:30.274 D PARKDIAG/Coord:   ⚖ scoring=NotYet (signals: speed=14.348396 stopped=0ms accuracy=2.7 exit=false)
08-26 19:12:35.287 D PARKDIAG/Coord: ─ loc#22 lat=36.6029367 lon=-6.2629083 speed=14.872899m/s acc=2.65m sessionAge=109741ms
08-26 19:12:35.291 D PARKDIAG/Coord:   state hasEverMoved=true hasEverReachedDrivingSpeed=true userConfirmed=false vehicleExit=false stoppedSince=null stoppedDur=0ms phase=Idle
08-26 19:12:35.296 D PARKDIAG/Coord:   ⚖ scoring=NotYet (signals: speed=14.872899 stopped=0ms accuracy=2.65 exit=false)
08-26 19:12:40.256 D PARKDIAG/Coord: ─ loc#23 lat=36.602895 lon=-6.262075 speed=15.036065m/s acc=2.5m sessionAge=114711ms
08-26 19:12:40.261 D PARKDIAG/Coord:   state hasEverMoved=true hasEverReachedDrivingSpeed=true userConfirmed=false vehicleExit=false stoppedSince=null stoppedDur=0ms phase=Idle
08-26 19:12:40.265 D PARKDIAG/Coord:   ⚖ scoring=NotYet (signals: speed=15.036065 stopped=0ms accuracy=2.5 exit=false)
08-26 19:12:45.272 D PARKDIAG/Coord: ─ loc#24 lat=36.6028667 lon=-6.261235 speed=16.028965m/s acc=2.45m sessionAge=119727ms
08-26 19:12:45.275 D PARKDIAG/Coord:   state hasEverMoved=true hasEverReachedDrivingSpeed=true userConfirmed=false vehicleExit=false stoppedSince=null stoppedDur=0ms phase=Idle
08-26 19:12:45.277 D PARKDIAG/Coord:   ⚖ scoring=NotYet (signals: speed=16.028965 stopped=0ms accuracy=2.45 exit=false)
08-26 19:12:50.218 D PARKDIAG/Coord: ─ loc#25 lat=36.602835 lon=-6.2602833 speed=16.928185m/s acc=2.55m sessionAge=124673ms
08-26 19:12:50.221 D PARKDIAG/Coord:   state hasEverMoved=true hasEverReachedDrivingSpeed=true userConfirmed=false vehicleExit=false stoppedSince=null stoppedDur=0ms phase=Idle
08-26 19:12:50.222 D PARKDIAG/Coord:   ⚖ scoring=NotYet (signals: speed=16.928185 stopped=0ms accuracy=2.55 exit=false)
08-26 19:12:55.298 D PARKDIAG/Coord: ─ loc#26 lat=36.6027233 lon=-6.2593433 speed=16.96679m/s acc=2.5m sessionAge=129753ms
08-26 19:12:55.301 D PARKDIAG/Coord:   state hasEverMoved=true hasEverReachedDrivingSpeed=true userConfirmed=false vehicleExit=false stoppedSince=null stoppedDur=0ms phase=Idle
08-26 19:12:55.304 D PARKDIAG/Coord:   ⚖ scoring=NotYet (signals: speed=16.96679 stopped=0ms accuracy=2.5 exit=false)
08-26 19:13:00.281 D PARKDIAG/Coord: ─ loc#27 lat=36.6027117 lon=-6.2584083 speed=17.19481m/s acc=2.55m sessionAge=134735ms
08-26 19:13:00.283 D PARKDIAG/Coord:   state hasEverMoved=true hasEverReachedDrivingSpeed=true userConfirmed=false vehicleExit=false stoppedSince=null stoppedDur=0ms phase=Idle
08-26 19:13:00.284 D PARKDIAG/Coord:   ⚖ scoring=NotYet (signals: speed=17.19481 stopped=0ms accuracy=2.55 exit=false)
08-26 19:13:05.229 D PARKDIAG/Coord: ─ loc#28 lat=36.6027217 lon=-6.2575767 speed=11.188003m/s acc=2.65m sessionAge=139683ms
08-26 19:13:05.231 D PARKDIAG/Coord:   state hasEverMoved=true hasEverReachedDrivingSpeed=true userConfirmed=false vehicleExit=false stoppedSince=null stoppedDur=0ms phase=Idle
08-26 19:13:05.233 D PARKDIAG/Coord:   ⚖ scoring=NotYet (signals: speed=11.188003 stopped=0ms accuracy=2.65 exit=false)
08-26 19:13:10.255 D PARKDIAG/Coord: ─ loc#29 lat=36.602735 lon=-6.2571783 speed=4.796696m/s acc=2.6m sessionAge=144710ms
08-26 19:13:10.258 D PARKDIAG/Coord:   ⤳ mute ambiguous fix corroborated as CAR by displacement (speed=4.796696 acc=2.6) [DET-CREDIBLE-DRIVE-001]
08-26 19:13:10.260 D PARKDIAG/Coord:   state hasEverMoved=true hasEverReachedDrivingSpeed=true userConfirmed=false vehicleExit=false stoppedSince=null stoppedDur=0ms phase=Idle
08-26 19:13:10.262 D PARKDIAG/Coord:   ⚖ scoring=NotYet (signals: speed=4.796696 stopped=0ms accuracy=2.6 exit=false)
08-26 19:13:15.283 D PARKDIAG/Coord: ─ loc#30 lat=36.6027083 lon=-6.25707 speed=1.8416761m/s acc=2.45m sessionAge=149737ms
08-26 19:13:15.286 D PARKDIAG/Coord:   ⟲ reposition-burst detected (consecutive=30 speed=1.8416761 acc=2.45) — clearing bestStopLocation [PARKING-001]
08-26 19:13:15.288 D PARKDIAG/Coord:   state hasEverMoved=true hasEverReachedDrivingSpeed=true userConfirmed=false vehicleExit=false stoppedSince=null stoppedDur=0ms phase=Idle
08-26 19:13:15.291 D PARKDIAG/Coord:   ⚖ scoring=NotYet (signals: speed=1.8416761 stopped=0ms accuracy=2.45 exit=false)
08-26 19:13:20.341 D PARKDIAG/Coord: ─ loc#31 lat=36.6026917 lon=-6.256895 speed=4.9480247m/s acc=2.3m sessionAge=154795ms
08-26 19:13:20.343 D PARKDIAG/Coord:   ⤳ mute ambiguous fix corroborated as CAR by displacement (speed=4.9480247 acc=2.3) [DET-CREDIBLE-DRIVE-001]
08-26 19:13:20.346 D PARKDIAG/Coord:   state hasEverMoved=true hasEverReachedDrivingSpeed=true userConfirmed=false vehicleExit=false stoppedSince=null stoppedDur=0ms phase=Idle
08-26 19:13:20.350 D PARKDIAG/Coord:   ⚖ scoring=NotYet (signals: speed=4.9480247 stopped=0ms accuracy=2.3 exit=false)
08-26 19:13:25.286 D PARKDIAG/Coord: ─ loc#32 lat=36.6025983 lon=-6.2566917 speed=4.652574m/s acc=5.326m sessionAge=159741ms
08-26 19:13:25.288 D PARKDIAG/Coord:   ⤳ mute ambiguous fix corroborated as CAR by displacement (speed=4.652574 acc=5.326) [DET-CREDIBLE-DRIVE-001]
08-26 19:13:25.290 D PARKDIAG/Coord:   state hasEverMoved=true hasEverReachedDrivingSpeed=true userConfirmed=false vehicleExit=false stoppedSince=null stoppedDur=0ms phase=Idle
08-26 19:13:25.292 D PARKDIAG/Coord:   ⚖ scoring=NotYet (signals: speed=4.652574 stopped=0ms accuracy=5.326 exit=false)
08-26 19:13:30.346 D PARKDIAG/Coord: ─ loc#33 lat=36.6025983 lon=-6.256345 speed=5.8951135m/s acc=2.35m sessionAge=164801ms
08-26 19:13:30.349 D PARKDIAG/Coord:   state hasEverMoved=true hasEverReachedDrivingSpeed=true userConfirmed=false vehicleExit=false stoppedSince=null stoppedDur=0ms phase=Idle
08-26 19:13:30.352 D PARKDIAG/Coord:   ⚖ scoring=NotYet (signals: speed=5.8951135 stopped=0ms accuracy=2.35 exit=false)
08-26 19:13:35.275 D PARKDIAG/Coord: ─ loc#34 lat=36.6025833 lon=-6.25595 speed=8.48674m/s acc=2.25m sessionAge=169730ms
08-26 19:13:35.277 D PARKDIAG/Coord:   state hasEverMoved=true hasEverReachedDrivingSpeed=true userConfirmed=false vehicleExit=false stoppedSince=null stoppedDur=0ms phase=Idle
08-26 19:13:35.278 D PARKDIAG/Coord:   ⚖ scoring=NotYet (signals: speed=8.48674 stopped=0ms accuracy=2.25 exit=false)
08-26 19:13:40.321 D PARKDIAG/Coord: ─ loc#35 lat=36.6023567 lon=-6.2554267 speed=11.232268m/s acc=2.05m sessionAge=174776ms
08-26 19:13:40.324 D PARKDIAG/Coord:   state hasEverMoved=true hasEverReachedDrivingSpeed=true userConfirmed=false vehicleExit=false stoppedSince=null stoppedDur=0ms phase=Idle
08-26 19:13:40.326 D PARKDIAG/Coord:   ⚖ scoring=NotYet (signals: speed=11.232268 stopped=0ms accuracy=2.05 exit=false)
08-26 19:13:45.277 D PARKDIAG/Coord: ─ loc#36 lat=36.6021217 lon=-6.25482 speed=11.995602m/s acc=2.15m sessionAge=179732ms
08-26 19:13:45.280 D PARKDIAG/Coord:   state hasEverMoved=true hasEverReachedDrivingSpeed=true userConfirmed=false vehicleExit=false stoppedSince=null stoppedDur=0ms phase=Idle
08-26 19:13:45.281 D PARKDIAG/Coord:   ⚖ scoring=NotYet (signals: speed=11.995602 stopped=0ms accuracy=2.15 exit=false)
08-26 19:13:50.326 D PARKDIAG/Coord: ─ loc#37 lat=36.6018367 lon=-6.25418 speed=13.081151m/s acc=2.35m sessionAge=184780ms
08-26 19:13:50.329 D PARKDIAG/Coord:   state hasEverMoved=true hasEverReachedDrivingSpeed=true userConfirmed=false vehicleExit=false stoppedSince=null stoppedDur=0ms phase=Idle
08-26 19:13:50.333 D PARKDIAG/Coord:   ⚖ scoring=NotYet (signals: speed=13.081151 stopped=0ms accuracy=2.35 exit=false)
08-26 19:13:55.280 D PARKDIAG/Coord: ─ loc#38 lat=36.6015683 lon=-6.25351 speed=12.75739m/s acc=2.2m sessionAge=189734ms
08-26 19:13:55.281 D PARKDIAG/Coord:   state hasEverMoved=true hasEverReachedDrivingSpeed=true userConfirmed=false vehicleExit=false stoppedSince=null stoppedDur=0ms phase=Idle
08-26 19:13:55.282 D PARKDIAG/Coord:   ⚖ scoring=NotYet (signals: speed=12.75739 stopped=0ms accuracy=2.2 exit=false)
08-26 19:13:55.335 D PARKDIAG/Coord: ─ loc#39 lat=36.6015683 lon=-6.25351 speed=12.75739m/s acc=2.2m sessionAge=189790ms
08-26 19:13:55.337 D PARKDIAG/Coord:   state hasEverMoved=true hasEverReachedDrivingSpeed=true userConfirmed=false vehicleExit=false stoppedSince=null stoppedDur=0ms phase=Idle
08-26 19:13:55.339 D PARKDIAG/Coord:   ⚖ scoring=NotYet (signals: speed=12.75739 stopped=0ms accuracy=2.2 exit=false)
08-26 19:14:12.870 D PARKDIAG/Coord: ─ loc#40 lat=36.600995 lon=-6.2519117 speed=0.0m/s acc=12.2m sessionAge=207324ms
08-26 19:14:12.872 D PARKDIAG/Coord:   state hasEverMoved=true hasEverReachedDrivingSpeed=true userConfirmed=false vehicleExit=false stoppedSince=1787764452869 stoppedDur=0ms phase=Idle
08-26 19:14:12.874 D PARKDIAG/Coord:   ⚖ scoring=NotYet (signals: speed=0.0 stopped=0ms accuracy=12.2 exit=false)
08-26 19:14:12.926 D PARKDIAG/Coord: ─ loc#41 lat=36.600995 lon=-6.2519117 speed=0.0m/s acc=12.2m sessionAge=207381ms
08-26 19:14:12.929 D PARKDIAG/Coord:   state hasEverMoved=true hasEverReachedDrivingSpeed=true userConfirmed=false vehicleExit=false stoppedSince=1787764452869 stoppedDur=57ms phase=Idle
08-26 19:14:12.930 D PARKDIAG/Coord:   ⚖ scoring=NotYet (signals: speed=0.0 stopped=57ms accuracy=12.2 exit=false)
08-26 19:14:20.276 D PARKDIAG/Coord: ─ loc#42 lat=36.60052 lon=-6.251025 speed=5.401495m/s acc=7.6m sessionAge=214731ms
08-26 19:14:20.278 D PARKDIAG/Coord:   state hasEverMoved=true hasEverReachedDrivingSpeed=true userConfirmed=false vehicleExit=false stoppedSince=null stoppedDur=0ms phase=Idle
08-26 19:14:20.279 D PARKDIAG/Coord:   ⚖ scoring=NotYet (signals: speed=5.401495 stopped=0ms accuracy=7.6 exit=false)
08-26 19:14:20.340 D PARKDIAG/Coord: ─ loc#43 lat=36.60052 lon=-6.251025 speed=5.401495m/s acc=7.6m sessionAge=214795ms
08-26 19:14:20.342 D PARKDIAG/Coord:   state hasEverMoved=true hasEverReachedDrivingSpeed=true userConfirmed=false vehicleExit=false stoppedSince=null stoppedDur=0ms phase=Idle
08-26 19:14:20.344 D PARKDIAG/Coord:   ⚖ scoring=NotYet (signals: speed=5.401495 stopped=0ms accuracy=7.6 exit=false)
08-26 19:14:49.106 D PARKDIAG/Coord: ─ loc#44 lat=36.5995556 lon=-6.2450618 speed=0.0m/s acc=100.0m sessionAge=243560ms
08-26 19:14:49.108 D PARKDIAG/Coord:   state hasEverMoved=true hasEverReachedDrivingSpeed=true userConfirmed=false vehicleExit=false stoppedSince=1787764489105 stoppedDur=0ms phase=Idle
08-26 19:14:49.109 D PARKDIAG/Coord:   ⚖ scoring=NotYet (signals: speed=0.0 stopped=0ms accuracy=100.0 exit=false)
08-26 19:14:54.339 D PARKDIAG/Coord: ─ loc#45 lat=36.5995556 lon=-6.2450618 speed=0.0m/s acc=100.0m sessionAge=248794ms
08-26 19:14:54.341 D PARKDIAG/Coord:   state hasEverMoved=true hasEverReachedDrivingSpeed=true userConfirmed=false vehicleExit=false stoppedSince=1787764489105 stoppedDur=5234ms phase=Idle
08-26 19:14:54.343 D PARKDIAG/Coord:   ⚖ scoring=NotYet (signals: speed=0.0 stopped=5234ms accuracy=100.0 exit=false)
08-26 19:14:58.750 D PARKDIAG/Coord: ─ loc#46 lat=36.6000148 lon=-6.2501463 speed=0.0m/s acc=44.091m sessionAge=253204ms
08-26 19:14:58.753 D PARKDIAG/Coord:   ⚓✗ stop REFUTED by its own track — 456m from the stop origin in 8s while reporting 0.0 m/s (envelopes 100.0+44.091m); the car was still moving — not evidence of rest [DET-STOP-MUST-BE-STILL-IN-SPACE-001]
08-26 19:14:58.755 D PARKDIAG/Coord:   state hasEverMoved=true hasEverReachedDrivingSpeed=true userConfirmed=false vehicleExit=false stoppedSince=1787764489105 stoppedDur=9644ms phase=Idle
08-26 19:14:58.757 D PARKDIAG/Coord:   ⚖ scoring=NotYet (signals: speed=0.0 stopped=9644ms accuracy=44.091 exit=false)
08-26 19:15:02.460 D PARKDIAG/Coord: ─ loc#47 lat=36.6000217 lon=-6.2493417 speed=0.0m/s acc=8.8m sessionAge=256915ms
08-26 19:15:02.462 D PARKDIAG/Coord:   ⚓✗ stop REFUTED by its own track — 71m from the stop origin in 9s while reporting 0.0 m/s (envelopes 44.091+8.8m); the car was still moving — not evidence of rest [DET-STOP-MUST-BE-STILL-IN-SPACE-001]
08-26 19:15:02.463 D PARKDIAG/Coord:   state hasEverMoved=true hasEverReachedDrivingSpeed=true userConfirmed=false vehicleExit=false stoppedSince=1787764489105 stoppedDur=13355ms phase=Idle
08-26 19:15:02.465 D PARKDIAG/Coord:   ⚖ scoring=NotYet (signals: speed=0.0 stopped=13355ms accuracy=8.8 exit=false)
08-26 19:15:08.276 D PARKDIAG/Coord: ─ loc#48 lat=36.59991 lon=-6.2484933 speed=10.300621m/s acc=6.1m sessionAge=262731ms
08-26 19:15:08.278 D PARKDIAG/Coord:   ⇢ SUSTAINED DEPARTURE — position ran 308 m from the anchor at 16.1 m/s avg — credible drive by displacement [DET-CREDIBLE-DRIVE-001]
08-26 19:15:08.279 D PARKDIAG/Coord:   state hasEverMoved=true hasEverReachedDrivingSpeed=true userConfirmed=false vehicleExit=false stoppedSince=null stoppedDur=0ms phase=Idle
08-26 19:15:08.281 D PARKDIAG/Coord:   ⚖ scoring=NotYet (signals: speed=10.300621 stopped=0ms accuracy=6.1 exit=false)
08-26 19:15:08.327 D PARKDIAG/Coord: ─ loc#49 lat=36.59991 lon=-6.2484933 speed=10.300621m/s acc=6.1m sessionAge=262782ms
08-26 19:15:08.329 D PARKDIAG/Coord:   state hasEverMoved=true hasEverReachedDrivingSpeed=true userConfirmed=false vehicleExit=false stoppedSince=null stoppedDur=0ms phase=Idle
08-26 19:15:08.331 D PARKDIAG/Coord:   ⚖ scoring=NotYet (signals: speed=10.300621 stopped=0ms accuracy=6.1 exit=false)
08-26 19:15:35.024 D PARKDIAG/Coord: ─ loc#50 lat=36.59986 lon=-6.2478067 speed=0.0m/s acc=503.439m sessionAge=289478ms
08-26 19:15:35.026 D PARKDIAG/Coord:   state hasEverMoved=true hasEverReachedDrivingSpeed=true userConfirmed=false vehicleExit=false stoppedSince=1787764535023 stoppedDur=0ms phase=Idle
08-26 19:15:35.028 D PARKDIAG/Coord:   ⚖ scoring=NotYet (signals: speed=0.0 stopped=0ms accuracy=503.439 exit=false)
08-26 19:15:36.195 D PARKDIAG/Coord: ─ loc#51 lat=36.5994867 lon=-6.2461067 speed=0.0m/s acc=8.0m sessionAge=290649ms
08-26 19:15:36.196 D PARKDIAG/Coord:   state hasEverMoved=true hasEverReachedDrivingSpeed=true userConfirmed=false vehicleExit=false stoppedSince=1787764535023 stoppedDur=1171ms phase=Idle
08-26 19:15:36.197 D PARKDIAG/Coord:   ⚖ scoring=NotYet (signals: speed=0.0 stopped=1171ms accuracy=8.0 exit=false)
08-26 19:15:40.297 D PARKDIAG/Coord: ─ loc#52 lat=36.5995033 lon=-6.245855 speed=0.639285m/s acc=7.2m sessionAge=294751ms
08-26 19:15:40.298 D PARKDIAG/Coord:   state hasEverMoved=true hasEverReachedDrivingSpeed=true userConfirmed=false vehicleExit=false stoppedSince=1787764535023 stoppedDur=5273ms phase=Idle
08-26 19:15:40.300 D PARKDIAG/Coord:   ⚖ scoring=NotYet (signals: speed=0.639285 stopped=5273ms accuracy=7.2 exit=false)
08-26 19:15:45.286 D PARKDIAG/Coord: ─ loc#53 lat=36.5994867 lon=-6.2454917 speed=5.1261187m/s acc=5.9m sessionAge=299740ms
08-26 19:15:45.288 D PARKDIAG/Coord:   state hasEverMoved=true hasEverReachedDrivingSpeed=true userConfirmed=false vehicleExit=false stoppedSince=null stoppedDur=0ms phase=Idle
08-26 19:15:45.289 D PARKDIAG/Coord:   ⚖ scoring=NotYet (signals: speed=5.1261187 stopped=0ms accuracy=5.9 exit=false)
08-26 19:15:45.316 D PARKDIAG/Coord: ─ loc#54 lat=36.5994867 lon=-6.2454917 speed=5.1261187m/s acc=5.9m sessionAge=299771ms
08-26 19:15:45.318 D PARKDIAG/Coord:   state hasEverMoved=true hasEverReachedDrivingSpeed=true userConfirmed=false vehicleExit=false stoppedSince=null stoppedDur=0ms phase=Idle
08-26 19:15:45.319 D PARKDIAG/Coord:   ⚖ scoring=NotYet (signals: speed=5.1261187 stopped=0ms accuracy=5.9 exit=false)
08-26 19:16:05.268 D PARKDIAG/Coord: ─ loc#55 lat=36.59931 lon=-6.242995 speed=0.0m/s acc=8.0m sessionAge=319723ms
08-26 19:16:05.270 D PARKDIAG/Coord:   state hasEverMoved=true hasEverReachedDrivingSpeed=true userConfirmed=false vehicleExit=false stoppedSince=1787764565268 stoppedDur=0ms phase=Idle
08-26 19:16:05.272 D PARKDIAG/Coord:   ⚖ scoring=NotYet (signals: speed=0.0 stopped=0ms accuracy=8.0 exit=false)
08-26 19:16:05.347 D PARKDIAG/Coord: ─ loc#56 lat=36.59931 lon=-6.242995 speed=0.0m/s acc=8.0m sessionAge=319802ms
08-26 19:16:05.349 D PARKDIAG/Coord:   state hasEverMoved=true hasEverReachedDrivingSpeed=true userConfirmed=false vehicleExit=false stoppedSince=1787764565268 stoppedDur=79ms phase=Idle
08-26 19:16:05.351 D PARKDIAG/Coord:   ⚖ scoring=NotYet (signals: speed=0.0 stopped=79ms accuracy=8.0 exit=false)
08-26 19:16:11.272 D PARKDIAG/Coord: ─ loc#57 lat=36.59942 lon=-6.24447 speed=0.0m/s acc=8.5m sessionAge=325727ms
08-26 19:16:11.274 D PARKDIAG/Coord:   ⚓✗ stop REFUTED by its own track — 132m from the stop origin in 5s while reporting 0.0 m/s (envelopes 8.0+8.5m); the car was still moving — not evidence of rest [DET-STOP-MUST-BE-STILL-IN-SPACE-001]
08-26 19:16:11.275 D PARKDIAG/Coord:   state hasEverMoved=true hasEverReachedDrivingSpeed=true userConfirmed=false vehicleExit=false stoppedSince=1787764565268 stoppedDur=6004ms phase=Idle
08-26 19:16:11.277 D PARKDIAG/Coord:   ⚖ scoring=NotYet (signals: speed=0.0 stopped=6004ms accuracy=8.5 exit=false)
08-26 19:16:16.267 D PARKDIAG/Coord: ─ loc#58 lat=36.599055 lon=-6.2433883 speed=0.0m/s acc=7.55m sessionAge=330722ms
08-26 19:16:16.269 D PARKDIAG/Coord:   ⚓✗ stop REFUTED by its own track — 104m from the stop origin in 5s while reporting 0.0 m/s (envelopes 8.5+7.55m); the car was still moving — not evidence of rest [DET-STOP-MUST-BE-STILL-IN-SPACE-001]
08-26 19:16:16.270 D PARKDIAG/Coord:   state hasEverMoved=true hasEverReachedDrivingSpeed=true userConfirmed=false vehicleExit=false stoppedSince=1787764565268 stoppedDur=10999ms phase=Idle
08-26 19:16:16.272 D PARKDIAG/Coord:   ⚖ scoring=NotYet (signals: speed=0.0 stopped=10999ms accuracy=7.55 exit=false)
08-26 19:16:20.288 D PARKDIAG/Coord: ─ loc#59 lat=36.5989567 lon=-6.2429117 speed=4.8059616m/s acc=6.2m sessionAge=334742ms
08-26 19:16:20.289 D PARKDIAG/Coord:   ⤳ mute ambiguous fix corroborated as CAR by displacement (speed=4.8059616 acc=6.2) [DET-CREDIBLE-DRIVE-001]
08-26 19:16:20.291 D PARKDIAG/Coord:   state hasEverMoved=true hasEverReachedDrivingSpeed=true userConfirmed=false vehicleExit=false stoppedSince=null stoppedDur=0ms phase=Idle
08-26 19:16:20.292 D PARKDIAG/Coord:   ⚖ scoring=NotYet (signals: speed=4.8059616 stopped=0ms accuracy=6.2 exit=false)
08-26 19:16:25.296 D PARKDIAG/Coord: ─ loc#60 lat=36.5989267 lon=-6.2426417 speed=0.6866394m/s acc=5.45m sessionAge=339750ms
08-26 19:16:25.298 D PARKDIAG/Coord:   state hasEverMoved=true hasEverReachedDrivingSpeed=true userConfirmed=false vehicleExit=false stoppedSince=1787764585295 stoppedDur=0ms phase=Idle
08-26 19:16:25.301 D PARKDIAG/Coord:   ⚖ scoring=NotYet (signals: speed=0.6866394 stopped=0ms accuracy=5.45 exit=false)
08-26 19:16:30.296 D PARKDIAG/Coord: ─ loc#61 lat=36.598915 lon=-6.2424483 speed=2.7378075m/s acc=4.9m sessionAge=344751ms
08-26 19:16:30.298 D PARKDIAG/Coord:   ♟ anchor HELD — steps=0 cover the displacement (speed=2.7378075 m/s ambiguous band) [DET-AR-FIRST-001]
08-26 19:16:30.300 D PARKDIAG/Coord:   state hasEverMoved=true hasEverReachedDrivingSpeed=true userConfirmed=false vehicleExit=false stoppedSince=null stoppedDur=0ms phase=Idle
08-26 19:16:30.301 D PARKDIAG/Coord:   ⚖ scoring=NotYet (signals: speed=2.7378075 stopped=0ms accuracy=4.9 exit=false)
08-26 19:16:35.326 D PARKDIAG/Coord: ─ loc#62 lat=36.59896 lon=-6.241815 speed=13.152183m/s acc=4.6m sessionAge=349781ms
08-26 19:16:35.328 D PARKDIAG/Coord:   state hasEverMoved=true hasEverReachedDrivingSpeed=true userConfirmed=false vehicleExit=false stoppedSince=null stoppedDur=0ms phase=Idle
08-26 19:16:35.330 D PARKDIAG/Coord:   ⚖ scoring=NotYet (signals: speed=13.152183 stopped=0ms accuracy=4.6 exit=false)
08-26 19:16:35.365 D PARKDIAG/Coord: ─ loc#63 lat=36.59896 lon=-6.241815 speed=13.152183m/s acc=4.6m sessionAge=349820ms
08-26 19:16:35.367 D PARKDIAG/Coord:   state hasEverMoved=true hasEverReachedDrivingSpeed=true userConfirmed=false vehicleExit=false stoppedSince=null stoppedDur=0ms phase=Idle
08-26 19:16:35.369 D PARKDIAG/Coord:   ⚖ scoring=NotYet (signals: speed=13.152183 stopped=0ms accuracy=4.6 exit=false)
08-26 19:16:47.010 D PARKDIAG/ARReceiver:   → IN_VEHICLE ENTER
08-26 19:16:47.010 D PARKDIAG/ARReceiver:   ✓ IN_VEHICLE ENTER → bus stamped (trueTime=1787764245223, lag=361787ms) [DET-SOLID-001]
08-26 19:16:47.030 D PARKDIAG/Service: ▶ onStartCommand action=io.apptolast.paparcar.ACTION_AR_TRANSITION flags=0 startId=31
08-26 19:16:47.039 D PARKDIAG/Service:   ✓ startForeground done (locationPermission=true)
08-26 19:16:47.049 D PARKDIAG/Service:   ↻ AR_TRANSITION — coordinator already running (same area); not re-arming [DET-AR-REARM-001]
08-26 19:16:47.161 D PARKDIAG/Bootstrap: ▶ Bootstrap.invoke userId=fiypNbElGlfFexLMpU9sNaMjRMD3
08-26 19:16:47.162 D PARKDIAG/Bootstrap:   → syncVehicles START
08-26 19:16:47.162 D PARKDIAG/VehicleSync: ▶ syncFromRemote userId=fiypNbElGlfFexLMpU9sNaMjRMD3
08-26 19:16:47.163 D PARKDIAG/Bootstrap:   → syncParkingHistory START
08-26 19:16:47.164 D PARKDIAG/Bootstrap:   → syncZones START
08-26 19:16:47.189 D PARKDIAG/SafetyNet: ■ detection running — skipping check
08-26 19:16:47.559 D PARKDIAG/VehicleSync:   ← Firestore returned 3 vehicle(s)
08-26 19:16:47.559 D PARKDIAG/VehicleSync:     vehicle id=abf6c516-a739-4708-b216-870285f3cbc6 isActive=false name=Skoda Kamiq
08-26 19:16:47.559 D PARKDIAG/VehicleSync:     vehicle id=addbe660-ad30-4857-ab1f-58433d76992d isActive=true name=Ford Focus
08-26 19:16:47.560 D PARKDIAG/VehicleSync:     vehicle id=ccd539d9-02f9-4b40-8b94-da672c96866f isActive=false name=Chevrolet Beat
08-26 19:16:47.573 D PARKDIAG/VehicleSync: ■ syncFromRemote merged 3 vehicle(s) into Room (kept 0 pending)
08-26 19:16:47.573 D PARKDIAG/Bootstrap:   ← syncVehicles END isSuccess=true
08-26 19:16:48.090 D PARKDIAG/Bootstrap:   ← syncZones END isSuccess=true
08-26 19:16:48.440 D PARKDIAG/Bootstrap:   ← syncParkingHistory END isSuccess=true
08-26 19:16:48.441 D PARKDIAG/Bootstrap: ■ Bootstrap.invoke SUCCESS
08-26 19:16:52.922 D PARKDIAG/Coord: ─ loc#64 lat=36.5988117 lon=-6.239485 speed=11.800522m/s acc=11.4m sessionAge=367377ms
08-26 19:16:52.923 D PARKDIAG/Coord:   state hasEverMoved=true hasEverReachedDrivingSpeed=true userConfirmed=false vehicleExit=false stoppedSince=null stoppedDur=0ms phase=Idle
08-26 19:16:52.925 D PARKDIAG/Coord:   ⚖ scoring=NotYet (signals: speed=11.800522 stopped=0ms accuracy=11.4 exit=false)
08-26 19:17:10.275 D PARKDIAG/Coord: ─ loc#65 lat=36.5985917 lon=-6.2375167 speed=2.5710375m/s acc=4.15m sessionAge=384730ms
08-26 19:17:10.277 D PARKDIAG/Coord:   ⤳ mute ambiguous fix corroborated as CAR by displacement (speed=2.5710375 acc=4.15) [DET-CREDIBLE-DRIVE-001]
08-26 19:17:10.278 D PARKDIAG/Coord:   state hasEverMoved=true hasEverReachedDrivingSpeed=true userConfirmed=false vehicleExit=false stoppedSince=null stoppedDur=0ms phase=Idle
08-26 19:17:10.279 D PARKDIAG/Coord:   ⚖ scoring=NotYet (signals: speed=2.5710375 stopped=0ms accuracy=4.15 exit=false)
08-26 19:17:10.343 D PARKDIAG/Coord: ─ loc#66 lat=36.5985917 lon=-6.2375167 speed=2.5710375m/s acc=4.15m sessionAge=384798ms
08-26 19:17:10.344 D PARKDIAG/Coord:   ⟲ reposition-burst detected (consecutive=6 speed=2.5710375 acc=4.15) — clearing bestStopLocation [PARKING-001]
08-26 19:17:10.344 D PARKDIAG/Coord:   state hasEverMoved=true hasEverReachedDrivingSpeed=true userConfirmed=false vehicleExit=false stoppedSince=null stoppedDur=0ms phase=Idle
08-26 19:17:10.345 D PARKDIAG/Coord:   ⚖ scoring=NotYet (signals: speed=2.5710375 stopped=0ms accuracy=4.15 exit=false)
08-26 19:17:15.511 D PARKDIAG/Coord: ─ loc#67 lat=36.59862 lon=-6.2375383 speed=0.027280279m/s acc=2.95m sessionAge=389965ms
08-26 19:17:15.513 D PARKDIAG/Coord:   state hasEverMoved=true hasEverReachedDrivingSpeed=true userConfirmed=false vehicleExit=false stoppedSince=1787764635510 stoppedDur=0ms phase=Idle
08-26 19:17:15.516 D PARKDIAG/Coord:   ⚖ scoring=NotYet (signals: speed=0.027280279 stopped=0ms accuracy=2.95 exit=false)
08-26 19:17:20.311 D PARKDIAG/Coord: ─ loc#68 lat=36.5985883 lon=-6.2375817 speed=0.14875472m/s acc=2.5m sessionAge=394764ms
08-26 19:17:20.314 D PARKDIAG/Coord:   state hasEverMoved=true hasEverReachedDrivingSpeed=true userConfirmed=false vehicleExit=false stoppedSince=1787764635510 stoppedDur=4799ms phase=Idle
08-26 19:17:20.319 D PARKDIAG/Coord:   ⚖ scoring=NotYet (signals: speed=0.14875472 stopped=4799ms accuracy=2.5 exit=false)
08-26 19:17:25.228 D PARKDIAG/Coord: ─ loc#69 lat=36.5984917 lon=-6.2373017 speed=5.826141m/s acc=2.85m sessionAge=399683ms
08-26 19:17:25.229 D PARKDIAG/Coord:   state hasEverMoved=true hasEverReachedDrivingSpeed=true userConfirmed=false vehicleExit=false stoppedSince=null stoppedDur=0ms phase=Idle
08-26 19:17:25.230 D PARKDIAG/Coord:   ⚖ scoring=NotYet (signals: speed=5.826141 stopped=0ms accuracy=2.85 exit=false)
08-26 19:17:25.246 D PARKDIAG/Coord: ─ loc#70 lat=36.5984917 lon=-6.2373017 speed=5.826141m/s acc=2.85m sessionAge=399700ms
08-26 19:17:25.248 D PARKDIAG/Coord:   state hasEverMoved=true hasEverReachedDrivingSpeed=true userConfirmed=false vehicleExit=false stoppedSince=null stoppedDur=0ms phase=Idle
08-26 19:17:25.250 D PARKDIAG/Coord:   ⚖ scoring=NotYet (signals: speed=5.826141 stopped=0ms accuracy=2.85 exit=false)
08-26 19:17:40.236 D PARKDIAG/Coord: ─ loc#71 lat=36.59821 lon=-6.236725 speed=4.7318416m/s acc=2.65m sessionAge=414691ms
08-26 19:17:40.238 D PARKDIAG/Coord:   ⤳ mute ambiguous fix corroborated as CAR by displacement (speed=4.7318416 acc=2.65) [DET-CREDIBLE-DRIVE-001]
08-26 19:17:40.240 D PARKDIAG/Coord:   state hasEverMoved=true hasEverReachedDrivingSpeed=true userConfirmed=false vehicleExit=false stoppedSince=null stoppedDur=0ms phase=Idle
08-26 19:17:40.242 D PARKDIAG/Coord:   ⚖ scoring=NotYet (signals: speed=4.7318416 stopped=0ms accuracy=2.65 exit=false)
08-26 19:17:55.294 D PARKDIAG/Coord: ─ loc#72 lat=36.5977733 lon=-6.2360483 speed=1.8916042m/s acc=2.8m sessionAge=429748ms
08-26 19:17:55.295 D PARKDIAG/Coord:   ⟲ reposition-burst detected (consecutive=4 speed=1.8916042 acc=2.8) — clearing bestStopLocation [PARKING-001]
08-26 19:17:55.297 D PARKDIAG/Coord:   state hasEverMoved=true hasEverReachedDrivingSpeed=true userConfirmed=false vehicleExit=false stoppedSince=null stoppedDur=0ms phase=Idle
08-26 19:17:55.299 D PARKDIAG/Coord:   ⚖ scoring=NotYet (signals: speed=1.8916042 stopped=0ms accuracy=2.8 exit=false)
08-26 19:17:55.320 D PARKDIAG/Coord: ─ loc#73 lat=36.5977733 lon=-6.2360483 speed=1.8916042m/s acc=2.8m sessionAge=429775ms
08-26 19:17:55.322 D PARKDIAG/Coord:   ⟲ reposition-burst detected (consecutive=5 speed=1.8916042 acc=2.8) — clearing bestStopLocation [PARKING-001]
08-26 19:17:55.323 D PARKDIAG/Coord:   state hasEverMoved=true hasEverReachedDrivingSpeed=true userConfirmed=false vehicleExit=false stoppedSince=null stoppedDur=0ms phase=Idle
08-26 19:17:55.324 D PARKDIAG/Coord:   ⚖ scoring=NotYet (signals: speed=1.8916042 stopped=0ms accuracy=2.8 exit=false)
08-26 19:18:00.276 D PARKDIAG/Coord: ─ loc#74 lat=36.5977833 lon=-6.2359967 speed=0.0m/s acc=2.8m sessionAge=434731ms
08-26 19:18:00.279 D PARKDIAG/Coord:   state hasEverMoved=true hasEverReachedDrivingSpeed=true userConfirmed=false vehicleExit=false stoppedSince=1787764680276 stoppedDur=0ms phase=Idle
08-26 19:18:00.282 D PARKDIAG/Coord:   ⚖ scoring=NotYet (signals: speed=0.0 stopped=0ms accuracy=2.8 exit=false)
08-26 19:18:05.311 D PARKDIAG/Coord: ─ loc#75 lat=36.5977833 lon=-6.2359967 speed=0.0m/s acc=2.85m sessionAge=439765ms
08-26 19:18:05.313 D PARKDIAG/Coord:   state hasEverMoved=true hasEverReachedDrivingSpeed=true userConfirmed=false vehicleExit=false stoppedSince=1787764680276 stoppedDur=5034ms phase=Idle
08-26 19:18:05.315 D PARKDIAG/Coord:   ⚖ scoring=NotYet (signals: speed=0.0 stopped=5034ms accuracy=2.85 exit=false)
08-26 19:18:10.266 D PARKDIAG/Coord: ─ loc#76 lat=36.5977833 lon=-6.2359967 speed=0.0m/s acc=2.9m sessionAge=444720ms
08-26 19:18:10.269 D PARKDIAG/Coord:   state hasEverMoved=true hasEverReachedDrivingSpeed=true userConfirmed=false vehicleExit=false stoppedSince=1787764680276 stoppedDur=9989ms phase=Idle
08-26 19:18:10.272 D PARKDIAG/Coord:   ⚖ scoring=NotYet (signals: speed=0.0 stopped=9989ms accuracy=2.9 exit=false)
08-26 19:18:15.351 D PARKDIAG/Coord: ─ loc#77 lat=36.5976933 lon=-6.23589 speed=5.342817m/s acc=2.8m sessionAge=449806ms
08-26 19:18:15.354 D PARKDIAG/Coord:   state hasEverMoved=true hasEverReachedDrivingSpeed=true userConfirmed=false vehicleExit=false stoppedSince=null stoppedDur=0ms phase=Idle
08-26 19:18:15.356 D PARKDIAG/Coord:   ⚖ scoring=NotYet (signals: speed=5.342817 stopped=0ms accuracy=2.8 exit=false)
08-26 19:18:15.367 D PARKDIAG/Coord: ─ loc#78 lat=36.5976933 lon=-6.23589 speed=5.342817m/s acc=2.8m sessionAge=449822ms
08-26 19:18:15.368 D PARKDIAG/Coord:   state hasEverMoved=true hasEverReachedDrivingSpeed=true userConfirmed=false vehicleExit=false stoppedSince=null stoppedDur=0ms phase=Idle
08-26 19:18:15.369 D PARKDIAG/Coord:   ⚖ scoring=NotYet (signals: speed=5.342817 stopped=0ms accuracy=2.8 exit=false)
08-26 19:18:30.331 D PARKDIAG/Coord: ─ loc#79 lat=36.597 lon=-6.234915 speed=7.108314m/s acc=2.05m sessionAge=464785ms
08-26 19:18:30.332 D PARKDIAG/Coord:   state hasEverMoved=true hasEverReachedDrivingSpeed=true userConfirmed=false vehicleExit=false stoppedSince=null stoppedDur=0ms phase=Idle
08-26 19:18:30.334 D PARKDIAG/Coord:   ⚖ scoring=NotYet (signals: speed=7.108314 stopped=0ms accuracy=2.05 exit=false)
08-26 19:18:45.350 D PARKDIAG/Coord: ─ loc#80 lat=36.5967633 lon=-6.2345517 speed=4.3200636m/s acc=2.4m sessionAge=479805ms
08-26 19:18:45.352 D PARKDIAG/Coord:   ⤳ mute ambiguous fix corroborated as CAR by displacement (speed=4.3200636 acc=2.4) [DET-CREDIBLE-DRIVE-001]
08-26 19:18:45.354 D PARKDIAG/Coord:   state hasEverMoved=true hasEverReachedDrivingSpeed=true userConfirmed=false vehicleExit=false stoppedSince=null stoppedDur=0ms phase=Idle
08-26 19:18:45.357 D PARKDIAG/Coord:   ⚖ scoring=NotYet (signals: speed=4.3200636 stopped=0ms accuracy=2.4 exit=false)
08-26 19:18:48.510 D PARKDIAG/Coord:   ♲ pedal cadence — 12 steps concurrent with 4 above-ceiling fixes → human-powered ride, automatic saves degrade to a prompt [DET-MOTOR-PROOF-001]
08-26 19:19:00.273 D PARKDIAG/Coord: ─ loc#81 lat=36.5961433 lon=-6.2335267 speed=8.188716m/s acc=2.1m sessionAge=494727ms
08-26 19:19:00.275 D PARKDIAG/Coord:   state hasEverMoved=true hasEverReachedDrivingSpeed=true userConfirmed=false vehicleExit=false stoppedSince=null stoppedDur=0ms phase=Idle
08-26 19:19:00.276 D PARKDIAG/Coord:   ⚖ scoring=NotYet (signals: speed=8.188716 stopped=0ms accuracy=2.1 exit=false)
08-26 19:19:15.245 D PARKDIAG/Coord: ─ loc#82 lat=36.5953017 lon=-6.232095 speed=7.1721396m/s acc=2.85m sessionAge=509699ms
08-26 19:19:15.247 D PARKDIAG/Coord:   state hasEverMoved=true hasEverReachedDrivingSpeed=true userConfirmed=false vehicleExit=false stoppedSince=null stoppedDur=0ms phase=Idle
08-26 19:19:15.249 D PARKDIAG/Coord:   ⚖ scoring=NotYet (signals: speed=7.1721396 stopped=0ms accuracy=2.85 exit=false)
08-26 19:19:30.210 D PARKDIAG/Coord: ─ loc#83 lat=36.5949467 lon=-6.2315817 speed=10.050981m/s acc=2.6m sessionAge=524664ms
08-26 19:19:30.211 D PARKDIAG/Coord:   state hasEverMoved=true hasEverReachedDrivingSpeed=true userConfirmed=false vehicleExit=false stoppedSince=null stoppedDur=0ms phase=Idle
08-26 19:19:30.212 D PARKDIAG/Coord:   ⚖ scoring=NotYet (signals: speed=10.050981 stopped=0ms accuracy=2.6 exit=false)
08-26 19:19:36.752 D PARKDIAG/SafetyNet: ■ detection running — skipping check
08-26 19:19:45.315 D PARKDIAG/Coord: ─ loc#84 lat=36.5942117 lon=-6.2305917 speed=2.1999228m/s acc=3.25m sessionAge=539770ms
08-26 19:19:45.317 D PARKDIAG/Coord:   ⟲ reposition-burst detected (consecutive=8 speed=2.1999228 acc=3.25) — clearing bestStopLocation [PARKING-001]
08-26 19:19:45.319 D PARKDIAG/Coord:   state hasEverMoved=true hasEverReachedDrivingSpeed=true userConfirmed=false vehicleExit=false stoppedSince=null stoppedDur=0ms phase=Idle
08-26 19:19:45.323 D PARKDIAG/Coord:   ⚖ scoring=NotYet (signals: speed=2.1999228 stopped=0ms accuracy=3.25 exit=false)
08-26 19:19:45.357 D PARKDIAG/Coord: ─ loc#85 lat=36.5942117 lon=-6.2305917 speed=2.1999228m/s acc=3.25m sessionAge=539812ms
08-26 19:19:45.360 D PARKDIAG/Coord:   ⟲ reposition-burst detected (consecutive=9 speed=2.1999228 acc=3.25) — clearing bestStopLocation [PARKING-001]
08-26 19:19:45.362 D PARKDIAG/Coord:   state hasEverMoved=true hasEverReachedDrivingSpeed=true userConfirmed=false vehicleExit=false stoppedSince=null stoppedDur=0ms phase=Idle
08-26 19:19:45.364 D PARKDIAG/Coord:   ⚖ scoring=NotYet (signals: speed=2.1999228 stopped=0ms accuracy=3.25 exit=false)
08-26 19:19:50.262 D PARKDIAG/Coord: ─ loc#86 lat=36.5942567 lon=-6.2305567 speed=2.6678052m/s acc=3.15m sessionAge=544717ms
08-26 19:19:50.264 D PARKDIAG/Coord:   ⟲ reposition-burst detected (consecutive=10 speed=2.6678052 acc=3.15) — clearing bestStopLocation [PARKING-001]
08-26 19:19:50.266 D PARKDIAG/Coord:   state hasEverMoved=true hasEverReachedDrivingSpeed=true userConfirmed=false vehicleExit=false stoppedSince=null stoppedDur=0ms phase=Idle
08-26 19:19:50.269 D PARKDIAG/Coord:   ⚖ scoring=NotYet (signals: speed=2.6678052 stopped=0ms accuracy=3.15 exit=false)
08-26 19:19:55.239 D PARKDIAG/Coord: ─ loc#87 lat=36.59416 lon=-6.2303183 speed=5.393774m/s acc=3.0m sessionAge=549694ms
08-26 19:19:55.242 D PARKDIAG/Coord:   state hasEverMoved=true hasEverReachedDrivingSpeed=true userConfirmed=false vehicleExit=false stoppedSince=null stoppedDur=0ms phase=Idle
08-26 19:19:55.245 D PARKDIAG/Coord:   ⚖ scoring=NotYet (signals: speed=5.393774 stopped=0ms accuracy=3.0 exit=false)
08-26 19:19:55.265 D PARKDIAG/Coord: ─ loc#88 lat=36.59416 lon=-6.2303183 speed=5.393774m/s acc=3.0m sessionAge=549720ms
08-26 19:19:55.268 D PARKDIAG/Coord:   state hasEverMoved=true hasEverReachedDrivingSpeed=true userConfirmed=false vehicleExit=false stoppedSince=null stoppedDur=0ms phase=Idle
08-26 19:19:55.270 D PARKDIAG/Coord:   ⚖ scoring=NotYet (signals: speed=5.393774 stopped=0ms accuracy=3.0 exit=false)
08-26 19:20:10.311 D PARKDIAG/Coord: ─ loc#89 lat=36.59406 lon=-6.2302017 speed=0.0m/s acc=3.0m sessionAge=564765ms
08-26 19:20:10.313 D PARKDIAG/Coord:   state hasEverMoved=true hasEverReachedDrivingSpeed=true userConfirmed=false vehicleExit=false stoppedSince=1787764810310 stoppedDur=0ms phase=Idle
08-26 19:20:10.316 D PARKDIAG/Coord:   ⚖ scoring=NotYet (signals: speed=0.0 stopped=0ms accuracy=3.0 exit=false)
08-26 19:20:10.334 D PARKDIAG/Coord: ─ loc#90 lat=36.59406 lon=-6.2302017 speed=0.0m/s acc=3.0m sessionAge=564789ms
08-26 19:20:10.336 D PARKDIAG/Coord:   state hasEverMoved=true hasEverReachedDrivingSpeed=true userConfirmed=false vehicleExit=false stoppedSince=1787764810310 stoppedDur=24ms phase=Idle
08-26 19:20:10.337 D PARKDIAG/Coord:   ⚖ scoring=NotYet (signals: speed=0.0 stopped=24ms accuracy=3.0 exit=false)
08-26 19:20:15.332 D PARKDIAG/Coord: ─ loc#91 lat=36.59406 lon=-6.2302017 speed=0.0m/s acc=2.95m sessionAge=569786ms
08-26 19:20:15.335 D PARKDIAG/Coord:   state hasEverMoved=true hasEverReachedDrivingSpeed=true userConfirmed=false vehicleExit=false stoppedSince=1787764810310 stoppedDur=5021ms phase=Idle
08-26 19:20:15.337 D PARKDIAG/Coord:   ⚖ scoring=NotYet (signals: speed=0.0 stopped=5021ms accuracy=2.95 exit=false)
08-26 19:20:20.306 D PARKDIAG/Coord: ─ loc#92 lat=36.59406 lon=-6.2302017 speed=0.0m/s acc=2.85m sessionAge=574760ms
08-26 19:20:20.309 D PARKDIAG/Coord:   ⚓ anchor FROZEN — drive-entered stop matured (stableFixes=3, walkFixes=0); only real driving (≥5.0 m/s) can move it [DET-ANCHOR-FREEZE-001][DET-SHORT-TRIP-FREEZE-001]
08-26 19:20:20.314 D PARKDIAG/Coord:   state hasEverMoved=true hasEverReachedDrivingSpeed=true userConfirmed=false vehicleExit=false stoppedSince=1787764810310 stoppedDur=9995ms phase=Idle
08-26 19:20:20.318 D PARKDIAG/Coord:   ⚖ scoring=NotYet (signals: speed=0.0 stopped=9995ms accuracy=2.85 exit=false)
08-26 19:20:25.264 D PARKDIAG/Coord: ─ loc#93 lat=36.5940783 lon=-6.2301717 speed=0.16985834m/s acc=2.7m sessionAge=579718ms
08-26 19:20:25.267 D PARKDIAG/Coord:   state hasEverMoved=true hasEverReachedDrivingSpeed=true userConfirmed=false vehicleExit=false stoppedSince=1787764810310 stoppedDur=14953ms phase=Idle
08-26 19:20:25.270 D PARKDIAG/Coord:   ⚖ scoring=NotYet (signals: speed=0.16985834 stopped=14953ms accuracy=2.7 exit=false)
08-26 19:20:30.329 D PARKDIAG/Coord: ─ loc#94 lat=36.5939067 lon=-6.230045 speed=5.3356104m/s acc=2.65m sessionAge=584784ms
08-26 19:20:30.331 D PARKDIAG/Coord:   state hasEverMoved=true hasEverReachedDrivingSpeed=true userConfirmed=false vehicleExit=false stoppedSince=null stoppedDur=0ms phase=Idle
08-26 19:20:30.335 D PARKDIAG/Coord:   ⚖ scoring=NotYet (signals: speed=5.3356104 stopped=0ms accuracy=2.65 exit=false)
08-26 19:20:30.352 D PARKDIAG/Coord: ─ loc#95 lat=36.5939067 lon=-6.230045 speed=5.3356104m/s acc=2.65m sessionAge=584807ms
08-26 19:20:30.354 D PARKDIAG/Coord:   state hasEverMoved=true hasEverReachedDrivingSpeed=true userConfirmed=false vehicleExit=false stoppedSince=null stoppedDur=0ms phase=Idle
08-26 19:20:30.356 D PARKDIAG/Coord:   ⚖ scoring=NotYet (signals: speed=5.3356104 stopped=0ms accuracy=2.65 exit=false)
08-26 19:20:46.319 D PARKDIAG/Coord: ─ loc#96 lat=36.59366 lon=-6.2292433 speed=4.028216m/s acc=2.6m sessionAge=600774ms
08-26 19:20:46.322 D PARKDIAG/Coord:   ⤳ mute ambiguous fix corroborated as CAR by displacement (speed=4.028216 acc=2.6) [DET-CREDIBLE-DRIVE-001]
08-26 19:20:46.323 D PARKDIAG/Coord:   state hasEverMoved=true hasEverReachedDrivingSpeed=true userConfirmed=false vehicleExit=false stoppedSince=null stoppedDur=0ms phase=Idle
08-26 19:20:46.325 D PARKDIAG/Coord:   ⚖ scoring=NotYet (signals: speed=4.028216 stopped=0ms accuracy=2.6 exit=false)
08-26 19:21:00.238 D PARKDIAG/Coord: ─ loc#97 lat=36.5940483 lon=-6.2288583 speed=0.0m/s acc=3.0m sessionAge=614693ms
08-26 19:21:00.239 D PARKDIAG/Coord:   state hasEverMoved=true hasEverReachedDrivingSpeed=true userConfirmed=false vehicleExit=false stoppedSince=1787764860238 stoppedDur=0ms phase=Idle
08-26 19:21:00.240 D PARKDIAG/Coord:   ⚖ scoring=NotYet (signals: speed=0.0 stopped=0ms accuracy=3.0 exit=false)
08-26 19:21:00.279 D PARKDIAG/Coord: ─ loc#98 lat=36.5940483 lon=-6.2288583 speed=0.0m/s acc=3.0m sessionAge=614734ms
08-26 19:21:00.281 D PARKDIAG/Coord:   state hasEverMoved=true hasEverReachedDrivingSpeed=true userConfirmed=false vehicleExit=false stoppedSince=1787764860238 stoppedDur=41ms phase=Idle
08-26 19:21:00.282 D PARKDIAG/Coord:   ⚖ scoring=NotYet (signals: speed=0.0 stopped=41ms accuracy=3.0 exit=false)
08-26 19:21:06.249 D PARKDIAG/Coord: ─ loc#99 lat=36.5940483 lon=-6.2288583 speed=0.0m/s acc=3.05m sessionAge=620704ms
08-26 19:21:06.251 D PARKDIAG/Coord:   state hasEverMoved=true hasEverReachedDrivingSpeed=true userConfirmed=false vehicleExit=false stoppedSince=1787764860238 stoppedDur=6011ms phase=Idle
08-26 19:21:06.253 D PARKDIAG/Coord:   ⚖ scoring=NotYet (signals: speed=0.0 stopped=6011ms accuracy=3.05 exit=false)
08-26 19:21:10.289 D PARKDIAG/Coord: ─ loc#100 lat=36.594095 lon=-6.22883 speed=4.4610977m/s acc=3.0m sessionAge=624743ms
08-26 19:21:10.293 D PARKDIAG/Coord:   ♟ anchor HELD — steps=0 cover the displacement (speed=4.4610977 m/s ambiguous band) [DET-AR-FIRST-001]
08-26 19:21:10.298 D PARKDIAG/Coord:   state hasEverMoved=true hasEverReachedDrivingSpeed=true userConfirmed=false vehicleExit=false stoppedSince=null stoppedDur=0ms phase=Idle
08-26 19:21:10.301 D PARKDIAG/Coord:   ⚖ scoring=NotYet (signals: speed=4.4610977 stopped=0ms accuracy=3.0 exit=false)
08-26 19:21:15.315 D PARKDIAG/Coord: ─ loc#101 lat=36.5943033 lon=-6.22868 speed=5.6851068m/s acc=2.9m sessionAge=629769ms
08-26 19:21:15.318 D PARKDIAG/Coord:   state hasEverMoved=true hasEverReachedDrivingSpeed=true userConfirmed=false vehicleExit=false stoppedSince=null stoppedDur=0ms phase=Idle
08-26 19:21:15.320 D PARKDIAG/Coord:   ⚖ scoring=NotYet (signals: speed=5.6851068 stopped=0ms accuracy=2.9 exit=false)
08-26 19:21:15.352 D PARKDIAG/Coord: ─ loc#102 lat=36.5943033 lon=-6.22868 speed=5.6851068m/s acc=2.9m sessionAge=629807ms
08-26 19:21:15.354 D PARKDIAG/Coord:   state hasEverMoved=true hasEverReachedDrivingSpeed=true userConfirmed=false vehicleExit=false stoppedSince=null stoppedDur=0ms phase=Idle
08-26 19:21:15.356 D PARKDIAG/Coord:   ⚖ scoring=NotYet (signals: speed=5.6851068 stopped=0ms accuracy=2.9 exit=false)
08-26 19:21:30.320 D PARKDIAG/Coord: ─ loc#103 lat=36.594695 lon=-6.22858 speed=5.0231743m/s acc=2.95m sessionAge=644775ms
08-26 19:21:30.323 D PARKDIAG/Coord:   state hasEverMoved=true hasEverReachedDrivingSpeed=true userConfirmed=false vehicleExit=false stoppedSince=null stoppedDur=0ms phase=Idle
08-26 19:21:30.325 D PARKDIAG/Coord:   ⚖ scoring=NotYet (signals: speed=5.0231743 stopped=0ms accuracy=2.95 exit=false)
08-26 19:21:45.298 D PARKDIAG/Coord: ─ loc#104 lat=36.59528 lon=-6.2294033 speed=7.3836904m/s acc=2.85m sessionAge=659753ms
08-26 19:21:45.302 D PARKDIAG/Coord:   state hasEverMoved=true hasEverReachedDrivingSpeed=true userConfirmed=false vehicleExit=false stoppedSince=null stoppedDur=0ms phase=Idle
08-26 19:21:45.304 D PARKDIAG/Coord:   ⚖ scoring=NotYet (signals: speed=7.3836904 stopped=0ms accuracy=2.85 exit=false)
08-26 19:22:00.316 D PARKDIAG/Coord: ─ loc#105 lat=36.5959217 lon=-6.2303867 speed=7.4011908m/s acc=2.95m sessionAge=674771ms
08-26 19:22:00.319 D PARKDIAG/Coord:   state hasEverMoved=true hasEverReachedDrivingSpeed=true userConfirmed=false vehicleExit=false stoppedSince=null stoppedDur=0ms phase=Idle
08-26 19:22:00.321 D PARKDIAG/Coord:   ⚖ scoring=NotYet (signals: speed=7.4011908 stopped=0ms accuracy=2.95 exit=false)
08-26 19:22:15.331 D PARKDIAG/Coord: ─ loc#106 lat=36.5963917 lon=-6.2307967 speed=3.9407134m/s acc=2.85m sessionAge=689786ms
08-26 19:22:15.334 D PARKDIAG/Coord:   ⤳ mute ambiguous fix corroborated as CAR by displacement (speed=3.9407134 acc=2.85) [DET-CREDIBLE-DRIVE-001]
08-26 19:22:15.335 D PARKDIAG/Coord:   state hasEverMoved=true hasEverReachedDrivingSpeed=true userConfirmed=false vehicleExit=false stoppedSince=null stoppedDur=0ms phase=Idle
08-26 19:22:15.338 D PARKDIAG/Coord:   ⚖ scoring=NotYet (signals: speed=3.9407134 stopped=0ms accuracy=2.85 exit=false)
08-26 19:22:30.294 D PARKDIAG/Coord: ─ loc#107 lat=36.596945 lon=-6.231445 speed=5.3325224m/s acc=2.6m sessionAge=704749ms
08-26 19:22:30.297 D PARKDIAG/Coord:   state hasEverMoved=true hasEverReachedDrivingSpeed=true userConfirmed=false vehicleExit=false stoppedSince=null stoppedDur=0ms phase=Idle
08-26 19:22:30.300 D PARKDIAG/Coord:   ⚖ scoring=NotYet (signals: speed=5.3325224 stopped=0ms accuracy=2.6 exit=false)
08-26 19:22:45.347 D PARKDIAG/Coord: ─ loc#108 lat=36.5977333 lon=-6.2323 speed=7.5334744m/s acc=2.7m sessionAge=719801ms
08-26 19:22:45.350 D PARKDIAG/Coord:   state hasEverMoved=true hasEverReachedDrivingSpeed=true userConfirmed=false vehicleExit=false stoppedSince=null stoppedDur=0ms phase=Idle
08-26 19:22:45.351 D PARKDIAG/Coord:   ⚖ scoring=NotYet (signals: speed=7.5334744 stopped=0ms accuracy=2.7 exit=false)
08-26 19:23:01.308 D PARKDIAG/Coord: ─ loc#109 lat=36.5973033 lon=-6.2332333 speed=7.536563m/s acc=2.5m sessionAge=735763ms
08-26 19:23:01.311 D PARKDIAG/Coord:   state hasEverMoved=true hasEverReachedDrivingSpeed=true userConfirmed=false vehicleExit=false stoppedSince=null stoppedDur=0ms phase=Idle
08-26 19:23:01.312 D PARKDIAG/Coord:   ⚖ scoring=NotYet (signals: speed=7.536563 stopped=0ms accuracy=2.5 exit=false)
08-26 19:23:16.261 D PARKDIAG/Coord: ─ loc#110 lat=36.596445 lon=-6.2333517 speed=6.7402873m/s acc=2.6m sessionAge=750716ms
08-26 19:23:16.263 D PARKDIAG/Coord:   state hasEverMoved=true hasEverReachedDrivingSpeed=true userConfirmed=false vehicleExit=false stoppedSince=null stoppedDur=0ms phase=Idle
08-26 19:23:16.266 D PARKDIAG/Coord:   ⚖ scoring=NotYet (signals: speed=6.7402873 stopped=0ms accuracy=2.6 exit=false)
08-26 19:23:31.328 D PARKDIAG/Coord: ─ loc#111 lat=36.5963933 lon=-6.2324817 speed=3.4738603m/s acc=2.4m sessionAge=765782ms
08-26 19:23:31.329 D PARKDIAG/Coord:   ⤳ mute ambiguous fix corroborated as CAR by displacement (speed=3.4738603 acc=2.4) [DET-CREDIBLE-DRIVE-001]
08-26 19:23:31.330 D PARKDIAG/Coord:   state hasEverMoved=true hasEverReachedDrivingSpeed=true userConfirmed=false vehicleExit=false stoppedSince=null stoppedDur=0ms phase=Idle
08-26 19:23:31.332 D PARKDIAG/Coord:   ⚖ scoring=NotYet (signals: speed=3.4738603 stopped=0ms accuracy=2.4 exit=false)
08-26 19:23:46.337 D PARKDIAG/Coord: ─ loc#112 lat=36.5959817 lon=-6.2327933 speed=3.0955393m/s acc=2.25m sessionAge=780791ms
08-26 19:23:46.338 D PARKDIAG/Coord:   ⤳ mute ambiguous fix corroborated as CAR by displacement (speed=3.0955393 acc=2.25) [DET-CREDIBLE-DRIVE-001]
08-26 19:23:46.339 D PARKDIAG/Coord:   state hasEverMoved=true hasEverReachedDrivingSpeed=true userConfirmed=false vehicleExit=false stoppedSince=null stoppedDur=0ms phase=Idle
08-26 19:23:46.341 D PARKDIAG/Coord:   ⚖ scoring=NotYet (signals: speed=3.0955393 stopped=0ms accuracy=2.25 exit=false)
08-26 19:24:01.270 D PARKDIAG/Coord: ─ loc#113 lat=36.5960617 lon=-6.2329183 speed=0.0m/s acc=2.0m sessionAge=795725ms
08-26 19:24:01.271 D PARKDIAG/Coord:   state hasEverMoved=true hasEverReachedDrivingSpeed=true userConfirmed=false vehicleExit=false stoppedSince=1787765041270 stoppedDur=0ms phase=Idle
08-26 19:24:01.273 D PARKDIAG/Coord:   ⚖ scoring=NotYet (signals: speed=0.0 stopped=0ms accuracy=2.0 exit=false)
08-26 19:24:01.293 D PARKDIAG/Coord: ─ loc#114 lat=36.5960617 lon=-6.2329183 speed=0.0m/s acc=2.0m sessionAge=795748ms
08-26 19:24:01.294 D PARKDIAG/Coord:   state hasEverMoved=true hasEverReachedDrivingSpeed=true userConfirmed=false vehicleExit=false stoppedSince=1787765041270 stoppedDur=23ms phase=Idle
08-26 19:24:01.296 D PARKDIAG/Coord:   ⚖ scoring=NotYet (signals: speed=0.0 stopped=23ms accuracy=2.0 exit=false)
08-26 19:24:06.337 D PARKDIAG/Coord: ─ loc#115 lat=36.5960617 lon=-6.2329183 speed=0.0m/s acc=2.05m sessionAge=800792ms
08-26 19:24:06.340 D PARKDIAG/Coord:   state hasEverMoved=true hasEverReachedDrivingSpeed=true userConfirmed=false vehicleExit=false stoppedSince=1787765041270 stoppedDur=5067ms phase=Idle
08-26 19:24:06.343 D PARKDIAG/Coord:   ⚖ scoring=NotYet (signals: speed=0.0 stopped=5067ms accuracy=2.05 exit=false)
08-26 19:24:11.346 D PARKDIAG/Coord: ─ loc#116 lat=36.5960617 lon=-6.2329183 speed=0.0m/s acc=2.15m sessionAge=805800ms
08-26 19:24:11.347 D PARKDIAG/Coord:   ⚓ anchor FROZEN — drive-entered stop matured (stableFixes=3, walkFixes=0); only real driving (≥5.0 m/s) can move it [DET-ANCHOR-FREEZE-001][DET-SHORT-TRIP-FREEZE-001]
08-26 19:24:11.349 D PARKDIAG/Coord:   state hasEverMoved=true hasEverReachedDrivingSpeed=true userConfirmed=false vehicleExit=false stoppedSince=1787765041270 stoppedDur=10075ms phase=Idle
08-26 19:24:11.350 D PARKDIAG/Coord:   ⚖ scoring=NotYet (signals: speed=0.0 stopped=10075ms accuracy=2.15 exit=false)
08-26 19:24:16.249 D PARKDIAG/Coord: ─ loc#117 lat=36.5960617 lon=-6.2329183 speed=0.0m/s acc=2.3m sessionAge=810704ms
08-26 19:24:16.253 D PARKDIAG/Coord:   state hasEverMoved=true hasEverReachedDrivingSpeed=true userConfirmed=false vehicleExit=false stoppedSince=1787765041270 stoppedDur=14979ms phase=Idle
08-26 19:24:16.256 D PARKDIAG/Coord:   ⚖ scoring=NotYet (signals: speed=0.0 stopped=14979ms accuracy=2.3 exit=false)
08-26 19:24:21.316 D PARKDIAG/Coord: ─ loc#118 lat=36.5960617 lon=-6.2329183 speed=0.0m/s acc=2.45m sessionAge=815770ms
08-26 19:24:21.318 D PARKDIAG/Coord:   state hasEverMoved=true hasEverReachedDrivingSpeed=true userConfirmed=false vehicleExit=false stoppedSince=1787765041270 stoppedDur=20045ms phase=Idle
08-26 19:24:21.321 D PARKDIAG/Coord:   ⚖ scoring=NotYet (signals: speed=0.0 stopped=20045ms accuracy=2.45 exit=false)
08-26 19:24:26.328 D PARKDIAG/Coord: ─ loc#119 lat=36.5960617 lon=-6.2329183 speed=0.0m/s acc=2.25m sessionAge=820783ms
08-26 19:24:26.331 D PARKDIAG/Coord:   state hasEverMoved=true hasEverReachedDrivingSpeed=true userConfirmed=false vehicleExit=false stoppedSince=1787765041270 stoppedDur=25058ms phase=Idle
08-26 19:24:26.333 D PARKDIAG/Coord:   ⚖ scoring=NotYet (signals: speed=0.0 stopped=25058ms accuracy=2.25 exit=false)
08-26 19:24:31.309 D PARKDIAG/Coord: ─ loc#120 lat=36.59598 lon=-6.2329483 speed=0.0m/s acc=2.05m sessionAge=825763ms
08-26 19:24:31.311 D PARKDIAG/Coord:   state hasEverMoved=true hasEverReachedDrivingSpeed=true userConfirmed=false vehicleExit=false stoppedSince=1787765041270 stoppedDur=30038ms phase=Idle
08-26 19:24:31.313 D PARKDIAG/Coord:   ⚖ scoring=NotYet (signals: speed=0.0 stopped=30038ms accuracy=2.05 exit=false)
08-26 19:24:36.315 D PARKDIAG/Coord: ─ loc#121 lat=36.59598 lon=-6.2329483 speed=0.0m/s acc=2.1m sessionAge=830770ms
08-26 19:24:36.318 D PARKDIAG/Coord:   state hasEverMoved=true hasEverReachedDrivingSpeed=true userConfirmed=false vehicleExit=false stoppedSince=1787765041270 stoppedDur=35045ms phase=Idle
08-26 19:24:36.320 D PARKDIAG/Coord:   ⚖ scoring=NotYet (signals: speed=0.0 stopped=35045ms accuracy=2.1 exit=false)
08-26 19:24:41.259 D PARKDIAG/Coord: ─ loc#122 lat=36.59598 lon=-6.2329483 speed=0.0m/s acc=2.25m sessionAge=835714ms
08-26 19:24:41.262 D PARKDIAG/Coord:   state hasEverMoved=true hasEverReachedDrivingSpeed=true userConfirmed=false vehicleExit=false stoppedSince=1787765041270 stoppedDur=39989ms phase=Idle
08-26 19:24:41.265 D PARKDIAG/Coord:   ⚖ scoring=NotYet (signals: speed=0.0 stopped=39989ms accuracy=2.25 exit=false)
08-26 19:24:43.403 D PARKDIAG/Coord:   ✦ step #1 (stopped)
08-26 19:24:43.864 D PARKDIAG/Coord:   ✦ step #2 (stopped)
08-26 19:24:44.921 D PARKDIAG/Coord:   ✦ step #3 (stopped)
08-26 19:24:46.240 D PARKDIAG/Coord: ─ loc#123 lat=36.59598 lon=-6.2329483 speed=0.0m/s acc=2.1m sessionAge=840695ms
08-26 19:24:46.243 D PARKDIAG/Coord:   state hasEverMoved=true hasEverReachedDrivingSpeed=true userConfirmed=false vehicleExit=false stoppedSince=1787765041270 stoppedDur=44970ms phase=Idle
08-26 19:24:46.246 D PARKDIAG/Coord:   ⚖ scoring=NotYet (signals: speed=0.0 stopped=44970ms accuracy=2.1 exit=false)
08-26 19:24:50.344 D PARKDIAG/Coord:   ✦ step #4 (stopped)
08-26 19:24:50.880 D PARKDIAG/Coord:   ✦ step #5 (stopped)
08-26 19:24:51.238 D PARKDIAG/Coord: ─ loc#124 lat=36.59598 lon=-6.2329483 speed=0.0m/s acc=1.75m sessionAge=845692ms
08-26 19:24:51.241 D PARKDIAG/Coord:   state hasEverMoved=true hasEverReachedDrivingSpeed=true userConfirmed=false vehicleExit=false stoppedSince=1787765041270 stoppedDur=49967ms phase=Idle
08-26 19:24:51.244 D PARKDIAG/Coord:   ⚖ scoring=NotYet (signals: speed=0.0 stopped=49967ms accuracy=1.75 exit=false)
08-26 19:24:51.282 D PARKDIAG/Coord:   ✦ step #6 (stopped)
08-26 19:24:51.683 D PARKDIAG/Coord:   ✦ step #7 (stopped)
08-26 19:24:56.238 D PARKDIAG/Coord: ─ loc#125 lat=36.59598 lon=-6.2329483 speed=0.0m/s acc=1.75m sessionAge=850693ms
08-26 19:24:56.241 D PARKDIAG/Coord:   state hasEverMoved=true hasEverReachedDrivingSpeed=true userConfirmed=false vehicleExit=false stoppedSince=1787765041270 stoppedDur=54968ms phase=Idle
08-26 19:24:56.243 D PARKDIAG/Coord:   ⚖ scoring=NotYet (signals: speed=0.0 stopped=54968ms accuracy=1.75 exit=false)
08-26 19:24:57.081 D PARKDIAG/Coord:   ✦ step #8 (stopped)
08-26 19:24:59.209 D PARKDIAG/Coord:   ✦ step #9 (stopped)
08-26 19:24:59.548 D PARKDIAG/Coord:   ✦ step #10 (stopped)
08-26 19:25:00.064 D PARKDIAG/Coord:   ✦ step #11 (stopped)
08-26 19:25:01.312 D PARKDIAG/Coord: ─ loc#126 lat=36.59598 lon=-6.2329483 speed=0.0m/s acc=1.85m sessionAge=855766ms
08-26 19:25:01.315 D PARKDIAG/Coord:   state hasEverMoved=true hasEverReachedDrivingSpeed=true userConfirmed=false vehicleExit=false stoppedSince=1787765041270 stoppedDur=60041ms phase=Idle
08-26 19:25:01.322 D PARKDIAG/Coord:   ⊘ steps+egress fast confirm gated (Inconclusive) — anchorSet=true, falling to scoring
08-26 19:25:01.323 D PARKDIAG/Coord:   ⚖ scoring=NotYet (signals: speed=0.0 stopped=60041ms accuracy=1.85 exit=false)
08-26 19:25:06.325 D PARKDIAG/Coord: ─ loc#127 lat=36.59598 lon=-6.2329483 speed=0.0m/s acc=1.95m sessionAge=860779ms
08-26 19:25:06.327 D PARKDIAG/Coord:   state hasEverMoved=true hasEverReachedDrivingSpeed=true userConfirmed=false vehicleExit=false stoppedSince=1787765041270 stoppedDur=65054ms phase=Idle
08-26 19:25:06.330 D PARKDIAG/Coord:   ⊘ steps+egress fast confirm gated (Inconclusive) — anchorSet=true, falling to scoring
08-26 19:25:06.331 D PARKDIAG/Coord:   ⚖ scoring=NotYet (signals: speed=0.0 stopped=65054ms accuracy=1.95 exit=false)
08-26 19:25:09.546 D PARKDIAG/Coord:   ✦ step #12 (stopped)
08-26 19:25:10.408 D PARKDIAG/Coord:   ✦ step #13 (stopped)
08-26 19:25:10.728 D PARKDIAG/Coord:   ✦ step #14 (stopped)
08-26 19:25:11.250 D PARKDIAG/Coord:   ✦ step #15 (stopped)
08-26 19:25:11.346 D PARKDIAG/Coord: ─ loc#128 lat=36.59598 lon=-6.2329483 speed=0.0m/s acc=1.95m sessionAge=865801ms
08-26 19:25:11.348 D PARKDIAG/Coord:   state hasEverMoved=true hasEverReachedDrivingSpeed=true userConfirmed=false vehicleExit=false stoppedSince=1787765041270 stoppedDur=70076ms phase=Idle
08-26 19:25:11.349 D PARKDIAG/Coord:   ⊘ steps+egress fast confirm gated (Inconclusive) — anchorSet=true, falling to scoring
08-26 19:25:11.350 D PARKDIAG/Coord:   ⚖ scoring=NotYet (signals: speed=0.0 stopped=70076ms accuracy=1.95 exit=false)
08-26 19:25:11.763 D PARKDIAG/Coord:   ✦ step #16 (stopped)
08-26 19:25:12.245 D PARKDIAG/Coord:   ✦ step #17 (stopped)
08-26 19:25:12.746 D PARKDIAG/Coord:   ✦ step #18 (stopped)
08-26 19:25:13.247 D PARKDIAG/Coord:   ✦ step #19 (stopped)
08-26 19:25:13.771 D PARKDIAG/Coord:   ✦ step #20 (stopped)
08-26 19:25:14.270 D PARKDIAG/Coord:   ✦ step #21 (stopped)
08-26 19:25:14.745 D PARKDIAG/Coord:   ✦ step #22 (stopped)
08-26 19:25:15.266 D PARKDIAG/Coord:   ✦ step #23 (stopped)
08-26 19:25:15.766 D PARKDIAG/Coord:   ✦ step #24 (stopped)
08-26 19:25:16.250 D PARKDIAG/Coord:   ✦ step #25 (stopped)
08-26 19:25:16.314 D PARKDIAG/Coord: ─ loc#129 lat=36.59598 lon=-6.2329483 speed=0.0m/s acc=1.9m sessionAge=870768ms
08-26 19:25:16.316 D PARKDIAG/Coord:   state hasEverMoved=true hasEverReachedDrivingSpeed=true userConfirmed=false vehicleExit=false stoppedSince=1787765041270 stoppedDur=75043ms phase=Idle
08-26 19:25:16.319 D PARKDIAG/Coord:   ⊘ steps+egress fast confirm gated (Inconclusive) — anchorSet=true, falling to scoring
08-26 19:25:16.321 D PARKDIAG/Coord:   ⚖ scoring=NotYet (signals: speed=0.0 stopped=75043ms accuracy=1.9 exit=false)
08-26 19:25:16.746 D PARKDIAG/Coord:   ✦ step #26 (stopped)
08-26 19:25:17.329 D PARKDIAG/Coord:   ✦ step #27 (stopped)
08-26 19:25:17.765 D PARKDIAG/Coord:   ✦ step #28 (stopped)
08-26 19:25:18.326 D PARKDIAG/Coord:   ✦ step #29 (stopped)
08-26 19:25:18.784 D PARKDIAG/Coord:   ✦ step #30 (stopped)
08-26 19:25:18.805 D PARKDIAG/ARReceiver:   → IN_VEHICLE EXIT
08-26 19:25:18.809 D PARKDIAG/Coord: ✱ onVehicleExit(at=1787765113495) called
08-26 19:25:18.900 D PARKDIAG/Coord: ─ loc#130 lat=36.5959832 lon=-6.2329514 speed=0.15511048m/s acc=2.7m sessionAge=873354ms
08-26 19:25:18.903 D PARKDIAG/Coord:   state hasEverMoved=true hasEverReachedDrivingSpeed=true userConfirmed=false vehicleExit=true stoppedSince=1787765041270 stoppedDur=77629ms phase=Idle
08-26 19:25:18.910 D PARKDIAG/Coord:   ⊘ steps+egress fast confirm gated (Inconclusive) — anchorSet=true, falling to scoring
08-26 19:25:18.917 D PARKDIAG/Coord:   ⚖ scoring=Medium(score=0.6) (signals: speed=0.15511048 stopped=77629ms accuracy=2.7 exit=true)
08-26 19:25:18.917 D PARKDIAG/Coord:   → phase: Idle → LowReached(firstReachedAt=1787765118899) [BUG-DETECT-310502]
08-26 19:25:18.960 D PARKDIAG/SafetyNet: ■ detection running — skipping check
08-26 19:25:19.325 D PARKDIAG/Coord:   ✦ step #31 (stopped)
08-26 19:25:19.765 D PARKDIAG/Coord:   ✦ step #32 (stopped)
08-26 19:25:20.347 D PARKDIAG/Coord:   ✦ step #33 (stopped)
08-26 19:25:20.822 D PARKDIAG/Coord:   ✦ step #34 (stopped)
08-26 19:25:21.057 D PARKDIAG/Coord: ─ loc#131 lat=36.5960034 lon=-6.2329804 speed=0.7426663m/s acc=4.19m sessionAge=875512ms
08-26 19:25:21.060 D PARKDIAG/Coord:   state hasEverMoved=true hasEverReachedDrivingSpeed=true userConfirmed=false vehicleExit=true stoppedSince=1787765041270 stoppedDur=79787ms phase=LowReached(firstReachedAt=1787765118899)
08-26 19:25:21.063 D PARKDIAG/Coord:   ⊘ steps+egress fast confirm gated (Inconclusive) — anchorSet=true, falling to scoring
08-26 19:25:21.066 D PARKDIAG/Coord:   ⚖ scoring=Medium(score=0.55) (signals: speed=0.7426663 stopped=79787ms accuracy=4.19 exit=true)
08-26 19:25:21.068 D PARKDIAG/Coord:   → showing parking-confirmation notif (Low/Medium, exit=true)
08-26 19:25:21.071 D PARKDIAG/Notify: ▶ NotifyParkingConfirmation.invoke confidence=Medium(score=0.55)
08-26 19:25:21.084 D PARKDIAG/Notify:   observeActiveVehicle resolved vehicleName=Ford Focus
08-26 19:25:21.102 D PARKDIAG/Notify: ■ NotifyParkingConfirmation.invoke DONE
08-26 19:25:21.363 D PARKDIAG/Coord:   ✦ step #35 (stopped)
08-26 19:25:21.906 D PARKDIAG/Coord:   ✦ step #36 (stopped)
08-26 19:25:22.387 D PARKDIAG/Coord:   ✦ step #37 (stopped)
08-26 19:25:22.868 D PARKDIAG/Coord:   ✦ step #38 (stopped)
08-26 19:25:23.135 D PARKDIAG/Coord: ─ loc#132 lat=36.5960009 lon=-6.2329854 speed=0.30586618m/s acc=4.893m sessionAge=877589ms
08-26 19:25:23.139 D PARKDIAG/Coord:   state hasEverMoved=true hasEverReachedDrivingSpeed=true userConfirmed=false vehicleExit=true stoppedSince=1787765041270 stoppedDur=81864ms phase=Notified(shownAt=1787765121057)
08-26 19:25:23.143 D PARKDIAG/Coord:   ⊘ steps+egress fast confirm gated (Inconclusive) — anchorSet=true, falling to scoring
08-26 19:25:23.146 D PARKDIAG/Coord:   ⚖ scoring=Medium(score=0.55) (signals: speed=0.30586618 stopped=81864ms accuracy=4.893 exit=true)
08-26 19:25:23.426 D PARKDIAG/Coord:   ✦ step #39 (stopped)
08-26 19:25:23.921 D PARKDIAG/Coord:   ✦ step #40 (stopped)
08-26 19:25:24.422 D PARKDIAG/Coord:   ✦ step #41 (stopped)
08-26 19:25:24.946 D PARKDIAG/Coord:   ✦ step #42 (stopped)
08-26 19:25:25.159 D PARKDIAG/Coord: ─ loc#133 lat=36.5960162 lon=-6.2330092 speed=0.73393595m/s acc=5.557m sessionAge=879614ms
08-26 19:25:25.164 D PARKDIAG/Coord:   state hasEverMoved=true hasEverReachedDrivingSpeed=true userConfirmed=false vehicleExit=true stoppedSince=1787765041270 stoppedDur=83889ms phase=Notified(shownAt=1787765121057)
08-26 19:25:25.169 D PARKDIAG/Coord:   ⊘ steps+egress fast confirm gated (Inconclusive) — anchorSet=true, falling to scoring
08-26 19:25:25.172 D PARKDIAG/Coord:   ⚖ scoring=Medium(score=0.55) (signals: speed=0.73393595 stopped=83889ms accuracy=5.557 exit=true)
08-26 19:25:25.463 D PARKDIAG/Coord:   ✦ step #43 (stopped)
08-26 19:25:25.945 D PARKDIAG/Coord:   ✦ step #44 (stopped)
08-26 19:25:26.500 D PARKDIAG/Coord:   ✦ step #45 (stopped)
08-26 19:25:27.025 D PARKDIAG/Coord:   ✦ step #46 (stopped)
08-26 19:25:27.252 D PARKDIAG/Coord: ─ loc#134 lat=36.596047 lon=-6.2330672 speed=0.83286595m/s acc=6.074m sessionAge=881706ms
08-26 19:25:27.254 D PARKDIAG/Coord:   state hasEverMoved=true hasEverReachedDrivingSpeed=true userConfirmed=false vehicleExit=true stoppedSince=1787765041270 stoppedDur=85981ms phase=Notified(shownAt=1787765121057)
08-26 19:25:27.257 D PARKDIAG/Coord:   ⊘ steps+egress fast confirm gated (Inconclusive) — anchorSet=true, falling to scoring
08-26 19:25:27.258 D PARKDIAG/Coord:   ⚖ scoring=Medium(score=0.55) (signals: speed=0.83286595 stopped=85981ms accuracy=6.074 exit=true)
08-26 19:25:27.523 D PARKDIAG/Coord:   ✦ step #47 (stopped)
08-26 19:25:28.046 D PARKDIAG/Coord:   ✦ step #48 (stopped)
08-26 19:25:28.569 D PARKDIAG/Coord:   ✦ step #49 (stopped)
08-26 19:25:29.006 D PARKDIAG/Coord:   ✦ step #50 (stopped)
08-26 19:25:29.147 D PARKDIAG/Coord: ─ loc#135 lat=36.5960604 lon=-6.2331002 speed=1.0979342m/s acc=5.906m sessionAge=883601ms
08-26 19:25:29.151 D PARKDIAG/Coord:   state hasEverMoved=true hasEverReachedDrivingSpeed=true userConfirmed=false vehicleExit=true stoppedSince=null stoppedDur=0ms phase=Notified(shownAt=1787765121057)
08-26 19:25:29.155 D PARKDIAG/Coord:   ⊘ steps+egress fast confirm gated (Inconclusive) — anchorSet=true, falling to scoring
08-26 19:25:29.157 D PARKDIAG/Coord:   ⚖ scoring=NotYet (signals: speed=1.0979342 stopped=0ms accuracy=5.906 exit=true)
08-26 19:25:29.566 D PARKDIAG/Coord:   ✦ step #51 (egress walk, anchor set) [DET-AR-FIRST-001]
08-26 19:25:30.045 D PARKDIAG/Coord:   ✦ step #52 (egress walk, anchor set) [DET-AR-FIRST-001]
08-26 19:25:30.606 D PARKDIAG/Coord:   ✦ step #53 (egress walk, anchor set) [DET-AR-FIRST-001]
08-26 19:25:31.127 D PARKDIAG/Coord:   ✦ step #54 (egress walk, anchor set) [DET-AR-FIRST-001]
08-26 19:25:31.216 D PARKDIAG/Coord: ─ loc#136 lat=36.5960698 lon=-6.233135 speed=1.2273954m/s acc=5.177m sessionAge=885670ms
08-26 19:25:31.218 D PARKDIAG/Coord:   state hasEverMoved=true hasEverReachedDrivingSpeed=true userConfirmed=false vehicleExit=true stoppedSince=null stoppedDur=0ms phase=Notified(shownAt=1787765121057)
08-26 19:25:31.227 D PARKDIAG/Coord:   ▶ steps+egress (steps=54 kinematicFixes=2) → fast confirm, skipping slow path [DET-D-03][DET-KINEMATIC-EGRESS-001]
08-26 19:25:31.229 D PARKDIAG/Coord:   ⏸ tentative confirm (steps+egress) — holding 120000ms to rule out an errand stop [DET-C-02]
08-26 19:25:31.626 D PARKDIAG/Coord:   ✦ step #55 (egress walk, anchor set) [DET-AR-FIRST-001]
08-26 19:25:32.168 D PARKDIAG/Coord:   ✦ step #56 (egress walk, anchor set) [DET-AR-FIRST-001]
08-26 19:25:32.662 D PARKDIAG/Coord:   ✦ step #57 (egress walk, anchor set) [DET-AR-FIRST-001]
08-26 19:25:33.206 D PARKDIAG/Coord:   ✦ step #58 (egress walk, anchor set) [DET-AR-FIRST-001]
08-26 19:25:33.447 D PARKDIAG/Coord: ─ loc#137 lat=36.5960724 lon=-6.2331981 speed=1.0790645m/s acc=4.64m sessionAge=887901ms
08-26 19:25:33.450 D PARKDIAG/Coord:   state hasEverMoved=true hasEverReachedDrivingSpeed=true userConfirmed=false vehicleExit=true stoppedSince=null stoppedDur=0ms phase=Notified(shownAt=1787765121057)
08-26 19:25:33.708 D PARKDIAG/Coord:   ✦ step #59 (egress walk, anchor set) [DET-AR-FIRST-001]
08-26 19:25:34.164 D PARKDIAG/Coord:   ✦ step #60 (egress walk, anchor set) [DET-AR-FIRST-001]
08-26 19:25:34.748 D PARKDIAG/Coord:   ✦ step #61 (egress walk, anchor set) [DET-AR-FIRST-001]
08-26 19:25:35.250 D PARKDIAG/Coord:   ✦ step #62 (egress walk, anchor set) [DET-AR-FIRST-001]
08-26 19:25:35.502 D PARKDIAG/Coord: ─ loc#138 lat=36.5960845 lon=-6.2332316 speed=1.2210113m/s acc=4.794m sessionAge=889955ms
08-26 19:25:35.505 D PARKDIAG/Coord:   state hasEverMoved=true hasEverReachedDrivingSpeed=true userConfirmed=false vehicleExit=true stoppedSince=null stoppedDur=0ms phase=Notified(shownAt=1787765121057)
08-26 19:25:35.785 D PARKDIAG/Coord:   ✦ step #63 (egress walk, anchor set) [DET-AR-FIRST-001]
08-26 19:25:36.362 D PARKDIAG/Coord:   ✦ step #64 (egress walk, anchor set) [DET-AR-FIRST-001]
08-26 19:25:37.166 D PARKDIAG/Coord:   ✦ step #65 (egress walk, anchor set) [DET-AR-FIRST-001]
08-26 19:25:37.484 D PARKDIAG/Coord:   ✦ step #66 (egress walk, anchor set) [DET-AR-FIRST-001]
08-26 19:25:37.701 D PARKDIAG/Coord: ─ loc#139 lat=36.5961025 lon=-6.2332651 speed=1.1870762m/s acc=4.409m sessionAge=892155ms
08-26 19:25:37.705 D PARKDIAG/Coord:   state hasEverMoved=true hasEverReachedDrivingSpeed=true userConfirmed=false vehicleExit=true stoppedSince=null stoppedDur=0ms phase=Notified(shownAt=1787765121057)
08-26 19:25:38.007 D PARKDIAG/Coord:   ✦ step #67 (egress walk, anchor set) [DET-AR-FIRST-001]
08-26 19:25:38.644 D PARKDIAG/Coord:   ✦ step #68 (egress walk, anchor set) [DET-AR-FIRST-001]
08-26 19:25:39.023 D PARKDIAG/Coord:   ✦ step #69 (egress walk, anchor set) [DET-AR-FIRST-001]
08-26 19:25:39.466 D PARKDIAG/Coord:   ✦ step #70 (egress walk, anchor set) [DET-AR-FIRST-001]
08-26 19:25:40.057 D PARKDIAG/Coord: ─ loc#140 lat=36.5961118 lon=-6.233293 speed=1.1257421m/s acc=4.481m sessionAge=894511ms
08-26 19:25:40.061 D PARKDIAG/Coord:   state hasEverMoved=true hasEverReachedDrivingSpeed=true userConfirmed=false vehicleExit=true stoppedSince=null stoppedDur=0ms phase=Notified(shownAt=1787765121057)
08-26 19:25:40.186 D PARKDIAG/Coord:   ✦ step #71 (egress walk, anchor set) [DET-AR-FIRST-001]
08-26 19:25:41.387 D PARKDIAG/Coord:   ✦ step #72 (egress walk, anchor set) [DET-AR-FIRST-001]
08-26 19:25:41.403 D PARKDIAG/Coord:   ✦ step #73 (egress walk, anchor set) [DET-AR-FIRST-001]
08-26 19:25:41.701 D PARKDIAG/Coord:   ✦ step #74 (egress walk, anchor set) [DET-AR-FIRST-001]
08-26 19:25:41.887 D PARKDIAG/Coord: ─ loc#141 lat=36.5961346 lon=-6.2332955 speed=0.8842511m/s acc=4.55m sessionAge=896341ms
08-26 19:25:41.890 D PARKDIAG/Coord:   state hasEverMoved=true hasEverReachedDrivingSpeed=true userConfirmed=false vehicleExit=true stoppedSince=1787765141886 stoppedDur=0ms phase=Notified(shownAt=1787765121057)
08-26 19:25:42.326 D PARKDIAG/Coord:   ✦ step #75 (stopped)
08-26 19:25:42.847 D PARKDIAG/Coord:   ✦ step #76 (stopped)
08-26 19:25:43.327 D PARKDIAG/Coord:   ✦ step #77 (stopped)
08-26 19:25:43.746 D PARKDIAG/Coord:   ✦ step #78 (stopped)
08-26 19:25:43.963 D PARKDIAG/Coord: ─ loc#142 lat=36.5961465 lon=-6.2333011 speed=0.72769266m/s acc=4.668m sessionAge=898418ms
08-26 19:25:43.967 D PARKDIAG/Coord:   state hasEverMoved=true hasEverReachedDrivingSpeed=true userConfirmed=false vehicleExit=true stoppedSince=1787765141886 stoppedDur=2077ms phase=Notified(shownAt=1787765121057)
08-26 19:25:44.285 D PARKDIAG/Coord:   ✦ step #79 (stopped)
08-26 19:25:44.925 D PARKDIAG/Coord:   ✦ step #80 (stopped)
08-26 19:25:45.583 D PARKDIAG/Coord:   ✦ step #81 (stopped)
08-26 19:25:45.904 D PARKDIAG/Coord:   ✦ step #82 (stopped)
08-26 19:25:46.002 D PARKDIAG/Coord: ─ loc#143 lat=36.596142 lon=-6.2333056 speed=0.91694725m/s acc=5.512m sessionAge=900457ms
08-26 19:25:46.006 D PARKDIAG/Coord:   state hasEverMoved=true hasEverReachedDrivingSpeed=true userConfirmed=false vehicleExit=true stoppedSince=1787765141886 stoppedDur=4116ms phase=Notified(shownAt=1787765121057)
08-26 19:25:46.590 D PARKDIAG/Coord:   ✦ step #83 (stopped)
08-26 19:25:46.929 D PARKDIAG/Coord:   ✦ step #84 (stopped)
08-26 19:25:47.426 D PARKDIAG/Coord:   ✦ step #85 (stopped)
08-26 19:25:47.905 D PARKDIAG/Coord:   ✦ step #86 (stopped)
08-26 19:25:48.177 D PARKDIAG/Coord: ─ loc#144 lat=36.5961114 lon=-6.233327 speed=0.8962357m/s acc=5.537m sessionAge=902632ms
08-26 19:25:48.180 D PARKDIAG/Coord:   state hasEverMoved=true hasEverReachedDrivingSpeed=true userConfirmed=false vehicleExit=true stoppedSince=1787765141886 stoppedDur=6291ms phase=Notified(shownAt=1787765121057)
08-26 19:25:48.464 D PARKDIAG/Coord:   ✦ step #87 (stopped)
08-26 19:25:48.947 D PARKDIAG/Coord:   ✦ step #88 (stopped)
08-26 19:25:49.526 D PARKDIAG/Coord:   ✦ step #89 (stopped)
08-26 19:25:50.068 D PARKDIAG/Coord:   ✦ step #90 (stopped)
08-26 19:25:50.271 D PARKDIAG/Coord: ─ loc#145 lat=36.5961262 lon=-6.2332895 speed=1.1103839m/s acc=11.48m sessionAge=904725ms
08-26 19:25:50.274 D PARKDIAG/Coord:   state hasEverMoved=true hasEverReachedDrivingSpeed=true userConfirmed=false vehicleExit=true stoppedSince=null stoppedDur=0ms phase=Notified(shownAt=1787765121057)
08-26 19:25:50.583 D PARKDIAG/Coord:   ✦ step #91 (egress walk, anchor set) [DET-AR-FIRST-001]
08-26 19:25:51.126 D PARKDIAG/Coord:   ✦ step #92 (egress walk, anchor set) [DET-AR-FIRST-001]
08-26 19:25:51.606 D PARKDIAG/Coord:   ✦ step #93 (egress walk, anchor set) [DET-AR-FIRST-001]
08-26 19:25:52.166 D PARKDIAG/Coord:   ✦ step #94 (egress walk, anchor set) [DET-AR-FIRST-001]
08-26 19:25:52.357 D PARKDIAG/Coord: ─ loc#146 lat=36.5961093 lon=-6.2333095 speed=0.78481996m/s acc=12.664m sessionAge=906811ms
08-26 19:25:52.360 D PARKDIAG/Coord:   state hasEverMoved=true hasEverReachedDrivingSpeed=true userConfirmed=false vehicleExit=true stoppedSince=1787765152356 stoppedDur=0ms phase=Notified(shownAt=1787765121057)
08-26 19:25:52.688 D PARKDIAG/Coord:   ✦ step #95 (stopped)
08-26 19:25:53.211 D PARKDIAG/Coord:   ✦ step #96 (stopped)
08-26 19:25:53.685 D PARKDIAG/Coord:   ✦ step #97 (stopped)
08-26 19:25:54.267 D PARKDIAG/Coord:   ✦ step #98 (stopped)
08-26 19:25:54.410 D PARKDIAG/Coord: ─ loc#147 lat=36.5961062 lon=-6.2333048 speed=1.0988894m/s acc=14.079m sessionAge=908864ms
08-26 19:25:54.413 D PARKDIAG/Coord:   state hasEverMoved=true hasEverReachedDrivingSpeed=true userConfirmed=false vehicleExit=true stoppedSince=null stoppedDur=0ms phase=Notified(shownAt=1787765121057)
08-26 19:25:54.766 D PARKDIAG/Coord:   ✦ step #99 (egress walk, anchor set) [DET-AR-FIRST-001]
08-26 19:25:55.308 D PARKDIAG/Coord:   ✦ step #100 (egress walk, anchor set) [DET-AR-FIRST-001]
08-26 19:25:55.910 D PARKDIAG/Coord:   ✦ step #101 (egress walk, anchor set) [DET-AR-FIRST-001]
08-26 19:25:56.284 D PARKDIAG/Coord: ─ loc#148 lat=36.5961059 lon=-6.2332761 speed=1.1769325m/s acc=16.22m sessionAge=910738ms
08-26 19:25:56.287 D PARKDIAG/Coord:   state hasEverMoved=true hasEverReachedDrivingSpeed=true userConfirmed=false vehicleExit=true stoppedSince=null stoppedDur=0ms phase=Notified(shownAt=1787765121057)
08-26 19:25:56.342 D PARKDIAG/Coord:   ✦ step #102 (egress walk, anchor set) [DET-AR-FIRST-001]
08-26 19:25:57.025 D PARKDIAG/Coord:   ✦ step #103 (egress walk, anchor set) [DET-AR-FIRST-001]
08-26 19:25:57.465 D PARKDIAG/Coord:   ✦ step #104 (egress walk, anchor set) [DET-AR-FIRST-001]
08-26 19:25:57.987 D PARKDIAG/Coord:   ✦ step #105 (egress walk, anchor set) [DET-AR-FIRST-001]
08-26 19:25:58.527 D PARKDIAG/Coord:   ✦ step #106 (egress walk, anchor set) [DET-AR-FIRST-001]
08-26 19:25:58.547 D PARKDIAG/Coord: ─ loc#149 lat=36.5960762 lon=-6.2332102 speed=1.1214517m/s acc=13.408m sessionAge=913002ms
08-26 19:25:58.550 D PARKDIAG/Coord:   state hasEverMoved=true hasEverReachedDrivingSpeed=true userConfirmed=false vehicleExit=true stoppedSince=null stoppedDur=0ms phase=Notified(shownAt=1787765121057)
08-26 19:25:59.209 D PARKDIAG/Coord:   ✦ step #107 (egress walk, anchor set) [DET-AR-FIRST-001]
08-26 19:25:59.644 D PARKDIAG/Coord:   ✦ step #108 (egress walk, anchor set) [DET-AR-FIRST-001]
08-26 19:26:00.166 D PARKDIAG/Coord:   ✦ step #109 (egress walk, anchor set) [DET-AR-FIRST-001]
08-26 19:26:00.687 D PARKDIAG/Coord:   ✦ step #110 (egress walk, anchor set) [DET-AR-FIRST-001]
08-26 19:26:00.758 D PARKDIAG/Coord: ─ loc#150 lat=36.5960673 lon=-6.2332017 speed=1.538522m/s acc=9.798m sessionAge=915213ms
08-26 19:26:00.761 D PARKDIAG/Coord:   state hasEverMoved=true hasEverReachedDrivingSpeed=true userConfirmed=false vehicleExit=true stoppedSince=null stoppedDur=0ms phase=Notified(shownAt=1787765121057)
08-26 19:26:01.252 D PARKDIAG/Coord:   ✦ step #111 (egress walk, anchor set) [DET-AR-FIRST-001]
08-26 19:26:01.787 D PARKDIAG/Coord:   ✦ step #112 (egress walk, anchor set) [DET-AR-FIRST-001]
08-26 19:26:02.189 D PARKDIAG/Coord:   ✦ step #113 (egress walk, anchor set) [DET-AR-FIRST-001]
08-26 19:26:02.886 D PARKDIAG/Coord:   ✦ step #114 (egress walk, anchor set) [DET-AR-FIRST-001]
08-26 19:26:03.349 D PARKDIAG/Coord:   ✦ step #115 (egress walk, anchor set) [DET-AR-FIRST-001]
08-26 19:26:03.387 D PARKDIAG/Coord: ─ loc#151 lat=36.5960542 lon=-6.2331319 speed=1.1314038m/s acc=6.538m sessionAge=917841ms
08-26 19:26:03.390 D PARKDIAG/Coord:   state hasEverMoved=true hasEverReachedDrivingSpeed=true userConfirmed=false vehicleExit=true stoppedSince=null stoppedDur=0ms phase=Notified(shownAt=1787765121057)
08-26 19:26:03.826 D PARKDIAG/Coord:   ✦ step #116 (egress walk, anchor set) [DET-AR-FIRST-001]
08-26 19:26:04.225 D PARKDIAG/Coord:   ✦ step #117 (egress walk, anchor set) [DET-AR-FIRST-001]
08-26 19:26:04.889 D PARKDIAG/Coord:   ✦ step #118 (egress walk, anchor set) [DET-AR-FIRST-001]
08-26 19:26:05.310 D PARKDIAG/Coord:   ✦ step #119 (egress walk, anchor set) [DET-AR-FIRST-001]
08-26 19:26:05.433 D PARKDIAG/Coord: ─ loc#152 lat=36.5960834 lon=-6.233123 speed=1.1550868m/s acc=5.362m sessionAge=919887ms
08-26 19:26:05.438 D PARKDIAG/Coord:   state hasEverMoved=true hasEverReachedDrivingSpeed=true userConfirmed=false vehicleExit=true stoppedSince=null stoppedDur=0ms phase=Notified(shownAt=1787765121057)
08-26 19:26:05.844 D PARKDIAG/Coord:   ✦ step #120 (egress walk, anchor set) [DET-AR-FIRST-001]
08-26 19:26:06.406 D PARKDIAG/Coord:   ✦ step #121 (egress walk, anchor set) [DET-AR-FIRST-001]
08-26 19:26:06.888 D PARKDIAG/Coord:   ✦ step #122 (egress walk, anchor set) [DET-AR-FIRST-001]
08-26 19:26:07.405 D PARKDIAG/Coord:   ✦ step #123 (egress walk, anchor set) [DET-AR-FIRST-001]
08-26 19:26:07.469 D PARKDIAG/Coord: ─ loc#153 lat=36.5960685 lon=-6.2330937 speed=1.0857223m/s acc=4.799m sessionAge=921923ms
08-26 19:26:07.473 D PARKDIAG/Coord:   state hasEverMoved=true hasEverReachedDrivingSpeed=true userConfirmed=false vehicleExit=true stoppedSince=null stoppedDur=0ms phase=Notified(shownAt=1787765121057)
08-26 19:26:08.049 D PARKDIAG/Coord:   ✦ step #124 (egress walk, anchor set) [DET-AR-FIRST-001]
08-26 19:26:08.442 D PARKDIAG/Coord:   ✦ step #125 (egress walk, anchor set) [DET-AR-FIRST-001]
08-26 19:26:09.086 D PARKDIAG/Coord:   ✦ step #126 (egress walk, anchor set) [DET-AR-FIRST-001]
08-26 19:26:09.506 D PARKDIAG/Coord:   ✦ step #127 (egress walk, anchor set) [DET-AR-FIRST-001]
08-26 19:26:09.598 D PARKDIAG/Coord: ─ loc#154 lat=36.5960734 lon=-6.2330637 speed=1.1807358m/s acc=5.568m sessionAge=924052ms
08-26 19:26:09.600 D PARKDIAG/Coord:   state hasEverMoved=true hasEverReachedDrivingSpeed=true userConfirmed=false vehicleExit=true stoppedSince=null stoppedDur=0ms phase=Notified(shownAt=1787765121057)
08-26 19:26:10.125 D PARKDIAG/Coord:   ✦ step #128 (egress walk, anchor set) [DET-AR-FIRST-001]
08-26 19:26:10.507 D PARKDIAG/Coord:   ✦ step #129 (egress walk, anchor set) [DET-AR-FIRST-001]
08-26 19:26:11.086 D PARKDIAG/Coord:   ✦ step #130 (egress walk, anchor set) [DET-AR-FIRST-001]
08-26 19:26:11.546 D PARKDIAG/Coord:   ✦ step #131 (egress walk, anchor set) [DET-AR-FIRST-001]
08-26 19:26:11.608 D PARKDIAG/Coord: ─ loc#155 lat=36.5960489 lon=-6.233027 speed=1.0683768m/s acc=6.393m sessionAge=926063ms
08-26 19:26:11.613 D PARKDIAG/Coord:   state hasEverMoved=true hasEverReachedDrivingSpeed=true userConfirmed=false vehicleExit=true stoppedSince=null stoppedDur=0ms phase=Notified(shownAt=1787765121057)
08-26 19:26:12.104 D PARKDIAG/Coord:   ✦ step #132 (egress walk, anchor set) [DET-AR-FIRST-001]
08-26 19:26:12.567 D PARKDIAG/Coord:   ✦ step #133 (egress walk, anchor set) [DET-AR-FIRST-001]
08-26 19:26:13.087 D PARKDIAG/Coord:   ✦ step #134 (egress walk, anchor set) [DET-AR-FIRST-001]
08-26 19:26:13.495 D PARKDIAG/Coord: ─ loc#156 lat=36.5960273 lon=-6.2329969 speed=1.1073099m/s acc=6.116m sessionAge=927950ms
08-26 19:26:13.498 D PARKDIAG/Coord:   state hasEverMoved=true hasEverReachedDrivingSpeed=true userConfirmed=false vehicleExit=true stoppedSince=null stoppedDur=0ms phase=Notified(shownAt=1787765121057)
08-26 19:26:13.609 D PARKDIAG/Coord:   ✦ step #135 (egress walk, anchor set) [DET-AR-FIRST-001]
08-26 19:26:14.165 D PARKDIAG/Coord:   ✦ step #136 (egress walk, anchor set) [DET-AR-FIRST-001]
08-26 19:26:14.605 D PARKDIAG/Coord:   ✦ step #137 (egress walk, anchor set) [DET-AR-FIRST-001]
08-26 19:26:15.085 D PARKDIAG/Coord:   ✦ step #138 (egress walk, anchor set) [DET-AR-FIRST-001]
08-26 19:26:15.659 D PARKDIAG/Coord:   ✦ step #139 (egress walk, anchor set) [DET-AR-FIRST-001]
08-26 19:26:15.707 D PARKDIAG/Coord: ─ loc#157 lat=36.5960188 lon=-6.2329581 speed=1.2603079m/s acc=5.516m sessionAge=930162ms
08-26 19:26:15.711 D PARKDIAG/Coord:   state hasEverMoved=true hasEverReachedDrivingSpeed=true userConfirmed=false vehicleExit=true stoppedSince=null stoppedDur=0ms phase=Notified(shownAt=1787765121057)
08-26 19:26:16.246 D PARKDIAG/Coord:   ✦ step #140 (egress walk, anchor set) [DET-AR-FIRST-001]
08-26 19:26:16.687 D PARKDIAG/Coord:   ✦ step #141 (egress walk, anchor set) [DET-AR-FIRST-001]
08-26 19:26:17.230 D PARKDIAG/Coord:   ✦ step #142 (egress walk, anchor set) [DET-AR-FIRST-001]
08-26 19:26:17.688 D PARKDIAG/Coord:   ✦ step #143 (egress walk, anchor set) [DET-AR-FIRST-001]
08-26 19:26:17.763 D PARKDIAG/Coord: ─ loc#158 lat=36.5960099 lon=-6.2329309 speed=1.1279652m/s acc=5.645m sessionAge=932218ms
08-26 19:26:17.766 D PARKDIAG/Coord:   state hasEverMoved=true hasEverReachedDrivingSpeed=true userConfirmed=false vehicleExit=true stoppedSince=null stoppedDur=0ms phase=Notified(shownAt=1787765121057)
08-26 19:26:18.244 D PARKDIAG/Coord:   ✦ step #144 (egress walk, anchor set) [DET-AR-FIRST-001]
08-26 19:26:18.723 D PARKDIAG/Coord:   ✦ step #145 (egress walk, anchor set) [DET-AR-FIRST-001]
08-26 19:26:19.287 D PARKDIAG/Coord:   ✦ step #146 (egress walk, anchor set) [DET-AR-FIRST-001]
08-26 19:26:19.788 D PARKDIAG/Coord: ─ loc#159 lat=36.595927 lon=-6.2329745 speed=1.2203044m/s acc=4.299m sessionAge=934242ms
08-26 19:26:19.792 D PARKDIAG/Coord:   state hasEverMoved=true hasEverReachedDrivingSpeed=true userConfirmed=false vehicleExit=true stoppedSince=null stoppedDur=0ms phase=Notified(shownAt=1787765121057)
08-26 19:26:19.798 D PARKDIAG/Coord:   ✦ step #147 (egress walk, anchor set) [DET-AR-FIRST-001]
08-26 19:26:20.308 D PARKDIAG/Coord:   ✦ step #148 (egress walk, anchor set) [DET-AR-FIRST-001]
08-26 19:26:20.785 D PARKDIAG/Coord:   ✦ step #149 (egress walk, anchor set) [DET-AR-FIRST-001]
08-26 19:26:21.298 D PARKDIAG/Coord:   ✦ step #150 (egress walk, anchor set) [DET-AR-FIRST-001]
08-26 19:26:21.706 D PARKDIAG/Coord:   ✦ step #151 (egress walk, anchor set) [DET-AR-FIRST-001]
08-26 19:26:21.783 D PARKDIAG/Coord: ─ loc#160 lat=36.5959112 lon=-6.2329445 speed=1.1298244m/s acc=5.061m sessionAge=936237ms
08-26 19:26:21.786 D PARKDIAG/Coord:   state hasEverMoved=true hasEverReachedDrivingSpeed=true userConfirmed=false vehicleExit=true stoppedSince=null stoppedDur=0ms phase=Notified(shownAt=1787765121057)
08-26 19:26:22.346 D PARKDIAG/Coord:   ✦ step #152 (egress walk, anchor set) [DET-AR-FIRST-001]
08-26 19:26:22.848 D PARKDIAG/Coord:   ✦ step #153 (egress walk, anchor set) [DET-AR-FIRST-001]
08-26 19:26:23.250 D PARKDIAG/Coord:   ✦ step #154 (egress walk, anchor set) [DET-AR-FIRST-001]
08-26 19:26:23.786 D PARKDIAG/Coord:   ✦ step #155 (egress walk, anchor set) [DET-AR-FIRST-001]
08-26 19:26:23.884 D PARKDIAG/Coord: ─ loc#161 lat=36.5959066 lon=-6.23291 speed=1.1848156m/s acc=4.537m sessionAge=938338ms
08-26 19:26:23.886 D PARKDIAG/Coord:   state hasEverMoved=true hasEverReachedDrivingSpeed=true userConfirmed=false vehicleExit=true stoppedSince=null stoppedDur=0ms phase=Notified(shownAt=1787765121057)
08-26 19:26:24.324 D PARKDIAG/Coord:   ✦ step #156 (egress walk, anchor set) [DET-AR-FIRST-001]
08-26 19:26:24.827 D PARKDIAG/Coord:   ✦ step #157 (egress walk, anchor set) [DET-AR-FIRST-001]
08-26 19:26:25.449 D PARKDIAG/Coord:   ✦ step #158 (egress walk, anchor set) [DET-AR-FIRST-001]
08-26 19:26:25.850 D PARKDIAG/Coord: ─ loc#162 lat=36.5959127 lon=-6.2328805 speed=1.1848817m/s acc=4.132m sessionAge=940305ms
08-26 19:26:25.854 D PARKDIAG/Coord:   state hasEverMoved=true hasEverReachedDrivingSpeed=true userConfirmed=false vehicleExit=true stoppedSince=null stoppedDur=0ms phase=Notified(shownAt=1787765121057)
08-26 19:26:25.858 D PARKDIAG/Coord:   ✦ step #159 (egress walk, anchor set) [DET-AR-FIRST-001]
08-26 19:26:26.341 D PARKDIAG/Coord:   ✦ step #160 (egress walk, anchor set) [DET-AR-FIRST-001]
08-26 19:26:26.865 D PARKDIAG/Coord:   ✦ step #161 (egress walk, anchor set) [DET-AR-FIRST-001]
08-26 19:26:27.363 D PARKDIAG/Coord:   ✦ step #162 (egress walk, anchor set) [DET-AR-FIRST-001]
08-26 19:26:27.886 D PARKDIAG/Coord:   ✦ step #163 (egress walk, anchor set) [DET-AR-FIRST-001]
08-26 19:26:27.978 D PARKDIAG/Coord: ─ loc#163 lat=36.5959185 lon=-6.2328503 speed=1.1935837m/s acc=4.818m sessionAge=942433ms
08-26 19:26:27.981 D PARKDIAG/Coord:   state hasEverMoved=true hasEverReachedDrivingSpeed=true userConfirmed=false vehicleExit=true stoppedSince=null stoppedDur=0ms phase=Notified(shownAt=1787765121057)
08-26 19:26:28.386 D PARKDIAG/Coord:   ✦ step #164 (egress walk, anchor set) [DET-AR-FIRST-001]
08-26 19:26:28.988 D PARKDIAG/Coord:   ✦ step #165 (egress walk, anchor set) [DET-AR-FIRST-001]
08-26 19:26:29.403 D PARKDIAG/Coord:   ✦ step #166 (egress walk, anchor set) [DET-AR-FIRST-001]
08-26 19:26:29.956 D PARKDIAG/Coord: ─ loc#164 lat=36.5959308 lon=-6.2328211 speed=1.2206308m/s acc=5.913m sessionAge=944410ms
08-26 19:26:29.961 D PARKDIAG/Coord:   state hasEverMoved=true hasEverReachedDrivingSpeed=true userConfirmed=false vehicleExit=true stoppedSince=null stoppedDur=0ms phase=Notified(shownAt=1787765121057)
08-26 19:26:29.966 D PARKDIAG/Coord:   ✦ step #167 (egress walk, anchor set) [DET-AR-FIRST-001]
08-26 19:26:30.424 D PARKDIAG/Coord:   ✦ step #168 (egress walk, anchor set) [DET-AR-FIRST-001]
08-26 19:26:30.986 D PARKDIAG/Coord:   ✦ step #169 (egress walk, anchor set) [DET-AR-FIRST-001]
08-26 19:26:31.531 D PARKDIAG/Coord:   ✦ step #170 (egress walk, anchor set) [DET-AR-FIRST-001]
08-26 19:26:31.933 D PARKDIAG/Coord: ─ loc#165 lat=36.5960219 lon=-6.2327258 speed=1.3606019m/s acc=6.494m sessionAge=946387ms
08-26 19:26:31.936 D PARKDIAG/Coord:   state hasEverMoved=true hasEverReachedDrivingSpeed=true userConfirmed=false vehicleExit=true stoppedSince=null stoppedDur=0ms phase=Notified(shownAt=1787765121057)
08-26 19:26:31.985 D PARKDIAG/Coord:   ✦ step #171 (egress walk, anchor set) [DET-AR-FIRST-001]
08-26 19:26:32.502 D PARKDIAG/Coord:   ✦ step #172 (egress walk, anchor set) [DET-AR-FIRST-001]
08-26 19:26:32.965 D PARKDIAG/Coord:   ✦ step #173 (egress walk, anchor set) [DET-AR-FIRST-001]
08-26 19:26:33.485 D PARKDIAG/Coord:   ✦ step #174 (egress walk, anchor set) [DET-AR-FIRST-001]
08-26 19:26:33.886 D PARKDIAG/Coord:   ✦ step #175 (egress walk, anchor set) [DET-AR-FIRST-001]
08-26 19:26:33.972 D PARKDIAG/Coord: ─ loc#166 lat=36.5960469 lon=-6.232692 speed=1.2675536m/s acc=6.111m sessionAge=948426ms
08-26 19:26:33.974 D PARKDIAG/Coord:   state hasEverMoved=true hasEverReachedDrivingSpeed=true userConfirmed=false vehicleExit=true stoppedSince=null stoppedDur=0ms phase=Notified(shownAt=1787765121057)
08-26 19:26:34.366 D PARKDIAG/Coord:   ✦ step #176 (egress walk, anchor set) [DET-AR-FIRST-001]
08-26 19:26:34.906 D PARKDIAG/Coord:   ✦ step #177 (egress walk, anchor set) [DET-AR-FIRST-001]
08-26 19:26:35.468 D PARKDIAG/Coord:   ✦ step #178 (egress walk, anchor set) [DET-AR-FIRST-001]
08-26 19:26:35.865 D PARKDIAG/Coord:   ✦ step #179 (egress walk, anchor set) [DET-AR-FIRST-001]
08-26 19:26:35.952 D PARKDIAG/Coord: ─ loc#167 lat=36.5960612 lon=-6.2326668 speed=1.3345882m/s acc=7.324m sessionAge=950406ms
08-26 19:26:35.956 D PARKDIAG/Coord:   state hasEverMoved=true hasEverReachedDrivingSpeed=true userConfirmed=false vehicleExit=true stoppedSince=null stoppedDur=0ms phase=Notified(shownAt=1787765121057)
08-26 19:26:36.364 D PARKDIAG/Coord:   ✦ step #180 (egress walk, anchor set) [DET-AR-FIRST-001]
08-26 19:26:36.886 D PARKDIAG/Coord:   ✦ step #181 (egress walk, anchor set) [DET-AR-FIRST-001]
08-26 19:26:37.465 D PARKDIAG/Coord:   ✦ step #182 (egress walk, anchor set) [DET-AR-FIRST-001]
08-26 19:26:37.885 D PARKDIAG/Coord:   ✦ step #183 (egress walk, anchor set) [DET-AR-FIRST-001]
08-26 19:26:37.948 D PARKDIAG/Coord: ─ loc#168 lat=36.5961048 lon=-6.2326177 speed=1.3151028m/s acc=6.35m sessionAge=952403ms
08-26 19:26:37.951 D PARKDIAG/Coord:   state hasEverMoved=true hasEverReachedDrivingSpeed=true userConfirmed=false vehicleExit=true stoppedSince=null stoppedDur=0ms phase=Notified(shownAt=1787765121057)
08-26 19:26:38.347 D PARKDIAG/Coord:   ✦ step #184 (egress walk, anchor set) [DET-AR-FIRST-001]
08-26 19:26:38.891 D PARKDIAG/Coord:   ✦ step #185 (egress walk, anchor set) [DET-AR-FIRST-001]
08-26 19:26:39.342 D PARKDIAG/Coord:   ✦ step #186 (egress walk, anchor set) [DET-AR-FIRST-001]
08-26 19:26:39.902 D PARKDIAG/Coord: ─ loc#169 lat=36.596125 lon=-6.2325948 speed=1.319987m/s acc=5.463m sessionAge=954356ms
08-26 19:26:39.907 D PARKDIAG/Coord:   state hasEverMoved=true hasEverReachedDrivingSpeed=true userConfirmed=false vehicleExit=true stoppedSince=null stoppedDur=0ms phase=Notified(shownAt=1787765121057)
08-26 19:26:39.912 D PARKDIAG/Coord:   ✦ step #187 (egress walk, anchor set) [DET-AR-FIRST-001]
08-26 19:26:40.466 D PARKDIAG/Coord:   ✦ step #188 (egress walk, anchor set) [DET-AR-FIRST-001]
08-26 19:26:40.868 D PARKDIAG/Coord:   ✦ step #189 (egress walk, anchor set) [DET-AR-FIRST-001]
08-26 19:26:41.346 D PARKDIAG/Coord:   ✦ step #190 (egress walk, anchor set) [DET-AR-FIRST-001]
08-26 19:26:41.862 D PARKDIAG/Coord:   ✦ step #191 (egress walk, anchor set) [DET-AR-FIRST-001]
08-26 19:26:41.902 D PARKDIAG/Coord: ─ loc#170 lat=36.5961376 lon=-6.2325718 speed=1.3161957m/s acc=3.908m sessionAge=956356ms
08-26 19:26:41.906 D PARKDIAG/Coord:   state hasEverMoved=true hasEverReachedDrivingSpeed=true userConfirmed=false vehicleExit=true stoppedSince=null stoppedDur=0ms phase=Notified(shownAt=1787765121057)
08-26 19:26:42.467 D PARKDIAG/Coord:   ✦ step #192 (egress walk, anchor set) [DET-AR-FIRST-001]
08-26 19:26:42.887 D PARKDIAG/Coord:   ✦ step #193 (egress walk, anchor set) [DET-AR-FIRST-001]
08-26 19:26:43.447 D PARKDIAG/Coord:   ✦ step #194 (egress walk, anchor set) [DET-AR-FIRST-001]
08-26 19:26:43.928 D PARKDIAG/Coord:   ✦ step #195 (egress walk, anchor set) [DET-AR-FIRST-001]
08-26 19:26:43.955 D PARKDIAG/Coord: ─ loc#171 lat=36.5961509 lon=-6.2325446 speed=1.3052919m/s acc=3.883m sessionAge=958410ms
08-26 19:26:43.958 D PARKDIAG/Coord:   state hasEverMoved=true hasEverReachedDrivingSpeed=true userConfirmed=false vehicleExit=true stoppedSince=null stoppedDur=0ms phase=Notified(shownAt=1787765121057)
08-26 19:26:44.348 D PARKDIAG/Coord:   ✦ step #196 (egress walk, anchor set) [DET-AR-FIRST-001]
08-26 19:26:44.863 D PARKDIAG/Coord:   ✦ step #197 (egress walk, anchor set) [DET-AR-FIRST-001]
08-26 19:26:45.368 D PARKDIAG/Coord:   ✦ step #198 (egress walk, anchor set) [DET-AR-FIRST-001]
08-26 19:26:45.917 D PARKDIAG/Coord: ─ loc#172 lat=36.5961643 lon=-6.2325175 speed=1.2611798m/s acc=3.93m sessionAge=960371ms
08-26 19:26:45.921 D PARKDIAG/Coord:   state hasEverMoved=true hasEverReachedDrivingSpeed=true userConfirmed=false vehicleExit=true stoppedSince=null stoppedDur=0ms phase=Notified(shownAt=1787765121057)
08-26 19:26:45.927 D PARKDIAG/Coord:   ✦ step #199 (egress walk, anchor set) [DET-AR-FIRST-001]
08-26 19:26:46.368 D PARKDIAG/Coord:   ✦ step #200 (egress walk, anchor set) [DET-AR-FIRST-001]
08-26 19:26:46.909 D PARKDIAG/Coord:   ✦ step #201 (egress walk, anchor set) [DET-AR-FIRST-001]
08-26 19:26:47.389 D PARKDIAG/Coord:   ✦ step #202 (egress walk, anchor set) [DET-AR-FIRST-001]
08-26 19:26:47.905 D PARKDIAG/Coord:   ✦ step #203 (egress walk, anchor set) [DET-AR-FIRST-001]
08-26 19:26:48.002 D PARKDIAG/Coord: ─ loc#173 lat=36.5961744 lon=-6.2324931 speed=1.259616m/s acc=3.831m sessionAge=962457ms
08-26 19:26:48.005 D PARKDIAG/Coord:   state hasEverMoved=true hasEverReachedDrivingSpeed=true userConfirmed=false vehicleExit=true stoppedSince=null stoppedDur=0ms phase=Notified(shownAt=1787765121057)
08-26 19:26:48.404 D PARKDIAG/Coord:   ✦ step #204 (egress walk, anchor set) [DET-AR-FIRST-001]
08-26 19:26:48.927 D PARKDIAG/Coord:   ✦ step #205 (egress walk, anchor set) [DET-AR-FIRST-001]
08-26 19:26:49.525 D PARKDIAG/Coord:   ✦ step #206 (egress walk, anchor set) [DET-AR-FIRST-001]
08-26 19:26:49.965 D PARKDIAG/Coord:   ✦ step #207 (egress walk, anchor set) [DET-AR-FIRST-001]
08-26 19:26:49.994 D PARKDIAG/Coord: ─ loc#174 lat=36.5961867 lon=-6.2324657 speed=1.2235881m/s acc=3.861m sessionAge=964449ms
08-26 19:26:49.997 D PARKDIAG/Coord:   state hasEverMoved=true hasEverReachedDrivingSpeed=true userConfirmed=false vehicleExit=true stoppedSince=null stoppedDur=0ms phase=Notified(shownAt=1787765121057)
08-26 19:26:50.521 D PARKDIAG/Coord:   ✦ step #208 (egress walk, anchor set) [DET-AR-FIRST-001]
08-26 19:26:51.043 D PARKDIAG/Coord:   ✦ step #209 (egress walk, anchor set) [DET-AR-FIRST-001]
08-26 19:26:51.607 D PARKDIAG/Coord:   ✦ step #210 (egress walk, anchor set) [DET-AR-FIRST-001]
08-26 19:26:52.114 D PARKDIAG/Coord:   ✦ step #211 (egress walk, anchor set) [DET-AR-FIRST-001]
08-26 19:26:52.157 D PARKDIAG/Coord: ─ loc#175 lat=36.5961769 lon=-6.2324388 speed=1.1719155m/s acc=4.091m sessionAge=966611ms
08-26 19:26:52.161 D PARKDIAG/Coord:   state hasEverMoved=true hasEverReachedDrivingSpeed=true userConfirmed=false vehicleExit=true stoppedSince=null stoppedDur=0ms phase=Notified(shownAt=1787765121057)
08-26 19:26:52.589 D PARKDIAG/Coord:   ✦ step #212 (egress walk, anchor set) [DET-AR-FIRST-001]
08-26 19:26:53.108 D PARKDIAG/Coord:   ✦ step #213 (egress walk, anchor set) [DET-AR-FIRST-001]
08-26 19:26:53.684 D PARKDIAG/Coord:   ✦ step #214 (egress walk, anchor set) [DET-AR-FIRST-001]
08-26 19:26:54.105 D PARKDIAG/Coord:   ✦ step #215 (egress walk, anchor set) [DET-AR-FIRST-001]
08-26 19:26:54.233 D PARKDIAG/Coord: ─ loc#176 lat=36.5961661 lon=-6.2324107 speed=1.241974m/s acc=4.572m sessionAge=968688ms
08-26 19:26:54.238 D PARKDIAG/Coord:   state hasEverMoved=true hasEverReachedDrivingSpeed=true userConfirmed=false vehicleExit=true stoppedSince=null stoppedDur=0ms phase=Notified(shownAt=1787765121057)
08-26 19:26:54.727 D PARKDIAG/Coord:   ✦ step #216 (egress walk, anchor set) [DET-AR-FIRST-001]
08-26 19:26:55.206 D PARKDIAG/Coord:   ✦ step #217 (egress walk, anchor set) [DET-AR-FIRST-001]
08-26 19:26:55.727 D PARKDIAG/Coord:   ✦ step #218 (egress walk, anchor set) [DET-AR-FIRST-001]
08-26 19:26:56.207 D PARKDIAG/Coord:   ✦ step #219 (egress walk, anchor set) [DET-AR-FIRST-001]
08-26 19:26:56.236 D PARKDIAG/Coord: ─ loc#177 lat=36.5961749 lon=-6.2323827 speed=1.2362031m/s acc=4.994m sessionAge=970689ms
08-26 19:26:56.239 D PARKDIAG/Coord:   state hasEverMoved=true hasEverReachedDrivingSpeed=true userConfirmed=false vehicleExit=true stoppedSince=null stoppedDur=0ms phase=Notified(shownAt=1787765121057)
08-26 19:26:56.663 D PARKDIAG/Coord:   ✦ step #220 (egress walk, anchor set) [DET-AR-FIRST-001]
08-26 19:26:57.244 D PARKDIAG/Coord:   ✦ step #221 (egress walk, anchor set) [DET-AR-FIRST-001]
08-26 19:26:57.789 D PARKDIAG/Coord:   ✦ step #222 (egress walk, anchor set) [DET-AR-FIRST-001]
08-26 19:26:58.230 D PARKDIAG/Coord:   ✦ step #223 (egress walk, anchor set) [DET-AR-FIRST-001]
08-26 19:26:58.266 D PARKDIAG/Coord: ─ loc#178 lat=36.596168 lon=-6.2323783 speed=1.2351251m/s acc=4.334m sessionAge=972720ms
08-26 19:26:58.271 D PARKDIAG/Coord:   state hasEverMoved=true hasEverReachedDrivingSpeed=true userConfirmed=false vehicleExit=true stoppedSince=null stoppedDur=0ms phase=Notified(shownAt=1787765121057)
08-26 19:26:58.777 D PARKDIAG/Coord:   ✦ step #224 (egress walk, anchor set) [DET-AR-FIRST-001]
08-26 19:26:59.308 D PARKDIAG/Coord:   ✦ step #225 (egress walk, anchor set) [DET-AR-FIRST-001]
08-26 19:26:59.845 D PARKDIAG/Coord:   ✦ step #226 (egress walk, anchor set) [DET-AR-FIRST-001]
08-26 19:27:00.339 D PARKDIAG/Coord: ─ loc#179 lat=36.5961763 lon=-6.2323479 speed=1.244472m/s acc=3.872m sessionAge=974794ms
08-26 19:27:00.342 D PARKDIAG/Coord:   state hasEverMoved=true hasEverReachedDrivingSpeed=true userConfirmed=false vehicleExit=true stoppedSince=null stoppedDur=0ms phase=Notified(shownAt=1787765121057)
08-26 19:27:00.345 D PARKDIAG/Coord:   ✦ step #227 (egress walk, anchor set) [DET-AR-FIRST-001]
08-26 19:27:00.865 D PARKDIAG/Coord:   ✦ step #228 (egress walk, anchor set) [DET-AR-FIRST-001]
08-26 19:27:01.309 D PARKDIAG/Coord:   ✦ step #229 (egress walk, anchor set) [DET-AR-FIRST-001]
08-26 19:27:02.005 D PARKDIAG/Coord:   ✦ step #230 (egress walk, anchor set) [DET-AR-FIRST-001]
08-26 19:27:02.449 D PARKDIAG/Coord:   ✦ step #231 (egress walk, anchor set) [DET-AR-FIRST-001]
08-26 19:27:02.532 D PARKDIAG/Coord: ─ loc#180 lat=36.5961854 lon=-6.2323291 speed=0.7472381m/s acc=4.056m sessionAge=976986ms
08-26 19:27:02.535 D PARKDIAG/Coord:   state hasEverMoved=true hasEverReachedDrivingSpeed=true userConfirmed=false vehicleExit=true stoppedSince=1787765222531 stoppedDur=0ms phase=Notified(shownAt=1787765121057)
08-26 19:27:02.985 D PARKDIAG/Coord:   ✦ step #232 (stopped)
08-26 19:27:03.586 D PARKDIAG/Coord:   ✦ step #233 (stopped)
08-26 19:27:04.067 D PARKDIAG/Coord:   ✦ step #234 (stopped)
08-26 19:27:04.634 D PARKDIAG/Coord: ─ loc#181 lat=36.5961928 lon=-6.2323032 speed=1.0168426m/s acc=4.615m sessionAge=979088ms
08-26 19:27:04.639 D PARKDIAG/Coord:   state hasEverMoved=true hasEverReachedDrivingSpeed=true userConfirmed=false vehicleExit=true stoppedSince=null stoppedDur=0ms phase=Notified(shownAt=1787765121057)
08-26 19:27:04.644 D PARKDIAG/Coord:   ✦ step #235 (egress walk, anchor set) [DET-AR-FIRST-001]
08-26 19:27:05.047 D PARKDIAG/Coord:   ✦ step #236 (egress walk, anchor set) [DET-AR-FIRST-001]
08-26 19:27:05.741 D PARKDIAG/Coord:   ✦ step #237 (egress walk, anchor set) [DET-AR-FIRST-001]
08-26 19:27:06.265 D PARKDIAG/Coord:   ✦ step #238 (egress walk, anchor set) [DET-AR-FIRST-001]
08-26 19:27:06.873 D PARKDIAG/Coord: ─ loc#182 lat=36.5961992 lon=-6.2322876 speed=0.45015478m/s acc=5.273m sessionAge=981328ms
08-26 19:27:06.878 D PARKDIAG/Coord:   state hasEverMoved=true hasEverReachedDrivingSpeed=true userConfirmed=false vehicleExit=true stoppedSince=1787765226873 stoppedDur=0ms phase=Notified(shownAt=1787765121057)
08-26 19:27:06.882 D PARKDIAG/Coord:   ✦ step #239 (stopped)
08-26 19:27:07.367 D PARKDIAG/Coord:   ✦ step #240 (stopped)
08-26 19:27:07.848 D PARKDIAG/Coord:   ✦ step #241 (stopped)
08-26 19:27:08.408 D PARKDIAG/Coord:   ✦ step #242 (stopped)
08-26 19:27:08.764 D PARKDIAG/Coord:   ✦ step #243 (stopped)
08-26 19:27:08.950 D PARKDIAG/Coord: ─ loc#183 lat=36.5962051 lon=-6.2322672 speed=0.8256823m/s acc=5.504m sessionAge=983404ms
08-26 19:27:08.953 D PARKDIAG/Coord:   state hasEverMoved=true hasEverReachedDrivingSpeed=true userConfirmed=false vehicleExit=true stoppedSince=1787765226873 stoppedDur=2076ms phase=Notified(shownAt=1787765121057)
08-26 19:27:09.605 D PARKDIAG/Coord:   ✦ step #244 (stopped)
08-26 19:27:10.187 D PARKDIAG/Coord:   ✦ step #245 (stopped)
08-26 19:27:10.778 D PARKDIAG/Coord: ─ loc#184 lat=36.5961991 lon=-6.2322631 speed=0.6410899m/s acc=5.755m sessionAge=985233ms
08-26 19:27:10.782 D PARKDIAG/Coord:   state hasEverMoved=true hasEverReachedDrivingSpeed=true userConfirmed=false vehicleExit=true stoppedSince=1787765226873 stoppedDur=3905ms phase=Notified(shownAt=1787765121057)
08-26 19:27:10.787 D PARKDIAG/Coord:   ✦ step #246 (stopped)
08-26 19:27:11.208 D PARKDIAG/Coord:   ✦ step #247 (stopped)
08-26 19:27:11.745 D PARKDIAG/Coord:   ✦ step #248 (stopped)
08-26 19:27:12.346 D PARKDIAG/Coord:   ✦ step #249 (stopped)
08-26 19:27:12.933 D PARKDIAG/Coord: ─ loc#185 lat=36.5961993 lon=-6.232264 speed=0.22926442m/s acc=5.873m sessionAge=987387ms
08-26 19:27:12.937 D PARKDIAG/Coord:   state hasEverMoved=true hasEverReachedDrivingSpeed=true userConfirmed=false vehicleExit=true stoppedSince=1787765226873 stoppedDur=6059ms phase=Notified(shownAt=1787765121057)
08-26 19:27:12.946 D PARKDIAG/Coord:   ✦ step #250 (stopped)
08-26 19:27:13.486 D PARKDIAG/Coord:   ✦ step #251 (stopped)
08-26 19:27:14.129 D PARKDIAG/Coord:   ✦ step #252 (stopped)
08-26 19:27:14.664 D PARKDIAG/Coord:   ✦ step #253 (stopped)
08-26 19:27:15.260 D PARKDIAG/Coord: ─ loc#186 lat=36.596189 lon=-6.2322696 speed=0.6079182m/s acc=5.688m sessionAge=989714ms
08-26 19:27:15.264 D PARKDIAG/Coord:   state hasEverMoved=true hasEverReachedDrivingSpeed=true userConfirmed=false vehicleExit=true stoppedSince=1787765226873 stoppedDur=8386ms phase=Notified(shownAt=1787765121057)
08-26 19:27:15.302 D PARKDIAG/Coord:   ✦ step #254 (stopped)
08-26 19:27:15.685 D PARKDIAG/Coord:   ✦ step #255 (stopped)
08-26 19:27:16.343 D PARKDIAG/Coord:   ✦ step #256 (stopped)
08-26 19:27:16.808 D PARKDIAG/Coord:   ✦ step #257 (stopped)
08-26 19:27:17.355 D PARKDIAG/Coord: ─ loc#187 lat=36.5961958 lon=-6.2322582 speed=0.36062253m/s acc=5.359m sessionAge=991810ms
08-26 19:27:17.360 D PARKDIAG/Coord:   state hasEverMoved=true hasEverReachedDrivingSpeed=true userConfirmed=false vehicleExit=true stoppedSince=1787765226873 stoppedDur=10482ms phase=Notified(shownAt=1787765121057)
08-26 19:27:17.365 D PARKDIAG/Coord:   ✦ step #258 (stopped)
08-26 19:27:17.884 D PARKDIAG/Coord:   ✦ step #259 (stopped)
08-26 19:27:18.364 D PARKDIAG/Coord:   ✦ step #260 (stopped)
08-26 19:27:18.665 D PARKDIAG/Coord:   ✦ step #261 (stopped)
08-26 19:27:19.410 D PARKDIAG/Coord: ─ loc#188 lat=36.596179 lon=-6.2322425 speed=0.7518603m/s acc=5.576m sessionAge=993865ms
08-26 19:27:19.414 D PARKDIAG/Coord:   state hasEverMoved=true hasEverReachedDrivingSpeed=true userConfirmed=false vehicleExit=true stoppedSince=1787765226873 stoppedDur=12537ms phase=Notified(shownAt=1787765121057)
08-26 19:27:19.447 D PARKDIAG/Coord:   ✦ step #262 (stopped)
08-26 19:27:19.927 D PARKDIAG/Coord:   ✦ step #263 (stopped)
08-26 19:27:20.450 D PARKDIAG/Coord:   ✦ step #264 (stopped)
08-26 19:27:20.945 D PARKDIAG/Coord:   ✦ step #265 (stopped)
08-26 19:27:21.316 D PARKDIAG/Coord: ─ loc#189 lat=36.5961545 lon=-6.2322337 speed=1.01455m/s acc=6.108m sessionAge=995770ms
08-26 19:27:21.319 D PARKDIAG/Coord:   state hasEverMoved=true hasEverReachedDrivingSpeed=true userConfirmed=false vehicleExit=true stoppedSince=null stoppedDur=0ms phase=Notified(shownAt=1787765121057)
08-26 19:27:21.322 D PARKDIAG/Coord:   ✦ step #266 (egress walk, anchor set) [DET-AR-FIRST-001]
08-26 19:27:21.844 D PARKDIAG/Coord:   ✦ step #267 (egress walk, anchor set) [DET-AR-FIRST-001]
08-26 19:27:22.410 D PARKDIAG/Coord:   ✦ step #268 (egress walk, anchor set) [DET-AR-FIRST-001]
08-26 19:27:22.987 D PARKDIAG/Coord:   ✦ step #269 (egress walk, anchor set) [DET-AR-FIRST-001]
08-26 19:27:23.556 D PARKDIAG/Coord:   ✦ step #270 (egress walk, anchor set) [DET-AR-FIRST-001]
08-26 19:27:23.590 D PARKDIAG/Coord: ─ loc#190 lat=36.5961952 lon=-6.2322547 speed=0.37296063m/s acc=6.439m sessionAge=998043ms
08-26 19:27:23.593 D PARKDIAG/Coord:   state hasEverMoved=true hasEverReachedDrivingSpeed=true userConfirmed=false vehicleExit=true stoppedSince=1787765243588 stoppedDur=0ms phase=Notified(shownAt=1787765121057)
08-26 19:27:24.102 D PARKDIAG/Coord:   ✦ step #271 (stopped)
08-26 19:27:24.685 D PARKDIAG/Coord:   ✦ step #272 (stopped)
08-26 19:27:25.243 D PARKDIAG/Coord:   ✦ step #273 (stopped)
08-26 19:27:25.688 D PARKDIAG/Coord:   ✦ step #274 (stopped)
08-26 19:27:26.145 D PARKDIAG/Coord:   ✦ step #275 (stopped)
08-26 19:27:26.281 D PARKDIAG/Coord: ─ loc#191 lat=36.59619 lon=-6.232273 speed=0.53320986m/s acc=6.426m sessionAge=1000735ms
08-26 19:27:26.283 D PARKDIAG/Coord:   state hasEverMoved=true hasEverReachedDrivingSpeed=true userConfirmed=false vehicleExit=true stoppedSince=1787765243588 stoppedDur=2692ms phase=Notified(shownAt=1787765121057)
08-26 19:27:26.904 D PARKDIAG/Coord:   ✦ step #276 (stopped)
08-26 19:27:27.483 D PARKDIAG/Coord:   ✦ step #277 (stopped)
08-26 19:27:27.946 D PARKDIAG/Coord:   ✦ step #278 (stopped)
08-26 19:27:28.269 D PARKDIAG/Coord: ─ loc#192 lat=36.5961936 lon=-6.2322627 speed=0.28800863m/s acc=6.516m sessionAge=1002723ms
08-26 19:27:28.274 D PARKDIAG/Coord:   state hasEverMoved=true hasEverReachedDrivingSpeed=true userConfirmed=false vehicleExit=true stoppedSince=1787765243588 stoppedDur=4680ms phase=Notified(shownAt=1787765121057)
08-26 19:27:31.302 D PARKDIAG/Coord: ─ loc#193 lat=36.5962048 lon=-6.2322799 speed=0.18495415m/s acc=6.306m sessionAge=1005756ms
08-26 19:27:31.305 D PARKDIAG/Coord:   state hasEverMoved=true hasEverReachedDrivingSpeed=true userConfirmed=false vehicleExit=true stoppedSince=1787765243588 stoppedDur=7713ms phase=Notified(shownAt=1787765121057)
08-26 19:27:31.309 D PARKDIAG/Coord:   ✓ hold settled (held=120086ms, userYes=false) — finalizing tentative confirm [DET-C-02]
08-26 19:27:31.313 D PARKDIAG/Coord:     → confirmParking(reliability=0.9, path=steps+egress, zoneRadius=null) START
08-26 19:27:31.315 D PARKDIAG/Confirm: ▶ ConfirmParking.invoke reliability=0.9 spotType=AUTO_DETECTED vehicleId=addbe660-ad30-4857-ab1f-58433d76992d
08-26 19:27:31.317 D PARKDIAG/Confirm:   → authRepository.getCurrentSession() BEFORE
08-26 19:27:31.318 D PARKDIAG/Confirm:   ← getCurrentSession AFTER userId=fiypNbElGlfFexLMpU9sNaMjRMD3
08-26 19:27:31.319 D PARKDIAG/Confirm:   → getVehicleById(userId, addbe660-ad30-4857-ab1f-58433d76992d) BEFORE
08-26 19:27:31.326 D PARKDIAG/Confirm:   ← getVehicleById AFTER vehicleId=addbe660-ad30-4857-ab1f-58433d76992d
08-26 19:27:31.338 D PARKDIAG/Confirm:   privateZoneId=null
08-26 19:27:31.371 D PARKDIAG/Confirm:   route tail trimmed to the parking anchor (134 → 123 pts) [ROUTE-END-AT-CAR-001]
08-26 19:27:31.377 D PARKDIAG/Confirm:   route origin seeded from previous parking (228m before first fix) [ROUTE-QUALITY-001]
08-26 19:27:31.383 D PARKDIAG/Confirm:   → saveNewParkingSession BEFORE sessionId=a53e43c5-0f6d-4bd5-8418-1ee392bf21ec
08-26 19:27:31.422 D PARKDIAG/Confirm:   ← saveNewParkingSession AFTER isSuccess=true
08-26 19:27:31.424 D PARKDIAG/Confirm:   → enrichmentScheduler.schedule BEFORE
08-26 19:27:31.428 D PARKDIAG/Confirm:   ← enrichmentScheduler.schedule AFTER
08-26 19:27:31.429 D PARKDIAG/Confirm:   → geofenceService.createGeofence BEFORE
08-26 19:27:31.486 D PARKDIAG/Confirm:   ← geofenceService.createGeofence AFTER
08-26 19:27:31.495 D PARKDIAG/StepCounter: cumulative steps read → 3608
08-26 19:27:31.502 D PARKDIAG/Confirm: ■ ConfirmParking.invoke SUCCESS (notif is caller's responsibility)
08-26 19:27:31.531 D PARKDIAG/Coord:     ← confirmParking(reliability=0.9, path=steps+egress) END
08-26 19:27:31.571 D PARKDIAG/SaveNewParkingSessionWorker: ▶ SaveNewParkingSessionWorker.doWork session=a53e43c5-0f6d-4bd5-8418-1ee392bf21ec previous=null attempt=0
08-26 19:27:31.694 D PARKDIAG/SaveNewParkingSessionWorker: ■ SaveNewParkingSessionWorker SUCCESS session=a53e43c5-0f6d-4bd5-8418-1ee392bf21ec
08-26 19:27:32.051 D PARKDIAG/UpdateParkingSessionAddressAndPlaceWorker: ▶ UpdateParkingSessionAddressAndPlaceWorker.doWork session=a53e43c5-0f6d-4bd5-8418-1ee392bf21ec attempt=0
08-26 19:27:32.202 D PARKDIAG/UpdateParkingSessionAddressAndPlaceWorker: ■ UpdateParkingSessionAddressAndPlaceWorker SUCCESS session=a53e43c5-0f6d-4bd5-8418-1ee392bf21ec
08-26 19:27:36.220 D PARKDIAG/Coord:   takeWhile=false — flow will end
08-26 19:27:36.229 D PARKDIAG/Coord: ■ coordinator.invoke() EXITED — locationCount=0 completed=true
08-26 19:27:36.242 D PARKDIAG/Service:     ✓ coordinator returned NORMALLY
08-26 19:27:36.260 D PARKDIAG/StepCounter: cumulative steps read → 3608
08-26 19:27:36.267 D PARKDIAG/Service:     ■ job complete → DetectionEnded(startId=31) → intake
08-26 19:27:36.288 D PARKDIAG/Service:   ⏾ enterSentry(detection-ended) — resident, GPS off, re-arming departure wake [DET-RESIDENT-FGS-001]
08-26 19:27:36.307 D PARKDIAG/SigMotion: sync → armed=true
08-26 19:27:36.412 D PARKDIAG/ExactNet: ⏰ exact net ARMED (exact=true, every 5 min)
08-26 19:27:36.424 D PARKDIAG/OneFix: fix lat=36.5961957 lon=-6.2322771 speed=0.17042232m/s acc=5.4m age=0s
08-26 19:27:36.441 D PARKDIAG/StepCounter: cumulative steps read → 3608
08-26 19:27:36.460 D PARKDIAG/SafetyNet: [detection-end] geof=a53e43c5: sigues junto al coche (d=59m, radio 83m) → resello la referencia de pasos; la valla se re-registró hace 29796087min, no toca aún · geof=a786c135: distancia ambigua (d=4311m, ni junto al coche ni claramente lejos) → solo apunto la posición, no decido nada
08-26 19:27:46.842 D PARKDIAG/SaveNewParkingSessionWorker: ▶ SaveNewParkingSessionWorker.doWork session=a53e43c5-0f6d-4bd5-8418-1ee392bf21ec previous=null attempt=0
08-26 19:27:46.999 D PARKDIAG/SaveNewParkingSessionWorker: ■ SaveNewParkingSessionWorker SUCCESS session=a53e43c5-0f6d-4bd5-8418-1ee392bf21ec
08-26 19:28:45.947 D PARKDIAG/ARReceiver:   → IN_VEHICLE ENTER
08-26 19:28:45.949 D PARKDIAG/ARReceiver:   ✓ IN_VEHICLE ENTER → bus stamped (trueTime=1787765320686, lag=5262ms) [DET-SOLID-001]
08-26 19:28:45.966 D PARKDIAG/Service: ▶ onStartCommand action=io.apptolast.paparcar.ACTION_AR_TRANSITION flags=0 startId=32
08-26 19:28:45.980 D PARKDIAG/Service:   ✓ startForeground done (locationPermission=true)
08-26 19:28:46.013 D PARKDIAG/OneFix: fix lat=36.5961496 lon=-6.2322474 speed=0.10678063m/s acc=5.0m age=3s
08-26 19:28:46.025 D PARKDIAG/Service:   → AR ENTER at own fence — arming Coordinator, waiting for ride proof (geof=a53e43c5 lag=5298ms dep=enter_at_car) [DET-AR-FIRST-001]
08-26 19:28:46.050 D PARKDIAG/Service:   ▶ startParkingDetection — launching coordinator (trigger=AR_VEHICLE_ENTER)
08-26 19:28:46.092 D PARKDIAG/Service:     ▶ detection coroutine entered, invoking coordinator
08-26 19:28:46.098 D PARKDIAG/Coord: ▶ coordinator.invoke() entry (armEvidence=enter_at_car) — calling reset()
08-26 19:28:46.101 D PARKDIAG/Coord:   ⊘ session-start dismiss skipped — fresh revert card (age=74567ms) [REFACTOR-300-FIX]
08-26 19:28:46.105 D PARKDIAG/SigMotion: sync → disarmed
08-26 19:28:46.117 D PARKDIAG/ExactNet: ⏰ exact net DISARMED — no parked session to watch
08-26 19:28:46.119 D PARKDIAG/SafetyNet: ■ detection running — skipping check
08-26 19:28:46.123 D PARKDIAG/Coord: ─ loc#1 lat=36.5961496 lon=-6.2322474 speed=0.10678063m/s acc=5.0m sessionAge=26ms
08-26 19:28:46.125 D PARKDIAG/Coord:   state hasEverMoved=false hasEverReachedDrivingSpeed=false userConfirmed=false vehicleExit=false stoppedSince=1787765326123 stoppedDur=0ms phase=Idle
08-26 19:28:46.126 D PARKDIAG/Coord:   ⏸ skipping: !hasEverReachedDrivingSpeed
08-26 19:28:50.718 D PARKDIAG/Coord: ─ loc#2 lat=36.596205 lon=-6.2323467 speed=0.15184306m/s acc=4.5m sessionAge=4620ms
08-26 19:28:50.722 D PARKDIAG/Coord:   state hasEverMoved=false hasEverReachedDrivingSpeed=false userConfirmed=false vehicleExit=false stoppedSince=1787765326123 stoppedDur=4594ms phase=Idle
08-26 19:28:50.726 D PARKDIAG/Coord:   ⏸ skipping: !hasEverReachedDrivingSpeed
08-26 19:28:56.245 D PARKDIAG/Coord: ─ loc#3 lat=36.5961633 lon=-6.23232 speed=0.0m/s acc=13.5m sessionAge=10147ms
08-26 19:28:56.249 D PARKDIAG/Coord:   state hasEverMoved=false hasEverReachedDrivingSpeed=false userConfirmed=false vehicleExit=false stoppedSince=1787765326123 stoppedDur=10121ms phase=Idle
08-26 19:28:56.252 D PARKDIAG/Coord:   ⏸ skipping: !hasEverReachedDrivingSpeed
08-26 19:29:01.301 D PARKDIAG/Coord: ─ loc#4 lat=36.5961633 lon=-6.23232 speed=0.0m/s acc=2.3m sessionAge=15204ms
08-26 19:29:01.304 D PARKDIAG/Coord:   state hasEverMoved=false hasEverReachedDrivingSpeed=false userConfirmed=false vehicleExit=false stoppedSince=1787765326123 stoppedDur=15178ms phase=Idle
08-26 19:29:01.307 D PARKDIAG/Coord:   ⏸ skipping: !hasEverReachedDrivingSpeed
08-26 19:29:06.251 D PARKDIAG/Coord: ─ loc#5 lat=36.596115 lon=-6.2323133 speed=0.0m/s acc=2.05m sessionAge=20153ms
08-26 19:29:06.259 D PARKDIAG/Coord:   state hasEverMoved=false hasEverReachedDrivingSpeed=false userConfirmed=false vehicleExit=false stoppedSince=1787765326123 stoppedDur=20127ms phase=Idle
08-26 19:29:06.261 D PARKDIAG/Coord:   ⏸ skipping: !hasEverReachedDrivingSpeed
08-26 19:29:11.280 D PARKDIAG/Coord: ─ loc#6 lat=36.596115 lon=-6.2323133 speed=0.0m/s acc=13.5m sessionAge=25182ms
08-26 19:29:11.289 D PARKDIAG/Coord:   state hasEverMoved=false hasEverReachedDrivingSpeed=false userConfirmed=false vehicleExit=false stoppedSince=1787765326123 stoppedDur=25156ms phase=Idle
08-26 19:29:11.293 D PARKDIAG/Coord:   ⏸ skipping: !hasEverReachedDrivingSpeed
08-26 19:29:16.283 D PARKDIAG/Coord: ─ loc#7 lat=36.5961233 lon=-6.2323267 speed=0.0m/s acc=2.05m sessionAge=30186ms
08-26 19:29:16.289 D PARKDIAG/Coord:   state hasEverMoved=false hasEverReachedDrivingSpeed=false userConfirmed=false vehicleExit=false stoppedSince=1787765326123 stoppedDur=30160ms phase=Idle
08-26 19:29:16.294 D PARKDIAG/Coord:   ⏸ skipping: !hasEverReachedDrivingSpeed
08-26 19:29:21.295 D PARKDIAG/Coord: ─ loc#8 lat=36.5961167 lon=-6.2323317 speed=0.0m/s acc=1.75m sessionAge=35197ms
08-26 19:29:21.299 D PARKDIAG/Coord:   state hasEverMoved=false hasEverReachedDrivingSpeed=false userConfirmed=false vehicleExit=false stoppedSince=1787765326123 stoppedDur=35171ms phase=Idle
08-26 19:29:21.305 D PARKDIAG/Coord:   ⏸ skipping: !hasEverReachedDrivingSpeed
08-26 19:29:26.263 D PARKDIAG/Coord: ─ loc#9 lat=36.5961167 lon=-6.2323317 speed=0.0m/s acc=1.5m sessionAge=40165ms
08-26 19:29:26.267 D PARKDIAG/Coord:   state hasEverMoved=false hasEverReachedDrivingSpeed=false userConfirmed=false vehicleExit=false stoppedSince=1787765326123 stoppedDur=40139ms phase=Idle
08-26 19:29:26.275 D PARKDIAG/Coord:   ⏸ skipping: !hasEverReachedDrivingSpeed
08-26 19:29:31.279 D PARKDIAG/Coord: ─ loc#10 lat=36.5961167 lon=-6.2323317 speed=0.0m/s acc=1.5m sessionAge=45182ms
08-26 19:29:31.285 D PARKDIAG/Coord:   state hasEverMoved=false hasEverReachedDrivingSpeed=false userConfirmed=false vehicleExit=false stoppedSince=1787765326123 stoppedDur=45156ms phase=Idle
08-26 19:29:31.289 D PARKDIAG/Coord:   ⏸ skipping: !hasEverReachedDrivingSpeed
08-26 19:29:36.285 D PARKDIAG/Coord: ─ loc#11 lat=36.5961167 lon=-6.2323317 speed=0.0m/s acc=1.5m sessionAge=50187ms
08-26 19:29:36.290 D PARKDIAG/Coord:   state hasEverMoved=false hasEverReachedDrivingSpeed=false userConfirmed=false vehicleExit=false stoppedSince=1787765326123 stoppedDur=50161ms phase=Idle
08-26 19:29:36.295 D PARKDIAG/Coord:   ⏸ skipping: !hasEverReachedDrivingSpeed
08-26 19:29:41.220 D PARKDIAG/Coord: ─ loc#12 lat=36.5961167 lon=-6.2323317 speed=0.0m/s acc=1.6m sessionAge=55122ms
08-26 19:29:41.222 D PARKDIAG/Coord:   state hasEverMoved=false hasEverReachedDrivingSpeed=false userConfirmed=false vehicleExit=false stoppedSince=1787765326123 stoppedDur=55096ms phase=Idle
08-26 19:29:41.223 D PARKDIAG/Coord:   ⏸ skipping: !hasEverReachedDrivingSpeed
08-26 19:29:46.282 D PARKDIAG/Coord: ─ loc#13 lat=36.5961167 lon=-6.2323317 speed=0.0m/s acc=1.8m sessionAge=60184ms
08-26 19:29:46.289 D PARKDIAG/Coord:   state hasEverMoved=false hasEverReachedDrivingSpeed=false userConfirmed=false vehicleExit=false stoppedSince=1787765326123 stoppedDur=60158ms phase=Idle
08-26 19:29:46.293 D PARKDIAG/Coord:   ⏸ skipping: !hasEverReachedDrivingSpeed
08-26 19:29:51.294 D PARKDIAG/Coord: ─ loc#14 lat=36.5961167 lon=-6.2323317 speed=0.0m/s acc=1.75m sessionAge=65196ms
08-26 19:29:51.305 D PARKDIAG/Coord:   state hasEverMoved=false hasEverReachedDrivingSpeed=false userConfirmed=false vehicleExit=false stoppedSince=1787765326123 stoppedDur=65170ms phase=Idle
08-26 19:29:51.309 D PARKDIAG/Coord:   ⏸ skipping: !hasEverReachedDrivingSpeed
08-26 19:29:56.265 D PARKDIAG/Coord: ─ loc#15 lat=36.5961167 lon=-6.2323317 speed=0.0m/s acc=1.7m sessionAge=70167ms
08-26 19:29:56.269 D PARKDIAG/Coord:   state hasEverMoved=false hasEverReachedDrivingSpeed=false userConfirmed=false vehicleExit=false stoppedSince=1787765326123 stoppedDur=70141ms phase=Idle
08-26 19:29:56.273 D PARKDIAG/Coord:   ⏸ skipping: !hasEverReachedDrivingSpeed
08-26 19:30:01.291 D PARKDIAG/Coord: ─ loc#16 lat=36.5961167 lon=-6.2323317 speed=0.0m/s acc=1.7m sessionAge=75192ms
08-26 19:30:01.297 D PARKDIAG/Coord:   state hasEverMoved=false hasEverReachedDrivingSpeed=false userConfirmed=false vehicleExit=false stoppedSince=1787765326123 stoppedDur=75166ms phase=Idle
08-26 19:30:01.304 D PARKDIAG/Coord:   ⏸ skipping: !hasEverReachedDrivingSpeed
08-26 19:30:06.281 D PARKDIAG/Coord: ─ loc#17 lat=36.5961167 lon=-6.2323317 speed=0.0m/s acc=1.65m sessionAge=80183ms
08-26 19:30:06.286 D PARKDIAG/Coord:   state hasEverMoved=false hasEverReachedDrivingSpeed=false userConfirmed=false vehicleExit=false stoppedSince=1787765326123 stoppedDur=80157ms phase=Idle
08-26 19:30:06.295 D PARKDIAG/Coord:   ⏸ skipping: !hasEverReachedDrivingSpeed
08-26 19:30:11.281 D PARKDIAG/Coord: ─ loc#18 lat=36.5961167 lon=-6.2323317 speed=0.0m/s acc=1.65m sessionAge=85183ms
08-26 19:30:11.286 D PARKDIAG/Coord:   state hasEverMoved=false hasEverReachedDrivingSpeed=false userConfirmed=false vehicleExit=false stoppedSince=1787765326123 stoppedDur=85157ms phase=Idle
08-26 19:30:11.290 D PARKDIAG/Coord:   ⏸ skipping: !hasEverReachedDrivingSpeed
08-26 19:30:16.289 D PARKDIAG/Coord: ─ loc#19 lat=36.5961167 lon=-6.2323317 speed=0.0m/s acc=1.55m sessionAge=90191ms
08-26 19:30:16.296 D PARKDIAG/Coord:   state hasEverMoved=false hasEverReachedDrivingSpeed=false userConfirmed=false vehicleExit=false stoppedSince=1787765326123 stoppedDur=90165ms phase=Idle
08-26 19:30:16.302 D PARKDIAG/Coord:   ⏸ skipping: !hasEverReachedDrivingSpeed
08-26 19:30:21.293 D PARKDIAG/Coord: ─ loc#20 lat=36.5961167 lon=-6.2323317 speed=0.0m/s acc=1.65m sessionAge=95195ms
08-26 19:30:21.300 D PARKDIAG/Coord:   state hasEverMoved=false hasEverReachedDrivingSpeed=false userConfirmed=false vehicleExit=false stoppedSince=1787765326123 stoppedDur=95169ms phase=Idle
08-26 19:30:21.304 D PARKDIAG/Coord:   ⏸ skipping: !hasEverReachedDrivingSpeed
08-26 19:30:26.288 D PARKDIAG/Coord: ─ loc#21 lat=36.5961167 lon=-6.2323317 speed=0.0m/s acc=1.65m sessionAge=100190ms
08-26 19:30:26.297 D PARKDIAG/Coord:   state hasEverMoved=false hasEverReachedDrivingSpeed=false userConfirmed=false vehicleExit=false stoppedSince=1787765326123 stoppedDur=100164ms phase=Idle
08-26 19:30:26.302 D PARKDIAG/Coord:   ⏸ skipping: !hasEverReachedDrivingSpeed
08-26 19:30:31.283 D PARKDIAG/Coord: ─ loc#22 lat=36.5961167 lon=-6.2323317 speed=0.0m/s acc=1.5m sessionAge=105185ms
08-26 19:30:31.288 D PARKDIAG/Coord:   state hasEverMoved=false hasEverReachedDrivingSpeed=false userConfirmed=false vehicleExit=false stoppedSince=1787765326123 stoppedDur=105159ms phase=Idle
08-26 19:30:31.291 D PARKDIAG/Coord:   ⏸ skipping: !hasEverReachedDrivingSpeed
08-26 19:30:36.308 D PARKDIAG/Coord: ─ loc#23 lat=36.5961167 lon=-6.2323317 speed=0.0m/s acc=1.6m sessionAge=110210ms
08-26 19:30:36.313 D PARKDIAG/Coord:   state hasEverMoved=false hasEverReachedDrivingSpeed=false userConfirmed=false vehicleExit=false stoppedSince=1787765326123 stoppedDur=110184ms phase=Idle
08-26 19:30:36.318 D PARKDIAG/Coord:   ⏸ skipping: !hasEverReachedDrivingSpeed
08-26 19:30:41.248 D PARKDIAG/Coord: ─ loc#24 lat=36.5961167 lon=-6.2323317 speed=0.0m/s acc=1.65m sessionAge=115150ms
08-26 19:30:41.254 D PARKDIAG/Coord:   state hasEverMoved=false hasEverReachedDrivingSpeed=false userConfirmed=false vehicleExit=false stoppedSince=1787765326123 stoppedDur=115124ms phase=Idle
08-26 19:30:41.258 D PARKDIAG/Coord:   ⏸ skipping: !hasEverReachedDrivingSpeed
08-26 19:30:46.295 D PARKDIAG/Coord: ─ loc#25 lat=36.5961167 lon=-6.2323317 speed=0.0m/s acc=1.7m sessionAge=120198ms
08-26 19:30:46.300 D PARKDIAG/Coord:   state hasEverMoved=false hasEverReachedDrivingSpeed=false userConfirmed=false vehicleExit=false stoppedSince=1787765326123 stoppedDur=120172ms phase=Idle
08-26 19:30:46.308 D PARKDIAG/Coord:   ⏸ skipping: !hasEverReachedDrivingSpeed
08-26 19:30:51.246 D PARKDIAG/Coord: ─ loc#26 lat=36.5961167 lon=-6.2323317 speed=0.0m/s acc=1.7m sessionAge=125147ms
08-26 19:30:51.250 D PARKDIAG/Coord:   state hasEverMoved=false hasEverReachedDrivingSpeed=false userConfirmed=false vehicleExit=false stoppedSince=1787765326123 stoppedDur=125121ms phase=Idle
08-26 19:30:51.253 D PARKDIAG/Coord:   ⏸ skipping: !hasEverReachedDrivingSpeed
08-26 19:30:56.272 D PARKDIAG/Coord: ─ loc#27 lat=36.5961167 lon=-6.2323317 speed=0.0m/s acc=1.55m sessionAge=130175ms
08-26 19:30:56.277 D PARKDIAG/Coord:   state hasEverMoved=false hasEverReachedDrivingSpeed=false userConfirmed=false vehicleExit=false stoppedSince=1787765326123 stoppedDur=130149ms phase=Idle
08-26 19:30:56.280 D PARKDIAG/Coord:   ⏸ skipping: !hasEverReachedDrivingSpeed
08-26 19:31:01.282 D PARKDIAG/Coord: ─ loc#28 lat=36.5961167 lon=-6.2323317 speed=0.0m/s acc=1.6m sessionAge=135183ms
08-26 19:31:01.293 D PARKDIAG/Coord:   state hasEverMoved=false hasEverReachedDrivingSpeed=false userConfirmed=false vehicleExit=false stoppedSince=1787765326123 stoppedDur=135157ms phase=Idle
08-26 19:31:01.300 D PARKDIAG/Coord:   ⏸ skipping: !hasEverReachedDrivingSpeed
08-26 19:31:06.286 D PARKDIAG/Coord: ─ loc#29 lat=36.5961167 lon=-6.2323317 speed=0.0m/s acc=1.8m sessionAge=140188ms
08-26 19:31:06.291 D PARKDIAG/Coord:   state hasEverMoved=false hasEverReachedDrivingSpeed=false userConfirmed=false vehicleExit=false stoppedSince=1787765326123 stoppedDur=140162ms phase=Idle
08-26 19:31:06.296 D PARKDIAG/Coord:   ⏸ skipping: !hasEverReachedDrivingSpeed
08-26 19:31:11.270 D PARKDIAG/Coord: ─ loc#30 lat=36.5961167 lon=-6.2323317 speed=0.0m/s acc=1.75m sessionAge=145173ms
08-26 19:31:11.275 D PARKDIAG/Coord:   state hasEverMoved=false hasEverReachedDrivingSpeed=false userConfirmed=false vehicleExit=false stoppedSince=1787765326123 stoppedDur=145147ms phase=Idle
08-26 19:31:11.280 D PARKDIAG/Coord:   ⏸ skipping: !hasEverReachedDrivingSpeed
08-26 19:31:16.292 D PARKDIAG/Coord: ─ loc#31 lat=36.5961167 lon=-6.2323317 speed=0.0m/s acc=1.55m sessionAge=150194ms
08-26 19:31:16.297 D PARKDIAG/Coord:   state hasEverMoved=false hasEverReachedDrivingSpeed=false userConfirmed=false vehicleExit=false stoppedSince=1787765326123 stoppedDur=150168ms phase=Idle
08-26 19:31:16.305 D PARKDIAG/Coord:   ⏸ skipping: !hasEverReachedDrivingSpeed
08-26 19:31:21.281 D PARKDIAG/Coord: ─ loc#32 lat=36.5961167 lon=-6.2323317 speed=0.0m/s acc=1.5m sessionAge=155183ms
08-26 19:31:21.287 D PARKDIAG/Coord:   state hasEverMoved=false hasEverReachedDrivingSpeed=false userConfirmed=false vehicleExit=false stoppedSince=1787765326123 stoppedDur=155157ms phase=Idle
08-26 19:31:21.293 D PARKDIAG/Coord:   ⏸ skipping: !hasEverReachedDrivingSpeed
08-26 19:31:26.285 D PARKDIAG/Coord: ─ loc#33 lat=36.5961167 lon=-6.2323317 speed=0.0m/s acc=1.5m sessionAge=160187ms
08-26 19:31:26.290 D PARKDIAG/Coord:   state hasEverMoved=false hasEverReachedDrivingSpeed=false userConfirmed=false vehicleExit=false stoppedSince=1787765326123 stoppedDur=160161ms phase=Idle
08-26 19:31:26.297 D PARKDIAG/Coord:   ⏸ skipping: !hasEverReachedDrivingSpeed
08-26 19:31:31.260 D PARKDIAG/Coord: ─ loc#34 lat=36.5961167 lon=-6.2323317 speed=0.0m/s acc=1.5m sessionAge=165159ms
08-26 19:31:31.266 D PARKDIAG/Coord:   state hasEverMoved=false hasEverReachedDrivingSpeed=false userConfirmed=false vehicleExit=false stoppedSince=1787765326123 stoppedDur=165133ms phase=Idle
08-26 19:31:31.271 D PARKDIAG/Coord:   ⏸ skipping: !hasEverReachedDrivingSpeed
08-26 19:31:36.291 D PARKDIAG/Coord: ─ loc#35 lat=36.5961167 lon=-6.2323317 speed=0.0m/s acc=1.7m sessionAge=170193ms
08-26 19:31:36.295 D PARKDIAG/Coord:   state hasEverMoved=false hasEverReachedDrivingSpeed=false userConfirmed=false vehicleExit=false stoppedSince=1787765326123 stoppedDur=170167ms phase=Idle
08-26 19:31:36.302 D PARKDIAG/Coord:   ⏸ skipping: !hasEverReachedDrivingSpeed
08-26 19:31:41.284 D PARKDIAG/Coord: ─ loc#36 lat=36.5961167 lon=-6.2323317 speed=0.0m/s acc=1.7m sessionAge=175186ms
08-26 19:31:41.290 D PARKDIAG/Coord:   state hasEverMoved=false hasEverReachedDrivingSpeed=false userConfirmed=false vehicleExit=false stoppedSince=1787765326123 stoppedDur=175160ms phase=Idle
08-26 19:31:41.296 D PARKDIAG/Coord:   ⏸ skipping: !hasEverReachedDrivingSpeed
08-26 19:31:46.291 D PARKDIAG/Coord: ─ loc#37 lat=36.5961167 lon=-6.2323317 speed=0.0m/s acc=1.65m sessionAge=180194ms
08-26 19:31:46.296 D PARKDIAG/Coord:   state hasEverMoved=false hasEverReachedDrivingSpeed=false userConfirmed=false vehicleExit=false stoppedSince=1787765326123 stoppedDur=180168ms phase=Idle
08-26 19:31:46.300 D PARKDIAG/Coord:   ⏸ skipping: !hasEverReachedDrivingSpeed
08-26 19:31:51.286 D PARKDIAG/Coord: ─ loc#38 lat=36.5961167 lon=-6.2323317 speed=0.0m/s acc=1.8m sessionAge=185188ms
08-26 19:31:51.291 D PARKDIAG/Coord:   state hasEverMoved=false hasEverReachedDrivingSpeed=false userConfirmed=false vehicleExit=false stoppedSince=1787765326123 stoppedDur=185162ms phase=Idle
08-26 19:31:51.296 D PARKDIAG/Coord:   ⏸ skipping: !hasEverReachedDrivingSpeed
08-26 19:31:56.296 D PARKDIAG/Coord: ─ loc#39 lat=36.5961167 lon=-6.2323317 speed=0.0m/s acc=1.95m sessionAge=190198ms
08-26 19:31:56.302 D PARKDIAG/Coord:   state hasEverMoved=false hasEverReachedDrivingSpeed=false userConfirmed=false vehicleExit=false stoppedSince=1787765326123 stoppedDur=190172ms phase=Idle
08-26 19:31:56.306 D PARKDIAG/Coord:   ⏸ skipping: !hasEverReachedDrivingSpeed
08-26 19:32:01.290 D PARKDIAG/Coord: ─ loc#40 lat=36.5961167 lon=-6.2323317 speed=0.0m/s acc=1.95m sessionAge=195191ms
08-26 19:32:01.295 D PARKDIAG/Coord:   state hasEverMoved=false hasEverReachedDrivingSpeed=false userConfirmed=false vehicleExit=false stoppedSince=1787765326123 stoppedDur=195165ms phase=Idle
08-26 19:32:01.300 D PARKDIAG/Coord:   ⏸ skipping: !hasEverReachedDrivingSpeed
08-26 19:32:06.279 D PARKDIAG/Coord: ─ loc#41 lat=36.5960933 lon=-6.232315 speed=0.0m/s acc=2.0m sessionAge=200181ms
08-26 19:32:06.285 D PARKDIAG/Coord:   state hasEverMoved=false hasEverReachedDrivingSpeed=false userConfirmed=false vehicleExit=false stoppedSince=1787765326123 stoppedDur=200155ms phase=Idle
08-26 19:32:06.290 D PARKDIAG/Coord:   ⏸ skipping: !hasEverReachedDrivingSpeed
08-26 19:32:11.223 D PARKDIAG/Coord: ─ loc#42 lat=36.59611 lon=-6.2323383 speed=0.0m/s acc=2.25m sessionAge=205126ms
08-26 19:32:11.226 D PARKDIAG/Coord:   state hasEverMoved=false hasEverReachedDrivingSpeed=false userConfirmed=false vehicleExit=false stoppedSince=1787765326123 stoppedDur=205100ms phase=Idle
08-26 19:32:11.229 D PARKDIAG/Coord:   ⏸ skipping: !hasEverReachedDrivingSpeed
08-26 19:32:13.932 D PARKDIAG/ARReceiver:   → IN_VEHICLE EXIT
08-26 19:32:13.934 D PARKDIAG/Coord: ✱ onVehicleExit(at=1787765533718) called
08-26 19:32:13.939 D PARKDIAG/ARReceiver:   → IN_VEHICLE ENTER
08-26 19:32:13.940 D PARKDIAG/ARReceiver:   ✓ IN_VEHICLE ENTER → bus stamped (trueTime=1787765533718, lag=222ms) [DET-SOLID-001]
08-26 19:32:13.950 D PARKDIAG/Service: ▶ onStartCommand action=io.apptolast.paparcar.ACTION_AR_TRANSITION flags=0 startId=33
08-26 19:32:13.970 D PARKDIAG/Service:   ✓ startForeground done (locationPermission=true)
08-26 19:32:14.019 D PARKDIAG/Service:   ↻ AR_TRANSITION — coordinator already running (same area); not re-arming [DET-AR-REARM-001]
08-26 19:32:14.070 D PARKDIAG/SafetyNet: ■ detection running — skipping check
08-26 19:32:16.222 D PARKDIAG/Coord: ─ loc#43 lat=36.59611 lon=-6.2323383 speed=0.0m/s acc=2.2m sessionAge=210124ms
08-26 19:32:16.229 D PARKDIAG/Coord:   state hasEverMoved=false hasEverReachedDrivingSpeed=false userConfirmed=false vehicleExit=true stoppedSince=1787765326123 stoppedDur=210098ms phase=Idle
08-26 19:32:16.235 D PARKDIAG/Coord:   ⏸ skipping: !hasEverReachedDrivingSpeed
08-26 19:32:21.223 D PARKDIAG/Coord: ─ loc#44 lat=36.59611 lon=-6.2323383 speed=0.0m/s acc=1.95m sessionAge=215126ms
08-26 19:32:21.226 D PARKDIAG/Coord:   state hasEverMoved=false hasEverReachedDrivingSpeed=false userConfirmed=false vehicleExit=true stoppedSince=1787765326123 stoppedDur=215100ms phase=Idle
08-26 19:32:21.229 D PARKDIAG/Coord:   ⏸ skipping: !hasEverReachedDrivingSpeed
08-26 19:32:26.226 D PARKDIAG/Coord: ─ loc#45 lat=36.59611 lon=-6.2323383 speed=0.0m/s acc=1.7m sessionAge=220129ms
08-26 19:32:26.229 D PARKDIAG/Coord:   state hasEverMoved=false hasEverReachedDrivingSpeed=false userConfirmed=false vehicleExit=true stoppedSince=1787765326123 stoppedDur=220103ms phase=Idle
08-26 19:32:26.233 D PARKDIAG/Coord:   ⏸ skipping: !hasEverReachedDrivingSpeed
08-26 19:32:31.222 D PARKDIAG/Coord: ─ loc#46 lat=36.59611 lon=-6.2323383 speed=0.0m/s acc=1.55m sessionAge=225125ms
08-26 19:32:31.227 D PARKDIAG/Coord:   state hasEverMoved=false hasEverReachedDrivingSpeed=false userConfirmed=false vehicleExit=true stoppedSince=1787765326123 stoppedDur=225099ms phase=Idle
08-26 19:32:31.231 D PARKDIAG/Coord:   ⏸ skipping: !hasEverReachedDrivingSpeed
08-26 19:32:36.282 D PARKDIAG/Coord: ─ loc#47 lat=36.5961367 lon=-6.2323583 speed=0.0m/s acc=1.5m sessionAge=230184ms
08-26 19:32:36.286 D PARKDIAG/Coord:   state hasEverMoved=false hasEverReachedDrivingSpeed=false userConfirmed=false vehicleExit=true stoppedSince=1787765326123 stoppedDur=230158ms phase=Idle
08-26 19:32:36.289 D PARKDIAG/Coord:   ⏸ skipping: !hasEverReachedDrivingSpeed
08-26 19:32:41.302 D PARKDIAG/Coord: ─ loc#48 lat=36.5961367 lon=-6.2323583 speed=0.0m/s acc=1.6m sessionAge=235205ms
08-26 19:32:41.308 D PARKDIAG/Coord:   state hasEverMoved=false hasEverReachedDrivingSpeed=false userConfirmed=false vehicleExit=true stoppedSince=1787765326123 stoppedDur=235179ms phase=Idle
08-26 19:32:41.318 D PARKDIAG/Coord:   ⏸ skipping: !hasEverReachedDrivingSpeed
08-26 19:32:46.292 D PARKDIAG/Coord: ─ loc#49 lat=36.5961367 lon=-6.2323583 speed=0.0m/s acc=1.85m sessionAge=240194ms
08-26 19:32:46.296 D PARKDIAG/Coord:   state hasEverMoved=false hasEverReachedDrivingSpeed=false userConfirmed=false vehicleExit=true stoppedSince=1787765326123 stoppedDur=240168ms phase=Idle
08-26 19:32:46.299 D PARKDIAG/Coord:   ⚑ no-movement guard hit after 240194ms (budget=240000ms staleExitDelivery=false recentCreep=3m jamExtended=false) → completed=true
08-26 19:32:51.255 D PARKDIAG/Coord:   takeWhile=false — flow will end
08-26 19:32:51.451 W PARKDIAG/RetractDeducedDeparture: retract failed for spot=a786c135 — the short TTL still bounds it
  com.google.firebase.firestore.FirebaseFirestoreException: PERMISSION_DENIED: Missing or insufficient permissions.
	at com.google.firebase.firestore.util.Util.exceptionFromStatus(Util.java:152)
	at com.google.firebase.firestore.core.SyncEngine.notifyUser(SyncEngine.java:629)
	at com.google.firebase.firestore.core.SyncEngine.handleRejectedWrite(SyncEngine.java:511)
	at com.google.firebase.firestore.core.MemoryComponentProvider$RemoteStoreCallback.handleRejectedWrite(MemoryComponentProvider.java:135)
	at com.google.firebase.firestore.remote.RemoteStore.handleWriteError(RemoteStore.java:750)
	at com.google.firebase.firestore.remote.RemoteStore.handleWriteStreamClose(RemoteStore.java:706)
	at com.google.firebase.firestore.remote.RemoteStore.access$600(RemoteStore.java:62)
	at com.google.firebase.firestore.remote.RemoteStore$2.onClose(RemoteStore.java:220)
	at com.google.firebase.firestore.remote.AbstractStream.close(AbstractStream.java:379)
	at com.google.firebase.firestore.remote.AbstractStream.handleServerClose(AbstractStream.java:433)
	at com.google.firebase.firestore.remote.AbstractStream$StreamObserver.lambda$onClose$3$com-google-firebase-firestore-remote-AbstractStream$StreamObserver(AbstractStream.java:160)
	at com.google.firebase.firestore.remote.AbstractStream$StreamObserver$$ExternalSyntheticLambda3.run(D8$$SyntheticClass:0)
	at com.google.firebase.firestore.remote.AbstractStream$CloseGuardedRunner.run(AbstractStream.java:67)
	at com.google.firebase.firestore.remote.AbstractStream$StreamObserver.onClose(AbstractStream.java:146)
	at com.google.firebase.firestore.remote.FirestoreChannel$1.onClose(FirestoreChannel.java:173)
	at io.grpc.internal.ClientCallImpl.closeObserver(ClientCallImpl.java:574)
	at io.grpc.internal.ClientCallImpl.access$300(ClientCallImpl.java:72)
	at io.grpc.internal.ClientCallImpl$ClientStreamListenerImpl$1StreamClosed.runInternal(ClientCallImpl.java:742)
	at io.grpc.internal.ClientCallImpl$ClientStreamListenerImpl$1StreamClosed.runInContext(ClientCallImpl.java:723)
	at io.grpc.internal.ContextRunnable.run(ContextRunnable.java:37)
	at io.grpc.internal.SerializingExecutor.run(SerializingExecutor.java:133)
	at java.util.concurrent.Executors$RunnableAdapter.call(Executors.java:520)
	at java.util.concurrent.FutureTask.run(FutureTask.java:328)
	at java.util.concurrent.ScheduledThreadPoolExecutor$ScheduledFutureTask.run(ScheduledThreadPoolExecutor.java:323)
	at java.util.concurrent.ThreadPoolExecutor.runWorker(ThreadPoolExecutor.java:1100)
	at java.util.concurrent.ThreadPoolExecutor$Worker.run(ThreadPoolExecutor.java:624)
	at com.google.firebase.firestore.util.AsyncQueue$SynchronizedShutdownAwareExecutor$DelayedStartFactory.run(AsyncQueue.java:235)
	at java.lang.Thread.run(Thread.java:1572)
Caused by: io.grpc.StatusException: PERMISSION_DENIED: Missing or insufficient permissions.
	at io.grpc.Status.asException(Status.java:541)
	at com.google.firebase.firestore.util.Util.exceptionFromStatus(Util.java:150)
	... 27 more

08-26 19:32:51.460 D PARKDIAG/Coord: ■ coordinator.invoke() EXITED — locationCount=0 completed=true
08-26 19:32:51.463 D PARKDIAG/Service:     ✓ coordinator returned NORMALLY
08-26 19:32:51.513 D PARKDIAG/StepCounter: cumulative steps read → 3608
08-26 19:32:51.523 D PARKDIAG/Service:   ⑊ honest close: aborted_no_movement stayed silent (too_close; pinDist=50m steps=null/null sessionSteps=0)
08-26 19:32:51.547 D PARKDIAG/StepCounter: cumulative steps read → 3608
08-26 19:32:51.561 D PARKDIAG/Service:     ■ job complete → DetectionEnded(startId=33) → intake
08-26 19:32:51.586 D PARKDIAG/Service:   ⏾ enterSentry(detection-ended) — resident, GPS off, re-arming departure wake [DET-RESIDENT-FGS-001]
08-26 19:32:51.607 D PARKDIAG/SigMotion: sync → armed=true
08-26 19:32:51.706 D PARKDIAG/ExactNet: ⏰ exact net ARMED (exact=true, every 5 min)
08-26 19:32:51.734 D PARKDIAG/OneFix: fix lat=36.5961367 lon=-6.2323583 speed=0.0m/s acc=1.8m age=0s
08-26 19:32:51.790 D PARKDIAG/StepCounter: cumulative steps read → 3608
08-26 19:32:51.813 D PARKDIAG/SafetyNet: [detection-end] geof=a53e43c5: sigues junto al coche (d=50m, radio 83m) → resello la referencia de pasos; la valla se re-registró hace 29796092min, no toca aún · geof=a786c135: distancia ambigua (d=4306m, ni junto al coche ni claramente lejos) → solo apunto la posición, no decido nada
08-26 19:34:53.672 D PARKDIAG/OneFix: fix TIMEOUT after 15000ms (maxAge=30s)
08-26 19:34:53.676 D PARKDIAG/SafetyNet: ■ no fresh fix within timeout — nothing to evaluate this tick
08-26 19:37:09.264 D PARKDIAG/FenceEnter: ✓ re-entered own fence (enter_a53e43c5-0f6d-4bd5-8418-1ee392bf21ec) → enqueueing anchor re-seal check
08-26 19:37:09.409 D PARKDIAG/OneFix: fix lat=36.59643 lon=-6.2323017 speed=0.09059111m/s acc=5.6m age=0s
08-26 19:37:09.424 D PARKDIAG/StepCounter: cumulative steps read → 3608
08-26 19:37:09.436 D PARKDIAG/SafetyNet: [geofence-enter] geof=a53e43c5: sigues junto al coche (d=68m, radio 83m) → resello la referencia de pasos; la valla se re-registró hace 29796097min, no toca aún · geof=a786c135: distancia ambigua (d=4301m, ni junto al coche ni claramente lejos) → solo apunto la posición, no decido nada
08-26 19:42:27.174 D PARKDIAG/ExactNet: ⏰ exact heartbeat fired (doze stretch: 17786 ms)
08-26 19:42:27.309 D PARKDIAG/OneFix: fix lat=36.59643 lon=-6.2323017 speed=0.0m/s acc=100.0m age=0s
08-26 19:42:27.361 D PARKDIAG/StepCounter: cumulative steps read → 3608
08-26 19:42:27.393 D PARKDIAG/SafetyNet: ▶ inside fence — re-registering geofence=a53e43c5-0f6d-4bd5-8418-1ee392bf21ec (blind floor, steps@anchor=3608)
08-26 19:42:27.439 D PARKDIAG/SafetyNet: [exact-alarm] geof=a53e43c5: sigues junto al coche (d=68m, radio 83m) → re-registro la valla por si el sistema la borró · geof=a786c135: distancia ambigua (d=4301m, ni junto al coche ni claramente lejos) → solo apunto la posición, no decido nada
08-26 19:42:42.730 D PARKDIAG/ARReceiver:   → IN_VEHICLE EXIT
08-26 19:42:42.733 D PARKDIAG/Coord: ✱ onVehicleExit(at=1787766159200) called
08-26 19:42:42.945 D PARKDIAG/OneFix: fix lat=36.5960483 lon=-6.2322533 speed=0.05353111m/s acc=8.5m age=13s
08-26 19:42:42.975 D PARKDIAG/StepCounter: cumulative steps read → 3608
08-26 19:42:43.006 D PARKDIAG/SafetyNet: [ar-exit] geof=a53e43c5: sigues junto al coche (d=59m, radio 83m) → resello la referencia de pasos; la valla se re-registró hace 0min, no toca aún · geof=a786c135: distancia ambigua (d=4318m, ni junto al coche ni claramente lejos) → solo apunto la posición, no decido nada
08-26 19:52:25.508 D PARKDIAG/ExactNet: ⏰ exact heartbeat fired (doze stretch: 282592 ms)
08-26 19:52:25.745 D PARKDIAG/OneFix: fix lat=36.5960483 lon=-6.2322533 speed=0.0m/s acc=100.0m age=0s
08-26 19:52:25.755 D PARKDIAG/OneFix: fix lat=36.5960483 lon=-6.2322533 speed=0.0m/s acc=100.0m age=0s
08-26 19:52:25.770 D PARKDIAG/StepCounter: cumulative steps read → 3608
08-26 19:52:25.777 D PARKDIAG/StepCounter: cumulative steps read → 3608
08-26 19:52:25.790 D PARKDIAG/SafetyNet: [periodic] geof=a53e43c5: sigues junto al coche (d=59m, radio 83m) → resello la referencia de pasos; la valla se re-registró hace 9min, no toca aún · geof=a786c135: distancia ambigua (d=4318m, ni junto al coche ni claramente lejos) → solo apunto la posición, no decido nada
08-26 19:52:25.794 D PARKDIAG/SafetyNet: [exact-alarm] geof=a53e43c5: sigues junto al coche (d=59m, radio 83m) → resello la referencia de pasos; la valla se re-registró hace 9min, no toca aún · geof=a786c135: distancia ambigua (d=4318m, ni junto al coche ni claramente lejos) → solo apunto la posición, no decido nada
08-26 20:02:25.413 D PARKDIAG/ExactNet: ⏰ exact heartbeat fired (doze stretch: 299714 ms)
08-26 20:02:25.674 D PARKDIAG/OneFix: fix lat=36.5960483 lon=-6.2322533 speed=0.0m/s acc=100.0m age=0s
08-26 20:02:25.705 D PARKDIAG/StepCounter: cumulative steps read → 3608
08-26 20:02:25.757 D PARKDIAG/SafetyNet: [exact-alarm] geof=a53e43c5: sigues junto al coche (d=59m, radio 83m) → resello la referencia de pasos; la valla se re-registró hace 19min, no toca aún · geof=a786c135: distancia ambigua (d=4318m, ni junto al coche ni claramente lejos) → solo apunto la posición, no decido nada
08-26 20:06:49.632 D PARKDIAG/Bootstrap: ▶ Bootstrap.invoke userId=fiypNbElGlfFexLMpU9sNaMjRMD3
08-26 20:06:49.633 D PARKDIAG/Bootstrap:   → syncVehicles START
08-26 20:06:49.634 D PARKDIAG/VehicleSync: ▶ syncFromRemote userId=fiypNbElGlfFexLMpU9sNaMjRMD3
08-26 20:06:49.635 D PARKDIAG/Bootstrap:   → syncParkingHistory START
08-26 20:06:49.635 D PARKDIAG/Bootstrap:   → syncZones START
08-26 20:06:49.769 D PARKDIAG/VehicleSync:   ← Firestore returned 3 vehicle(s)
08-26 20:06:49.769 D PARKDIAG/VehicleSync:     vehicle id=abf6c516-a739-4708-b216-870285f3cbc6 isActive=false name=Skoda Kamiq
08-26 20:06:49.769 D PARKDIAG/VehicleSync:     vehicle id=addbe660-ad30-4857-ab1f-58433d76992d isActive=true name=Ford Focus
08-26 20:06:49.770 D PARKDIAG/VehicleSync:     vehicle id=ccd539d9-02f9-4b40-8b94-da672c96866f isActive=false name=Chevrolet Beat
08-26 20:06:49.778 D PARKDIAG/VehicleSync: ■ syncFromRemote merged 3 vehicle(s) into Room (kept 0 pending)
08-26 20:06:49.778 D PARKDIAG/Bootstrap:   ← syncVehicles END isSuccess=true
08-26 20:06:51.077 D PARKDIAG/Bootstrap:   ← syncZones END isSuccess=true
08-26 20:06:51.127 D PARKDIAG/Bootstrap:   ← syncParkingHistory END isSuccess=true
08-26 20:06:51.127 D PARKDIAG/Bootstrap: ■ Bootstrap.invoke SUCCESS
08-26 20:07:04.425 D PARKDIAG/SaveNewParkingSessionWorker: ▶ SaveNewParkingSessionWorker.doWork session=a53e43c5-0f6d-4bd5-8418-1ee392bf21ec previous=null attempt=0
08-26 20:07:04.559 D PARKDIAG/SaveNewParkingSessionWorker: ■ SaveNewParkingSessionWorker SUCCESS session=a53e43c5-0f6d-4bd5-8418-1ee392bf21ec
08-26 20:07:25.862 D PARKDIAG/OneFix: fix lat=36.5961627 lon=-6.2323925 speed=0.034913097m/s acc=6.272m age=0s
08-26 20:07:25.882 D PARKDIAG/StepCounter: cumulative steps read → 3608
08-26 20:07:25.898 D PARKDIAG/SafetyNet: [periodic] geof=a53e43c5: sigues junto al coche (d=48m, radio 83m) → resello la referencia de pasos; la valla se re-registró hace 24min, no toca aún · geof=a786c135: distancia ambigua (d=4302m, ni junto al coche ni claramente lejos) → solo apunto la posición, no decido nada
08-26 20:13:10.122 D PARKDIAG/ExactNet: ⏰ exact heartbeat fired (doze stretch: 44276 ms)
08-26 20:13:10.331 D PARKDIAG/OneFix: fix lat=36.5961704 lon=-6.2323291 speed=0.06516988m/s acc=3.039m age=4s
08-26 20:13:10.347 D PARKDIAG/StepCounter: cumulative steps read → 3608
08-26 20:13:10.360 D PARKDIAG/SafetyNet: [exact-alarm] geof=a53e43c5: sigues junto al coche (d=53m, radio 83m) → resello la referencia de pasos; la valla se re-registró hace 30min, no toca aún · geof=a786c135: distancia ambigua (d=4308m, ni junto al coche ni claramente lejos) → solo apunto la posición, no decido nada
08-26 20:16:33.090 D PARKDIAG/SigMotion: ▶ significant motion — SENTRY resident, direct wake [DET-RESIDENT-FGS-001]
08-26 20:16:33.122 D PARKDIAG/Service: ▶ onStartCommand action=io.apptolast.paparcar.ACTION_SENTRY_WAKE flags=0 startId=34
08-26 20:16:33.132 D PARKDIAG/Service:   ✓ startForeground done (locationPermission=true)
08-26 20:16:33.160 D PARKDIAG/Service:   → SENTRY_WAKE — significant motion on live process, arming Coordinator (Unverified) [DET-RESIDENT-FGS-001]
08-26 20:16:33.184 D PARKDIAG/Service:   ▶ startParkingDetection — launching coordinator (trigger=SIGNIFICANT_MOTION)
08-26 20:16:33.221 D PARKDIAG/Service:     ▶ detection coroutine entered, invoking coordinator
08-26 20:16:33.228 D PARKDIAG/Coord: ▶ coordinator.invoke() entry (armEvidence=self_observed) — calling reset()
08-26 20:16:33.232 D PARKDIAG/Coord:   → session-start dismiss PARKING_CONFIRMATION (savedConfirmAge=2941697ms, limit=900000ms)
08-26 20:16:33.255 D PARKDIAG/Coord: ─ loc#1 lat=36.5960327 lon=-6.2323924 speed=0.105362765m/s acc=4.477m sessionAge=28ms
08-26 20:16:33.258 D PARKDIAG/Coord:   state hasEverMoved=false hasEverReachedDrivingSpeed=false userConfirmed=false vehicleExit=false stoppedSince=1787768193255 stoppedDur=0ms phase=Idle
08-26 20:16:33.261 D PARKDIAG/Coord:   ⏸ skipping: !hasEverReachedDrivingSpeed
08-26 20:16:36.027 D PARKDIAG/Coord: ─ loc#2 lat=36.5960312 lon=-6.2323898 speed=0.10463708m/s acc=4.655m sessionAge=2796ms
08-26 20:16:36.044 D PARKDIAG/Coord:   state hasEverMoved=false hasEverReachedDrivingSpeed=false userConfirmed=false vehicleExit=false stoppedSince=1787768193255 stoppedDur=2768ms phase=Idle
08-26 20:16:36.048 D PARKDIAG/Coord:   ⏸ skipping: !hasEverReachedDrivingSpeed
08-26 20:16:41.276 D PARKDIAG/Coord: ─ loc#3 lat=36.5960669 lon=-6.2323842 speed=0.119542696m/s acc=4.189m sessionAge=8048ms
08-26 20:16:41.283 D PARKDIAG/Coord:   state hasEverMoved=false hasEverReachedDrivingSpeed=false userConfirmed=false vehicleExit=false stoppedSince=1787768193255 stoppedDur=8020ms phase=Idle
08-26 20:16:41.287 D PARKDIAG/Coord:   ⏸ skipping: !hasEverReachedDrivingSpeed
08-26 20:16:46.278 D PARKDIAG/Coord: ─ loc#4 lat=36.596076 lon=-6.2323816 speed=0.103714585m/s acc=4.196m sessionAge=13051ms
08-26 20:16:46.289 D PARKDIAG/Coord:   state hasEverMoved=false hasEverReachedDrivingSpeed=false userConfirmed=false vehicleExit=false stoppedSince=1787768193255 stoppedDur=13023ms phase=Idle
08-26 20:16:46.294 D PARKDIAG/Coord:   ⏸ skipping: !hasEverReachedDrivingSpeed
08-26 20:16:51.274 D PARKDIAG/Coord: ─ loc#5 lat=36.5961051 lon=-6.2323887 speed=0.10047379m/s acc=4.311m sessionAge=18046ms
08-26 20:16:51.280 D PARKDIAG/Coord:   state hasEverMoved=false hasEverReachedDrivingSpeed=false userConfirmed=false vehicleExit=false stoppedSince=1787768193255 stoppedDur=18018ms phase=Idle
08-26 20:16:51.286 D PARKDIAG/Coord:   ⏸ skipping: !hasEverReachedDrivingSpeed
08-26 20:16:56.286 D PARKDIAG/Coord: ─ loc#6 lat=36.596144 lon=-6.2323865 speed=0.07790224m/s acc=3.808m sessionAge=23057ms
08-26 20:16:56.293 D PARKDIAG/Coord:   state hasEverMoved=false hasEverReachedDrivingSpeed=false userConfirmed=false vehicleExit=false stoppedSince=1787768193255 stoppedDur=23029ms phase=Idle
08-26 20:16:56.296 D PARKDIAG/Coord:   ⏸ skipping: !hasEverReachedDrivingSpeed
08-26 20:17:01.295 D PARKDIAG/Coord: ─ loc#7 lat=36.596162 lon=-6.2323835 speed=0.35708728m/s acc=4.008m sessionAge=28068ms
08-26 20:17:01.302 D PARKDIAG/Coord:   state hasEverMoved=false hasEverReachedDrivingSpeed=false userConfirmed=false vehicleExit=false stoppedSince=1787768193255 stoppedDur=28040ms phase=Idle
08-26 20:17:01.306 D PARKDIAG/Coord:   ⏸ skipping: !hasEverReachedDrivingSpeed
08-26 20:17:05.899 D PARKDIAG/Coord: ─ loc#8 lat=36.5961816 lon=-6.2323691 speed=0.40852758m/s acc=4.527m sessionAge=32672ms
08-26 20:17:05.902 D PARKDIAG/Coord:   state hasEverMoved=false hasEverReachedDrivingSpeed=false userConfirmed=false vehicleExit=false stoppedSince=1787768193255 stoppedDur=32644ms phase=Idle
08-26 20:17:05.904 D PARKDIAG/Coord:   ⏸ skipping: !hasEverReachedDrivingSpeed
08-26 20:17:11.211 D PARKDIAG/Coord: ─ loc#9 lat=36.5961896 lon=-6.2323565 speed=0.05722662m/s acc=4.702m sessionAge=37984ms
08-26 20:17:11.218 D PARKDIAG/Coord:   state hasEverMoved=false hasEverReachedDrivingSpeed=false userConfirmed=false vehicleExit=false stoppedSince=1787768193255 stoppedDur=37956ms phase=Idle
08-26 20:17:11.220 D PARKDIAG/Coord:   ⏸ skipping: !hasEverReachedDrivingSpeed
08-26 20:17:15.886 D PARKDIAG/Coord: ─ loc#10 lat=36.5961909 lon=-6.2323552 speed=0.060546465m/s acc=4.762m sessionAge=42658ms
08-26 20:17:15.893 D PARKDIAG/Coord:   state hasEverMoved=false hasEverReachedDrivingSpeed=false userConfirmed=false vehicleExit=false stoppedSince=1787768193255 stoppedDur=42630ms phase=Idle
08-26 20:17:15.899 D PARKDIAG/Coord:   ⏸ skipping: !hasEverReachedDrivingSpeed
08-26 20:17:20.422 D PARKDIAG/Coord: ─ loc#11 lat=36.5961845 lon=-6.2323335 speed=0.051967558m/s acc=4.25m sessionAge=47193ms
08-26 20:17:20.427 D PARKDIAG/Coord:   state hasEverMoved=false hasEverReachedDrivingSpeed=false userConfirmed=false vehicleExit=false stoppedSince=1787768193255 stoppedDur=47165ms phase=Idle
08-26 20:17:20.432 D PARKDIAG/Coord:   ⏸ skipping: !hasEverReachedDrivingSpeed
08-26 20:17:22.722 D PARKDIAG/Coord: ─ loc#12 lat=36.596188 lon=-6.2323358 speed=0.04267657m/s acc=3.264m sessionAge=49494ms
08-26 20:17:22.726 D PARKDIAG/Coord:   state hasEverMoved=false hasEverReachedDrivingSpeed=false userConfirmed=false vehicleExit=false stoppedSince=1787768193255 stoppedDur=49466ms phase=Idle
08-26 20:17:22.730 D PARKDIAG/Coord:   ⏸ skipping: !hasEverReachedDrivingSpeed
08-26 20:17:26.268 D PARKDIAG/Coord: ─ loc#13 lat=36.5961882 lon=-6.2323349 speed=0.04494448m/s acc=3.311m sessionAge=53041ms
08-26 20:17:26.276 D PARKDIAG/Coord:   state hasEverMoved=false hasEverReachedDrivingSpeed=false userConfirmed=false vehicleExit=false stoppedSince=1787768193255 stoppedDur=53013ms phase=Idle
08-26 20:17:26.283 D PARKDIAG/Coord:   ⏸ skipping: !hasEverReachedDrivingSpeed
08-26 20:17:30.338 D PARKDIAG/Coord: ─ loc#14 lat=36.5961877 lon=-6.2323343 speed=0.04621557m/s acc=3.308m sessionAge=57110ms
08-26 20:17:30.343 D PARKDIAG/Coord:   state hasEverMoved=false hasEverReachedDrivingSpeed=false userConfirmed=false vehicleExit=false stoppedSince=1787768193255 stoppedDur=57082ms phase=Idle
08-26 20:17:30.351 D PARKDIAG/Coord:   ⏸ skipping: !hasEverReachedDrivingSpeed
08-26 20:17:35.042 D PARKDIAG/Coord: ─ loc#15 lat=36.5961825 lon=-6.2323281 speed=0.061552282m/s acc=3.256m sessionAge=61814ms
08-26 20:17:35.048 D PARKDIAG/Coord:   state hasEverMoved=false hasEverReachedDrivingSpeed=false userConfirmed=false vehicleExit=false stoppedSince=1787768193255 stoppedDur=61786ms phase=Idle
08-26 20:17:35.053 D PARKDIAG/Coord:   ⏸ skipping: !hasEverReachedDrivingSpeed
08-26 20:17:39.858 D PARKDIAG/Coord: ─ loc#16 lat=36.5961833 lon=-6.2323303 speed=0.048239876m/s acc=3.0m sessionAge=66630ms
08-26 20:17:39.862 D PARKDIAG/Coord:   state hasEverMoved=false hasEverReachedDrivingSpeed=false userConfirmed=false vehicleExit=false stoppedSince=1787768193255 stoppedDur=66602ms phase=Idle
08-26 20:17:39.863 D PARKDIAG/Coord:   ⏸ skipping: !hasEverReachedDrivingSpeed
08-26 20:17:41.830 D PARKDIAG/Coord: ─ loc#17 lat=36.5961815 lon=-6.2323313 speed=0.06473715m/s acc=3.0m sessionAge=68603ms
08-26 20:17:41.833 D PARKDIAG/Coord:   state hasEverMoved=false hasEverReachedDrivingSpeed=false userConfirmed=false vehicleExit=false stoppedSince=1787768193255 stoppedDur=68575ms phase=Idle
08-26 20:17:41.838 D PARKDIAG/Coord:   ⏸ skipping: !hasEverReachedDrivingSpeed
08-26 20:17:41.867 D PARKDIAG/Coord:   ✦ step #1 (pre-drive, false-ENTER candidate)
08-26 20:17:42.466 D PARKDIAG/Coord:   ✦ step #2 (pre-drive, false-ENTER candidate)
08-26 20:17:43.030 D PARKDIAG/Coord:   ✦ step #3 (pre-drive, false-ENTER candidate)
08-26 20:17:43.789 D PARKDIAG/Coord:   ✦ step #4 (pre-drive, false-ENTER candidate)
08-26 20:17:44.269 D PARKDIAG/Coord: ─ loc#18 lat=36.5961823 lon=-6.2323302 speed=0.23664223m/s acc=3.139m sessionAge=71042ms
08-26 20:17:44.271 D PARKDIAG/Coord:   state hasEverMoved=false hasEverReachedDrivingSpeed=false userConfirmed=false vehicleExit=false stoppedSince=1787768193255 stoppedDur=71014ms phase=Idle
08-26 20:17:44.273 D PARKDIAG/Coord:   ⏸ skipping: !hasEverReachedDrivingSpeed
08-26 20:17:44.350 D PARKDIAG/Coord:   ✦ step #5 (pre-drive, false-ENTER candidate)
08-26 20:17:44.693 D PARKDIAG/Coord:   ✦ step #6 (pre-drive, false-ENTER candidate)
08-26 20:17:46.205 D PARKDIAG/Coord: ─ loc#19 lat=36.5961813 lon=-6.2323234 speed=0.40704802m/s acc=3.507m sessionAge=72977ms
08-26 20:17:46.208 D PARKDIAG/Coord:   state hasEverMoved=false hasEverReachedDrivingSpeed=false userConfirmed=false vehicleExit=false stoppedSince=1787768193255 stoppedDur=72949ms phase=Idle
08-26 20:17:46.211 D PARKDIAG/Coord:   ⏸ skipping: !hasEverReachedDrivingSpeed
08-26 20:17:49.599 D PARKDIAG/Coord: ─ loc#20 lat=36.5961578 lon=-6.2323354 speed=0.048399817m/s acc=3.525m sessionAge=76371ms
08-26 20:17:49.602 D PARKDIAG/Coord:   state hasEverMoved=false hasEverReachedDrivingSpeed=false userConfirmed=false vehicleExit=false stoppedSince=1787768193255 stoppedDur=76343ms phase=Idle
08-26 20:17:49.605 D PARKDIAG/Coord:   ⏸ skipping: !hasEverReachedDrivingSpeed
08-26 20:17:53.080 D PARKDIAG/Coord: ─ loc#21 lat=36.5961586 lon=-6.2323303 speed=0.07686026m/s acc=3.887m sessionAge=79853ms
08-26 20:17:53.092 D PARKDIAG/Coord:   state hasEverMoved=false hasEverReachedDrivingSpeed=false userConfirmed=false vehicleExit=false stoppedSince=1787768193255 stoppedDur=79825ms phase=Idle
08-26 20:17:53.101 D PARKDIAG/Coord:   ⏸ skipping: !hasEverReachedDrivingSpeed
08-26 20:17:54.376 D PARKDIAG/Coord:   ✦ step #7 (pre-drive, false-ENTER candidate)
08-26 20:17:54.909 D PARKDIAG/Coord:   ✦ step #8 (pre-drive, false-ENTER candidate)
08-26 20:17:54.920 D PARKDIAG/Coord: ─ loc#22 lat=36.5961599 lon=-6.2323304 speed=0.09523961m/s acc=4.079m sessionAge=81692ms
08-26 20:17:54.925 D PARKDIAG/Coord:   state hasEverMoved=false hasEverReachedDrivingSpeed=false userConfirmed=false vehicleExit=false stoppedSince=1787768193255 stoppedDur=81664ms phase=Idle
08-26 20:17:54.931 D PARKDIAG/Coord:   ⊘ false-ENTER abort — 8 steps before driving speed [BUG-FALSE-ENTER-WALKING]
08-26 20:17:55.410 D PARKDIAG/Coord:   ✦ step #9 (pre-drive, false-ENTER candidate)
08-26 20:17:55.950 D PARKDIAG/Coord:   ✦ step #10 (pre-drive, false-ENTER candidate)
08-26 20:17:56.451 D PARKDIAG/Coord:   ✦ step #11 (pre-drive, false-ENTER candidate)
08-26 20:17:56.999 D PARKDIAG/Coord:   takeWhile=false — flow will end
08-26 20:17:57.201 W PARKDIAG/RetractDeducedDeparture: retract failed for spot=a786c135 — the short TTL still bounds it
  com.google.firebase.firestore.FirebaseFirestoreException: PERMISSION_DENIED: Missing or insufficient permissions.
	at com.google.firebase.firestore.util.Util.exceptionFromStatus(Util.java:152)
	at com.google.firebase.firestore.core.SyncEngine.notifyUser(SyncEngine.java:629)
	at com.google.firebase.firestore.core.SyncEngine.handleRejectedWrite(SyncEngine.java:511)
	at com.google.firebase.firestore.core.MemoryComponentProvider$RemoteStoreCallback.handleRejectedWrite(MemoryComponentProvider.java:135)
	at com.google.firebase.firestore.remote.RemoteStore.handleWriteError(RemoteStore.java:750)
	at com.google.firebase.firestore.remote.RemoteStore.handleWriteStreamClose(RemoteStore.java:706)
	at com.google.firebase.firestore.remote.RemoteStore.access$600(RemoteStore.java:62)
	at com.google.firebase.firestore.remote.RemoteStore$2.onClose(RemoteStore.java:220)
	at com.google.firebase.firestore.remote.AbstractStream.close(AbstractStream.java:379)
	at com.google.firebase.firestore.remote.AbstractStream.handleServerClose(AbstractStream.java:433)
	at com.google.firebase.firestore.remote.AbstractStream$StreamObserver.lambda$onClose$3$com-google-firebase-firestore-remote-AbstractStream$StreamObserver(AbstractStream.java:160)
	at com.google.firebase.firestore.remote.AbstractStream$StreamObserver$$ExternalSyntheticLambda3.run(D8$$SyntheticClass:0)
	at com.google.firebase.firestore.remote.AbstractStream$CloseGuardedRunner.run(AbstractStream.java:67)
	at com.google.firebase.firestore.remote.AbstractStream$StreamObserver.onClose(AbstractStream.java:146)
	at com.google.firebase.firestore.remote.FirestoreChannel$1.onClose(FirestoreChannel.java:173)
	at io.grpc.internal.ClientCallImpl.closeObserver(ClientCallImpl.java:574)
	at io.grpc.internal.ClientCallImpl.access$300(ClientCallImpl.java:72)
	at io.grpc.internal.ClientCallImpl$ClientStreamListenerImpl$1StreamClosed.runInternal(ClientCallImpl.java:742)
	at io.grpc.internal.ClientCallImpl$ClientStreamListenerImpl$1StreamClosed.runInContext(ClientCallImpl.java:723)
	at io.grpc.internal.ContextRunnable.run(ContextRunnable.java:37)
	at io.grpc.internal.SerializingExecutor.run(SerializingExecutor.java:133)
	at java.util.concurrent.Executors$RunnableAdapter.call(Executors.java:520)
	at java.util.concurrent.FutureTask.run(FutureTask.java:328)
	at java.util.concurrent.ScheduledThreadPoolExecutor$ScheduledFutureTask.run(ScheduledThreadPoolExecutor.java:323)
	at java.util.concurrent.ThreadPoolExecutor.runWorker(ThreadPoolExecutor.java:1100)
	at java.util.concurrent.ThreadPoolExecutor$Worker.run(ThreadPoolExecutor.java:624)
	at com.google.firebase.firestore.util.AsyncQueue$SynchronizedShutdownAwareExecutor$DelayedStartFactory.run(AsyncQueue.java:235)
	at java.lang.Thread.run(Thread.java:1572)
Caused by: io.grpc.StatusException: PERMISSION_DENIED: Missing or insufficient permissions.
	at io.grpc.Status.asException(Status.java:541)
	at com.google.firebase.firestore.util.Util.exceptionFromStatus(Util.java:150)
	... 27 more

08-26 20:17:57.204 D PARKDIAG/Coord: ■ coordinator.invoke() EXITED — locationCount=0 completed=true
08-26 20:17:57.205 D PARKDIAG/Service:     ✓ coordinator returned NORMALLY
08-26 20:17:57.239 D PARKDIAG/StepCounter: cumulative steps read → 3617
08-26 20:17:57.248 D PARKDIAG/Service:   ⑊ honest close: aborted_false_enter stayed silent (too_close; pinDist=53m steps=null/null sessionSteps=11)
08-26 20:17:57.260 D PARKDIAG/StepCounter: cumulative steps read → 3617
08-26 20:17:57.266 D PARKDIAG/Service:     ■ job complete → DetectionEnded(startId=34) → intake
08-26 20:17:57.285 D PARKDIAG/Service:   ⏾ enterSentry(detection-ended) — resident, GPS off, re-arming departure wake [DET-RESIDENT-FGS-001]
08-26 20:17:57.300 D PARKDIAG/SigMotion: sync → armed=true
08-26 20:17:57.512 D PARKDIAG/OneFix: fix lat=36.5961557 lon=-6.23232 speed=0.08568943m/s acc=4.265m age=0s
08-26 20:17:57.541 D PARKDIAG/StepCounter: cumulative steps read → 3617
08-26 20:17:57.557 D PARKDIAG/SafetyNet: [detection-end] geof=a53e43c5: sigues junto al coche (d=54m, radio 83m) → resello la referencia de pasos; la valla se re-registró hace 35min, no toca aún · geof=a786c135: distancia ambigua (d=4309m, ni junto al coche ni claramente lejos) → solo apunto la posición, no decido nada
08-26 20:18:05.007 D PARKDIAG/SigMotion: ▶ significant motion — SENTRY resident, direct wake [DET-RESIDENT-FGS-001]
08-26 20:18:05.028 D PARKDIAG/Service: ▶ onStartCommand action=io.apptolast.paparcar.ACTION_SENTRY_WAKE flags=0 startId=35
08-26 20:18:05.036 D PARKDIAG/Service:   ✓ startForeground done (locationPermission=true)
08-26 20:18:05.056 D PARKDIAG/Service:   → SENTRY_WAKE — significant motion on live process, arming Coordinator (Unverified) [DET-RESIDENT-FGS-001]
08-26 20:18:05.076 D PARKDIAG/Service:   ▶ startParkingDetection — launching coordinator (trigger=SIGNIFICANT_MOTION)
08-26 20:18:05.103 D PARKDIAG/Service:     ▶ detection coroutine entered, invoking coordinator
08-26 20:18:05.110 D PARKDIAG/Coord: ▶ coordinator.invoke() entry (armEvidence=self_observed) — calling reset()
08-26 20:18:05.112 D PARKDIAG/Coord:   → session-start dismiss PARKING_CONFIRMATION (savedConfirmAge=nullms, limit=900000ms)
08-26 20:18:05.138 D PARKDIAG/Coord: ─ loc#1 lat=36.5961541 lon=-6.2324068 speed=1.0380474m/s acc=5.698m sessionAge=27ms
08-26 20:18:05.139 D PARKDIAG/Coord:   state hasEverMoved=false hasEverReachedDrivingSpeed=false userConfirmed=false vehicleExit=false stoppedSince=null stoppedDur=0ms phase=Idle
08-26 20:18:05.140 D PARKDIAG/Coord:   ⏸ skipping: !hasEverReachedDrivingSpeed
08-26 20:18:07.282 D PARKDIAG/Coord: ─ loc#2 lat=36.5961438 lon=-6.2324018 speed=0.8143459m/s acc=6.374m sessionAge=2171ms
08-26 20:18:07.284 D PARKDIAG/Coord:   state hasEverMoved=false hasEverReachedDrivingSpeed=false userConfirmed=false vehicleExit=false stoppedSince=1787768287281 stoppedDur=0ms phase=Idle
08-26 20:18:07.290 D PARKDIAG/Coord:   ⏸ skipping: !hasEverReachedDrivingSpeed
08-26 20:18:08.416 D PARKDIAG/Coord:   ✦ step #1 (pre-drive, false-ENTER candidate)
08-26 20:18:09.034 D PARKDIAG/Coord:   ✦ step #2 (pre-drive, false-ENTER candidate)
08-26 20:18:09.593 D PARKDIAG/Coord: ─ loc#3 lat=36.5961495 lon=-6.2324224 speed=0.95283324m/s acc=5.948m sessionAge=4482ms
08-26 20:18:09.596 D PARKDIAG/Coord:   state hasEverMoved=false hasEverReachedDrivingSpeed=false userConfirmed=false vehicleExit=false stoppedSince=1787768287281 stoppedDur=2311ms phase=Idle
08-26 20:18:09.598 D PARKDIAG/Coord:   ⏸ skipping: !hasEverReachedDrivingSpeed
08-26 20:18:09.634 D PARKDIAG/Coord:   ✦ step #3 (pre-drive, false-ENTER candidate)
08-26 20:18:10.295 D PARKDIAG/Coord:   ✦ step #4 (pre-drive, false-ENTER candidate)
08-26 20:18:10.574 D PARKDIAG/Coord:   ✦ step #5 (pre-drive, false-ENTER candidate)
08-26 20:18:11.331 D PARKDIAG/Coord:   ✦ step #6 (pre-drive, false-ENTER candidate)
08-26 20:18:11.851 D PARKDIAG/Coord: ─ loc#4 lat=36.5961402 lon=-6.2324425 speed=0.7536882m/s acc=4.89m sessionAge=6741ms
08-26 20:18:11.854 D PARKDIAG/Coord:   state hasEverMoved=false hasEverReachedDrivingSpeed=false userConfirmed=false vehicleExit=false stoppedSince=1787768287281 stoppedDur=4570ms phase=Idle
08-26 20:18:11.856 D PARKDIAG/Coord:   ⏸ skipping: !hasEverReachedDrivingSpeed
08-26 20:18:11.873 D PARKDIAG/Coord:   ✦ step #7 (pre-drive, false-ENTER candidate)
08-26 20:18:12.413 D PARKDIAG/Coord:   ✦ step #8 (pre-drive, false-ENTER candidate)
08-26 20:18:12.917 D PARKDIAG/Coord:   ✦ step #9 (pre-drive, false-ENTER candidate)
08-26 20:18:13.457 D PARKDIAG/Coord:   ✦ step #10 (pre-drive, false-ENTER candidate)
08-26 20:18:13.978 D PARKDIAG/Coord:   ✦ step #11 (pre-drive, false-ENTER candidate)
08-26 20:18:14.033 D PARKDIAG/Coord: ─ loc#5 lat=36.5961266 lon=-6.2324615 speed=0.92239213m/s acc=4.896m sessionAge=8922ms
08-26 20:18:14.037 D PARKDIAG/Coord:   state hasEverMoved=false hasEverReachedDrivingSpeed=false userConfirmed=false vehicleExit=false stoppedSince=1787768287281 stoppedDur=6751ms phase=Idle
08-26 20:18:14.041 D PARKDIAG/Coord:   ⊘ false-ENTER abort — 11 steps before driving speed [BUG-FALSE-ENTER-WALKING]
08-26 20:18:14.496 D PARKDIAG/Coord:   ✦ step #12 (pre-drive, false-ENTER candidate)
08-26 20:18:15.015 D PARKDIAG/Coord:   ✦ step #13 (pre-drive, false-ENTER candidate)
08-26 20:18:15.557 D PARKDIAG/Coord:   ✦ step #14 (pre-drive, false-ENTER candidate)
08-26 20:18:16.075 D PARKDIAG/Coord:   ✦ step #15 (pre-drive, false-ENTER candidate)
08-26 20:18:16.112 D PARKDIAG/Coord:   takeWhile=false — flow will end
08-26 20:18:16.268 W PARKDIAG/RetractDeducedDeparture: retract failed for spot=a786c135 — the short TTL still bounds it
  com.google.firebase.firestore.FirebaseFirestoreException: PERMISSION_DENIED: Missing or insufficient permissions.
	at com.google.firebase.firestore.util.Util.exceptionFromStatus(Util.java:152)
	at com.google.firebase.firestore.core.SyncEngine.notifyUser(SyncEngine.java:629)
	at com.google.firebase.firestore.core.SyncEngine.handleRejectedWrite(SyncEngine.java:511)
	at com.google.firebase.firestore.core.MemoryComponentProvider$RemoteStoreCallback.handleRejectedWrite(MemoryComponentProvider.java:135)
	at com.google.firebase.firestore.remote.RemoteStore.handleWriteError(RemoteStore.java:750)
	at com.google.firebase.firestore.remote.RemoteStore.handleWriteStreamClose(RemoteStore.java:706)
	at com.google.firebase.firestore.remote.RemoteStore.access$600(RemoteStore.java:62)
	at com.google.firebase.firestore.remote.RemoteStore$2.onClose(RemoteStore.java:220)
	at com.google.firebase.firestore.remote.AbstractStream.close(AbstractStream.java:379)
	at com.google.firebase.firestore.remote.AbstractStream.handleServerClose(AbstractStream.java:433)
	at com.google.firebase.firestore.remote.AbstractStream$StreamObserver.lambda$onClose$3$com-google-firebase-firestore-remote-AbstractStream$StreamObserver(AbstractStream.java:160)
	at com.google.firebase.firestore.remote.AbstractStream$StreamObserver$$ExternalSyntheticLambda3.run(D8$$SyntheticClass:0)
	at com.google.firebase.firestore.remote.AbstractStream$CloseGuardedRunner.run(AbstractStream.java:67)
	at com.google.firebase.firestore.remote.AbstractStream$StreamObserver.onClose(AbstractStream.java:146)
	at com.google.firebase.firestore.remote.FirestoreChannel$1.onClose(FirestoreChannel.java:173)
	at io.grpc.internal.ClientCallImpl.closeObserver(ClientCallImpl.java:574)
	at io.grpc.internal.ClientCallImpl.access$300(ClientCallImpl.java:72)
	at io.grpc.internal.ClientCallImpl$ClientStreamListenerImpl$1StreamClosed.runInternal(ClientCallImpl.java:742)
	at io.grpc.internal.ClientCallImpl$ClientStreamListenerImpl$1StreamClosed.runInContext(ClientCallImpl.java:723)
	at io.grpc.internal.ContextRunnable.run(ContextRunnable.java:37)
	at io.grpc.internal.SerializingExecutor.run(SerializingExecutor.java:133)
	at java.util.concurrent.Executors$RunnableAdapter.call(Executors.java:520)
	at java.util.concurrent.FutureTask.run(FutureTask.java:328)
	at java.util.concurrent.ScheduledThreadPoolExecutor$ScheduledFutureTask.run(ScheduledThreadPoolExecutor.java:323)
	at java.util.concurrent.ThreadPoolExecutor.runWorker(ThreadPoolExecutor.java:1100)
	at java.util.concurrent.ThreadPoolExecutor$Worker.run(ThreadPoolExecutor.java:624)
	at com.google.firebase.firestore.util.AsyncQueue$SynchronizedShutdownAwareExecutor$DelayedStartFactory.run(AsyncQueue.java:235)
	at java.lang.Thread.run(Thread.java:1572)
Caused by: io.grpc.StatusException: PERMISSION_DENIED: Missing or insufficient permissions.
	at io.grpc.Status.asException(Status.java:541)
	at com.google.firebase.firestore.util.Util.exceptionFromStatus(Util.java:150)
	... 27 more

08-26 20:18:16.276 D PARKDIAG/Coord: ■ coordinator.invoke() EXITED — locationCount=0 completed=true
08-26 20:18:16.279 D PARKDIAG/Service:     ✓ coordinator returned NORMALLY
08-26 20:18:16.309 D PARKDIAG/StepCounter: cumulative steps read → 3659
08-26 20:18:16.320 D PARKDIAG/Service:   ⑊ honest close: aborted_false_enter stayed silent (too_close; pinDist=41m steps=null/null sessionSteps=15)
08-26 20:18:16.340 D PARKDIAG/StepCounter: cumulative steps read → 3659
08-26 20:18:16.350 D PARKDIAG/Service:     ■ job complete → DetectionEnded(startId=35) → intake
08-26 20:18:16.372 D PARKDIAG/Service:   ⏾ enterSentry(detection-ended) — resident, GPS off, re-arming departure wake [DET-RESIDENT-FGS-001]
08-26 20:18:16.389 D PARKDIAG/SigMotion: sync → armed=true
08-26 20:18:16.509 D PARKDIAG/OneFix: fix lat=36.5961138 lon=-6.2324909 speed=1.2002064m/s acc=5.024m age=0s
08-26 20:18:16.564 D PARKDIAG/StepCounter: cumulative steps read → 3659
08-26 20:18:16.595 D PARKDIAG/SafetyNet: [detection-end] geof=a53e43c5: sigues junto al coche (d=38m, radio 83m) → resello la referencia de pasos; la valla se re-registró hace 35min, no toca aún · geof=a786c135: distancia ambigua (d=4296m, ni junto al coche ni claramente lejos) → solo apunto la posición, no decido nada
08-26 20:18:23.879 D PARKDIAG/SigMotion: ▶ significant motion — SENTRY resident, direct wake [DET-RESIDENT-FGS-001]
08-26 20:18:23.899 D PARKDIAG/Service: ▶ onStartCommand action=io.apptolast.paparcar.ACTION_SENTRY_WAKE flags=0 startId=36
08-26 20:18:23.906 D PARKDIAG/Service:   ✓ startForeground done (locationPermission=true)
08-26 20:18:23.923 D PARKDIAG/Service:   → SENTRY_WAKE — significant motion on live process, arming Coordinator (Unverified) [DET-RESIDENT-FGS-001]
08-26 20:18:23.943 D PARKDIAG/Service:   ▶ startParkingDetection — launching coordinator (trigger=SIGNIFICANT_MOTION)
08-26 20:18:23.972 D PARKDIAG/Service:     ▶ detection coroutine entered, invoking coordinator
08-26 20:18:23.978 D PARKDIAG/Coord: ▶ coordinator.invoke() entry (armEvidence=self_observed) — calling reset()
08-26 20:18:23.980 D PARKDIAG/Coord:   → session-start dismiss PARKING_CONFIRMATION (savedConfirmAge=nullms, limit=900000ms)
08-26 20:18:23.999 D PARKDIAG/Coord: ─ loc#1 lat=36.596049 lon=-6.2325649 speed=1.1086363m/s acc=3.761m sessionAge=20ms
08-26 20:18:24.002 D PARKDIAG/Coord:   state hasEverMoved=false hasEverReachedDrivingSpeed=false userConfirmed=false vehicleExit=false stoppedSince=null stoppedDur=0ms phase=Idle
08-26 20:18:24.003 D PARKDIAG/Coord:   ⏸ skipping: !hasEverReachedDrivingSpeed
08-26 20:18:26.028 D PARKDIAG/Coord: ─ loc#2 lat=36.5960322 lon=-6.2325937 speed=1.2220485m/s acc=4.309m sessionAge=2050ms
08-26 20:18:26.032 D PARKDIAG/Coord:   state hasEverMoved=false hasEverReachedDrivingSpeed=false userConfirmed=false vehicleExit=false stoppedSince=null stoppedDur=0ms phase=Idle
08-26 20:18:26.036 D PARKDIAG/Coord:   ⏸ skipping: !hasEverReachedDrivingSpeed
08-26 20:18:27.555 D PARKDIAG/Coord:   ✦ step #1 (pre-drive, false-ENTER candidate)
08-26 20:18:28.036 D PARKDIAG/Coord:   ✦ step #2 (pre-drive, false-ENTER candidate)
08-26 20:18:28.118 D PARKDIAG/Coord: ─ loc#3 lat=36.5959982 lon=-6.2325994 speed=1.0959572m/s acc=4.721m sessionAge=4140ms
08-26 20:18:28.131 D PARKDIAG/Coord:   state hasEverMoved=false hasEverReachedDrivingSpeed=false userConfirmed=false vehicleExit=false stoppedSince=null stoppedDur=0ms phase=Idle
08-26 20:18:28.142 D PARKDIAG/Coord:   ⏸ skipping: !hasEverReachedDrivingSpeed
08-26 20:18:28.557 D PARKDIAG/Coord:   ✦ step #3 (pre-drive, false-ENTER candidate)
08-26 20:18:29.077 D PARKDIAG/Coord:   ✦ step #4 (pre-drive, false-ENTER candidate)
08-26 20:18:29.577 D PARKDIAG/Coord:   ✦ step #5 (pre-drive, false-ENTER candidate)
08-26 20:18:30.084 D PARKDIAG/Coord:   ✦ step #6 (pre-drive, false-ENTER candidate)
08-26 20:18:30.142 D PARKDIAG/Coord: ─ loc#4 lat=36.5959727 lon=-6.2326128 speed=1.2208532m/s acc=4.247m sessionAge=6164ms
08-26 20:18:30.146 D PARKDIAG/Coord:   state hasEverMoved=false hasEverReachedDrivingSpeed=false userConfirmed=false vehicleExit=false stoppedSince=null stoppedDur=0ms phase=Idle
08-26 20:18:30.147 D PARKDIAG/Coord:   ⏸ skipping: !hasEverReachedDrivingSpeed
08-26 20:18:30.634 D PARKDIAG/Coord:   ✦ step #7 (pre-drive, false-ENTER candidate)
08-26 20:18:31.115 D PARKDIAG/Coord:   ✦ step #8 (pre-drive, false-ENTER candidate)
08-26 20:18:31.655 D PARKDIAG/Coord:   ✦ step #9 (pre-drive, false-ENTER candidate)
08-26 20:18:32.270 D PARKDIAG/Coord: ─ loc#5 lat=36.5959605 lon=-6.2326394 speed=1.2407924m/s acc=3.781m sessionAge=8292ms
08-26 20:18:32.275 D PARKDIAG/Coord:   state hasEverMoved=false hasEverReachedDrivingSpeed=false userConfirmed=false vehicleExit=false stoppedSince=null stoppedDur=0ms phase=Idle
08-26 20:18:32.279 D PARKDIAG/Coord:   ⊘ false-ENTER abort — 9 steps before driving speed [BUG-FALSE-ENTER-WALKING]
08-26 20:18:32.285 D PARKDIAG/Coord:   ✦ step #10 (pre-drive, false-ENTER candidate)
08-26 20:18:32.639 D PARKDIAG/Coord:   ✦ step #11 (pre-drive, false-ENTER candidate)
08-26 20:18:33.160 D PARKDIAG/Coord:   ✦ step #12 (pre-drive, false-ENTER candidate)
08-26 20:18:33.701 D PARKDIAG/Coord:   ✦ step #13 (pre-drive, false-ENTER candidate)
08-26 20:18:34.252 D PARKDIAG/Coord:   takeWhile=false — flow will end
08-26 20:18:34.418 W PARKDIAG/RetractDeducedDeparture: retract failed for spot=a786c135 — the short TTL still bounds it
  com.google.firebase.firestore.FirebaseFirestoreException: PERMISSION_DENIED: Missing or insufficient permissions.
	at com.google.firebase.firestore.util.Util.exceptionFromStatus(Util.java:152)
	at com.google.firebase.firestore.core.SyncEngine.notifyUser(SyncEngine.java:629)
	at com.google.firebase.firestore.core.SyncEngine.handleRejectedWrite(SyncEngine.java:511)
	at com.google.firebase.firestore.core.MemoryComponentProvider$RemoteStoreCallback.handleRejectedWrite(MemoryComponentProvider.java:135)
	at com.google.firebase.firestore.remote.RemoteStore.handleWriteError(RemoteStore.java:750)
	at com.google.firebase.firestore.remote.RemoteStore.handleWriteStreamClose(RemoteStore.java:706)
	at com.google.firebase.firestore.remote.RemoteStore.access$600(RemoteStore.java:62)
	at com.google.firebase.firestore.remote.RemoteStore$2.onClose(RemoteStore.java:220)
	at com.google.firebase.firestore.remote.AbstractStream.close(AbstractStream.java:379)
	at com.google.firebase.firestore.remote.AbstractStream.handleServerClose(AbstractStream.java:433)
	at com.google.firebase.firestore.remote.AbstractStream$StreamObserver.lambda$onClose$3$com-google-firebase-firestore-remote-AbstractStream$StreamObserver(AbstractStream.java:160)
	at com.google.firebase.firestore.remote.AbstractStream$StreamObserver$$ExternalSyntheticLambda3.run(D8$$SyntheticClass:0)
	at com.google.firebase.firestore.remote.AbstractStream$CloseGuardedRunner.run(AbstractStream.java:67)
	at com.google.firebase.firestore.remote.AbstractStream$StreamObserver.onClose(AbstractStream.java:146)
	at com.google.firebase.firestore.remote.FirestoreChannel$1.onClose(FirestoreChannel.java:173)
	at io.grpc.internal.ClientCallImpl.closeObserver(ClientCallImpl.java:574)
	at io.grpc.internal.ClientCallImpl.access$300(ClientCallImpl.java:72)
	at io.grpc.internal.ClientCallImpl$ClientStreamListenerImpl$1StreamClosed.runInternal(ClientCallImpl.java:742)
	at io.grpc.internal.ClientCallImpl$ClientStreamListenerImpl$1StreamClosed.runInContext(ClientCallImpl.java:723)
	at io.grpc.internal.ContextRunnable.run(ContextRunnable.java:37)
	at io.grpc.internal.SerializingExecutor.run(SerializingExecutor.java:133)
	at java.util.concurrent.Executors$RunnableAdapter.call(Executors.java:520)
	at java.util.concurrent.FutureTask.run(FutureTask.java:328)
	at java.util.concurrent.ScheduledThreadPoolExecutor$ScheduledFutureTask.run(ScheduledThreadPoolExecutor.java:323)
	at java.util.concurrent.ThreadPoolExecutor.runWorker(ThreadPoolExecutor.java:1100)
	at java.util.concurrent.ThreadPoolExecutor$Worker.run(ThreadPoolExecutor.java:624)
	at com.google.firebase.firestore.util.AsyncQueue$SynchronizedShutdownAwareExecutor$DelayedStartFactory.run(AsyncQueue.java:235)
	at java.lang.Thread.run(Thread.java:1572)
Caused by: io.grpc.StatusException: PERMISSION_DENIED: Missing or insufficient permissions.
	at io.grpc.Status.asException(Status.java:541)
	at com.google.firebase.firestore.util.Util.exceptionFromStatus(Util.java:150)
	... 27 more

08-26 20:18:34.426 D PARKDIAG/Coord: ■ coordinator.invoke() EXITED — locationCount=0 completed=true
08-26 20:18:34.428 D PARKDIAG/Service:     ✓ coordinator returned NORMALLY
08-26 20:18:34.469 D PARKDIAG/StepCounter: cumulative steps read → 3692
08-26 20:18:34.477 D PARKDIAG/Service:   ⑊ honest close: aborted_false_enter stayed silent (too_close; pinDist=27m steps=null/null sessionSteps=13)
08-26 20:18:34.489 D PARKDIAG/StepCounter: cumulative steps read → 3692
08-26 20:18:34.497 D PARKDIAG/Service:     ■ job complete → DetectionEnded(startId=36) → intake
08-26 20:18:34.510 D PARKDIAG/SigMotion: re-arm cooldown for 180s — walking-abort storm damper [DET-SENTRY-COOLDOWN-001]
08-26 20:18:34.512 D PARKDIAG/Service:   ⏸ sentry-wake abort streak=3 → re-arm cooldown 180s [DET-SENTRY-COOLDOWN-001]
08-26 20:18:34.520 D PARKDIAG/Service:   ⏾ enterSentry(detection-ended) — resident, GPS off, re-arming departure wake [DET-RESIDENT-FGS-001]
08-26 20:18:34.534 D PARKDIAG/SigMotion: sync → arming in CHEAP-TRIAGE mode, quiet period 179s left [DET-CHEAP-WAKE-INSTEAD-OF-SILENCE-001]
08-26 20:18:34.544 D PARKDIAG/SigMotion: sync → armed=true
08-26 20:18:34.710 D PARKDIAG/OneFix: fix lat=36.5959544 lon=-6.2326746 speed=1.131154m/s acc=3.138m age=0s
08-26 20:18:34.757 D PARKDIAG/StepCounter: cumulative steps read → 3692
08-26 20:18:34.779 D PARKDIAG/SafetyNet: [detection-end] geof=a53e43c5: sigues junto al coche (d=24m, radio 83m) → resello la referencia de pasos; la valla se re-registró hace 36min, no toca aún · geof=a786c135: distancia ambigua (d=4286m, ni junto al coche ni claramente lejos) → solo apunto la posición, no decido nada
08-26 20:18:41.931 D PARKDIAG/SigMotion: ▶ significant motion — SENTRY resident, CHEAP triage (quiet period) [DET-CHEAP-WAKE-INSTEAD-OF-SILENCE-001]
08-26 20:18:41.949 D PARKDIAG/Service: ▶ onStartCommand action=io.apptolast.paparcar.ACTION_SENTRY_WAKE flags=0 startId=37
08-26 20:18:41.959 D PARKDIAG/Service:   ✓ startForeground done (locationPermission=true)
08-26 20:18:41.991 D PARKDIAG/OneFix: fix lat=36.5959488 lon=-6.2327842 speed=1.280429m/s acc=4.901m age=0s
08-26 20:18:42.003 D PARKDIAG/Service:   ⏱ cheap wake triage → STAY_QUIET (speed=4km/h acc=4m) [DET-CHEAP-WAKE-INSTEAD-OF-SILENCE-001]
08-26 20:18:42.020 D PARKDIAG/Service:   ⏾ enterSentry(post-ACTION_SENTRY_WAKE) — resident, GPS off, re-arming departure wake [DET-RESIDENT-FGS-001]
08-26 20:18:42.034 D PARKDIAG/SigMotion: sync → arming in CHEAP-TRIAGE mode, quiet period 172s left [DET-CHEAP-WAKE-INSTEAD-OF-SILENCE-001]
08-26 20:18:42.046 D PARKDIAG/SigMotion: sync → armed=true
08-26 20:18:42.158 D PARKDIAG/OneFix: fix lat=36.5959488 lon=-6.2327842 speed=1.280429m/s acc=4.901m age=0s
08-26 20:18:42.186 D PARKDIAG/StepCounter: cumulative steps read → 3706
08-26 20:18:42.199 D PARKDIAG/SafetyNet: [detection-end] geof=a53e43c5: sigues junto al coche (d=17m, radio 83m) → resello la referencia de pasos; la valla se re-registró hace 36min, no toca aún · geof=a786c135: distancia ambigua (d=4277m, ni junto al coche ni claramente lejos) → solo apunto la posición, no decido nada
08-26 20:18:49.874 D PARKDIAG/SigMotion: ▶ significant motion — SENTRY resident, CHEAP triage (quiet period) [DET-CHEAP-WAKE-INSTEAD-OF-SILENCE-001]
08-26 20:18:49.913 D PARKDIAG/Service: ▶ onStartCommand action=io.apptolast.paparcar.ACTION_SENTRY_WAKE flags=0 startId=38
08-26 20:18:49.928 D PARKDIAG/Service:   ✓ startForeground done (locationPermission=true)
08-26 20:18:49.964 D PARKDIAG/Service:   ⊘ cheap wake — triaged 7s ago, under the 60s floor [DET-CHEAP-WAKE-INSTEAD-OF-SILENCE-001]
08-26 20:18:49.999 D PARKDIAG/Service:   ⏾ enterSentry(post-ACTION_SENTRY_WAKE) — resident, GPS off, re-arming departure wake [DET-RESIDENT-FGS-001]
08-26 20:18:50.020 D PARKDIAG/SigMotion: sync → arming in CHEAP-TRIAGE mode, quiet period 164s left [DET-CHEAP-WAKE-INSTEAD-OF-SILENCE-001]
08-26 20:18:50.038 D PARKDIAG/SigMotion: sync → armed=true
08-26 20:18:50.174 D PARKDIAG/OneFix: fix lat=36.5960025 lon=-6.2328928 speed=1.185327m/s acc=3.28m age=0s
08-26 20:18:50.205 D PARKDIAG/StepCounter: cumulative steps read → 3721
08-26 20:18:50.226 D PARKDIAG/SafetyNet: [detection-end] geof=a53e43c5: sigues junto al coche (d=6m, radio 83m) → resello la referencia de pasos; la valla se re-registró hace 36min, no toca aún · geof=a786c135: distancia ambigua (d=4266m, ni junto al coche ni claramente lejos) → solo apunto la posición, no decido nada
08-26 20:19:00.164 D PARKDIAG/SigMotion: ▶ significant motion — SENTRY resident, CHEAP triage (quiet period) [DET-CHEAP-WAKE-INSTEAD-OF-SILENCE-001]
08-26 20:19:00.198 D PARKDIAG/Service: ▶ onStartCommand action=io.apptolast.paparcar.ACTION_SENTRY_WAKE flags=0 startId=39
08-26 20:19:00.213 D PARKDIAG/Service:   ✓ startForeground done (locationPermission=true)
08-26 20:19:00.265 D PARKDIAG/Service:   ⊘ cheap wake — triaged 18s ago, under the 60s floor [DET-CHEAP-WAKE-INSTEAD-OF-SILENCE-001]
08-26 20:19:00.297 D PARKDIAG/Service:   ⏾ enterSentry(post-ACTION_SENTRY_WAKE) — resident, GPS off, re-arming departure wake [DET-RESIDENT-FGS-001]
08-26 20:19:00.316 D PARKDIAG/SigMotion: sync → arming in CHEAP-TRIAGE mode, quiet period 154s left [DET-CHEAP-WAKE-INSTEAD-OF-SILENCE-001]
08-26 20:19:00.333 D PARKDIAG/SigMotion: sync → armed=true
08-26 20:19:00.443 D PARKDIAG/OneFix: fix lat=36.5959791 lon=-6.2329132 speed=0.2233336m/s acc=3.537m age=0s
08-26 20:19:00.474 D PARKDIAG/StepCounter: cumulative steps read → 3728
08-26 20:19:00.502 D PARKDIAG/SafetyNet: [detection-end] geof=a53e43c5: sigues junto al coche (d=9m, radio 83m) → resello la referencia de pasos; la valla se re-registró hace 36min, no toca aún · geof=a786c135: distancia ambigua (d=4265m, ni junto al coche ni claramente lejos) → solo apunto la posición, no decido nada
08-26 20:19:58.324 D PARKDIAG/Service: ▶ onStartCommand action=io.apptolast.paparcar.ACTION_GEOFENCE_EXIT flags=0 startId=40
08-26 20:19:58.350 D PARKDIAG/Service:   ✓ startForeground done (locationPermission=true)
08-26 20:19:58.361 D PARKDIAG/ExitWitness: ⚑ EXIT emitted geof=a53e43c5 loc=36.5963233,-6.2319817 acc=2.6m fixAge=246ms
08-26 20:19:58.403 D PARKDIAG/OneFix: fix lat=36.5963233 lon=-6.2319817 speed=2.2647777m/s acc=2.6m age=0s
08-26 20:19:58.420 D PARKDIAG/Service:   → GEOFENCE_EXIT — arming Coordinator (geof=a53e43c5 d=88m acc=2m exitLoc=36.5963233,-6.2319817 dep=self_observed) [DET-G-01][DET-G-05]
08-26 20:19:58.446 D PARKDIAG/Service:   ▶ startParkingDetection — launching coordinator (trigger=GEOFENCE_EXIT)
08-26 20:19:58.484 D PARKDIAG/Service:     ▶ detection coroutine entered, invoking coordinator
08-26 20:19:58.491 D PARKDIAG/Coord: ▶ coordinator.invoke() entry (armEvidence=self_observed) — calling reset()
08-26 20:19:58.492 D PARKDIAG/Coord:   → session-start dismiss PARKING_CONFIRMATION (savedConfirmAge=nullms, limit=900000ms)
08-26 20:19:58.497 D PARKDIAG/OneFix: fix lat=36.5963233 lon=-6.2319817 speed=2.2647777m/s acc=2.6m age=0s
08-26 20:19:58.521 D PARKDIAG/Depart: attempt=0 geof=a53e43c5 speed=8.153199km/h acc=2.6m → Rejected
08-26 20:19:58.525 D PARKDIAG/Coord: ─ loc#1 lat=36.5963233 lon=-6.2319817 speed=2.2647777m/s acc=2.6m sessionAge=34ms
08-26 20:19:58.527 D PARKDIAG/Coord:   state hasEverMoved=false hasEverReachedDrivingSpeed=false userConfirmed=false vehicleExit=false stoppedSince=null stoppedDur=0ms phase=Idle
08-26 20:19:58.528 D PARKDIAG/Coord:   ⏸ skipping: !hasEverReachedDrivingSpeed
08-26 20:20:01.465 D PARKDIAG/ARReceiver:   → IN_VEHICLE ENTER
08-26 20:20:01.468 D PARKDIAG/ARReceiver:   ✓ IN_VEHICLE ENTER → bus stamped (trueTime=1787768401280, lag=187ms) [DET-SOLID-001]
08-26 20:20:01.486 D PARKDIAG/Service: ▶ onStartCommand action=io.apptolast.paparcar.ACTION_AR_TRANSITION flags=0 startId=41
08-26 20:20:01.507 D PARKDIAG/Service:   ✓ startForeground done (locationPermission=true)
08-26 20:20:01.527 D PARKDIAG/Service:   ↻ AR_TRANSITION — coordinator already running (same area); not re-arming [DET-AR-REARM-001]
08-26 20:20:01.602 D PARKDIAG/SigMotion: sync → disarmed
08-26 20:20:01.618 D PARKDIAG/ExactNet: ⏰ exact net DISARMED — no parked session to watch
08-26 20:20:01.619 D PARKDIAG/SafetyNet: ■ detection running — skipping check
08-26 20:20:03.229 D PARKDIAG/Coord: ─ loc#2 lat=36.596445 lon=-6.2318333 speed=2.5782435m/s acc=2.6m sessionAge=4736ms
08-26 20:20:03.232 D PARKDIAG/Coord:   ⤳ mute ambiguous fix corroborated as CAR by displacement (speed=2.5782435 acc=2.6) [DET-CREDIBLE-DRIVE-001]
08-26 20:20:03.240 D PARKDIAG/Coord:   state hasEverMoved=false hasEverReachedDrivingSpeed=false userConfirmed=false vehicleExit=false stoppedSince=null stoppedDur=0ms phase=Idle
08-26 20:20:03.242 D PARKDIAG/Coord:   ⏸ skipping: !hasEverReachedDrivingSpeed
08-26 20:20:08.307 D PARKDIAG/Coord: ─ loc#3 lat=36.59665 lon=-6.2315583 speed=4.371536m/s acc=2.75m sessionAge=9815ms
08-26 20:20:08.313 D PARKDIAG/Coord:   ⤳ mute ambiguous fix corroborated as CAR by displacement (speed=4.371536 acc=2.75) [DET-CREDIBLE-DRIVE-001]
08-26 20:20:08.317 D PARKDIAG/Coord:   state hasEverMoved=false hasEverReachedDrivingSpeed=false userConfirmed=false vehicleExit=false stoppedSince=null stoppedDur=0ms phase=Idle
08-26 20:20:08.321 D PARKDIAG/Coord:   ⏸ skipping: !hasEverReachedDrivingSpeed
08-26 20:20:11.107 D PARKDIAG/Coord: ─ loc#4 lat=36.59665 lon=-6.2315583 speed=0.0m/s acc=87.5m sessionAge=12611ms
08-26 20:20:11.114 D PARKDIAG/Coord:   state hasEverMoved=false hasEverReachedDrivingSpeed=false userConfirmed=false vehicleExit=false stoppedSince=1787768411102 stoppedDur=0ms phase=Idle
08-26 20:20:11.122 D PARKDIAG/Coord:   ⏸ skipping: !hasEverReachedDrivingSpeed
08-26 20:20:13.312 D PARKDIAG/Coord: ─ loc#5 lat=36.5967833 lon=-6.2313783 speed=4.4034486m/s acc=2.8m sessionAge=14821ms
08-26 20:20:13.316 D PARKDIAG/Coord:   ♟ anchor HELD — steps=0 cover the displacement (speed=4.4034486 m/s ambiguous band) [DET-AR-FIRST-001]
08-26 20:20:13.322 D PARKDIAG/Coord:   state hasEverMoved=false hasEverReachedDrivingSpeed=false userConfirmed=false vehicleExit=false stoppedSince=null stoppedDur=0ms phase=Idle
08-26 20:20:13.325 D PARKDIAG/Coord:   ⏸ skipping: !hasEverReachedDrivingSpeed
08-26 20:20:18.226 D PARKDIAG/Coord: ─ loc#6 lat=36.59686 lon=-6.2313567 speed=2.2447035m/s acc=2.55m sessionAge=19735ms
08-26 20:20:18.229 D PARKDIAG/Coord:   state hasEverMoved=false hasEverReachedDrivingSpeed=false userConfirmed=false vehicleExit=false stoppedSince=null stoppedDur=0ms phase=Idle
08-26 20:20:18.232 D PARKDIAG/Coord:   ⏸ skipping: !hasEverReachedDrivingSpeed
08-26 20:20:23.220 D PARKDIAG/Coord: ─ loc#7 lat=36.5969183 lon=-6.2312533 speed=1.6141689m/s acc=2.35m sessionAge=24729ms
08-26 20:20:23.236 D PARKDIAG/Coord:   state hasEverMoved=false hasEverReachedDrivingSpeed=false userConfirmed=false vehicleExit=false stoppedSince=null stoppedDur=0ms phase=Idle
08-26 20:20:23.239 D PARKDIAG/Coord:   ⏸ skipping: !hasEverReachedDrivingSpeed
08-26 20:20:28.322 D PARKDIAG/Coord: ─ loc#8 lat=36.597065 lon=-6.2310767 speed=3.1032603m/s acc=2.7m sessionAge=29827ms
08-26 20:20:28.327 D PARKDIAG/Coord:   ⤳ mute ambiguous fix corroborated as CAR by displacement (speed=3.1032603 acc=2.7) [DET-CREDIBLE-DRIVE-001]
08-26 20:20:28.329 D PARKDIAG/Coord:   ♟ anchor HELD — steps=0 cover the displacement (speed=3.1032603 m/s ambiguous band) [DET-AR-FIRST-001]
08-26 20:20:28.332 D PARKDIAG/Coord:   state hasEverMoved=false hasEverReachedDrivingSpeed=false userConfirmed=false vehicleExit=false stoppedSince=null stoppedDur=0ms phase=Idle
08-26 20:20:28.335 D PARKDIAG/Coord:   ⏸ skipping: !hasEverReachedDrivingSpeed
08-26 20:20:32.303 D PARKDIAG/Coord: ─ loc#9 lat=36.59718 lon=-6.230965 speed=4.041599m/s acc=2.9m sessionAge=33811ms
08-26 20:20:32.308 D PARKDIAG/Coord:   ⤳ mute ambiguous fix corroborated as CAR by displacement (speed=4.041599 acc=2.9) [DET-CREDIBLE-DRIVE-001]
08-26 20:20:32.313 D PARKDIAG/Coord:   state hasEverMoved=false hasEverReachedDrivingSpeed=false userConfirmed=false vehicleExit=false stoppedSince=null stoppedDur=0ms phase=Idle
08-26 20:20:32.316 D PARKDIAG/Coord:   ⏸ skipping: !hasEverReachedDrivingSpeed
08-26 20:20:37.300 D PARKDIAG/Coord: ─ loc#10 lat=36.5972633 lon=-6.2308583 speed=3.2561328m/s acc=2.8m sessionAge=38808ms
08-26 20:20:37.304 D PARKDIAG/Coord:   ⟲ reposition-burst detected (consecutive=3 speed=3.2561328 acc=2.8) — clearing bestStopLocation [PARKING-001]
08-26 20:20:37.307 D PARKDIAG/Coord:   state hasEverMoved=false hasEverReachedDrivingSpeed=false userConfirmed=false vehicleExit=false stoppedSince=null stoppedDur=0ms phase=Idle
08-26 20:20:37.311 D PARKDIAG/Coord:   ⏸ skipping: !hasEverReachedDrivingSpeed
08-26 20:20:42.317 D PARKDIAG/Coord: ─ loc#11 lat=36.5973167 lon=-6.2308133 speed=1.853m/s acc=2.7m sessionAge=43825ms
08-26 20:20:42.321 D PARKDIAG/Coord:   ⟲ reposition-burst detected (consecutive=4 speed=1.853 acc=2.7) — clearing bestStopLocation [PARKING-001]
08-26 20:20:42.325 D PARKDIAG/Coord:   state hasEverMoved=false hasEverReachedDrivingSpeed=false userConfirmed=false vehicleExit=false stoppedSince=null stoppedDur=0ms phase=Idle
08-26 20:20:42.330 D PARKDIAG/Coord:   ⏸ skipping: !hasEverReachedDrivingSpeed
08-26 20:20:47.356 D PARKDIAG/Coord: ─ loc#12 lat=36.5974617 lon=-6.2307283 speed=2.3821344m/s acc=2.6m sessionAge=48865ms
08-26 20:20:47.363 D PARKDIAG/Coord:   ⟲ reposition-burst detected (consecutive=5 speed=2.3821344 acc=2.6) — clearing bestStopLocation [PARKING-001]
08-26 20:20:47.367 D PARKDIAG/Coord:   state hasEverMoved=false hasEverReachedDrivingSpeed=false userConfirmed=false vehicleExit=false stoppedSince=null stoppedDur=0ms phase=Idle
08-26 20:20:47.370 D PARKDIAG/Coord:   ⏸ skipping: !hasEverReachedDrivingSpeed
08-26 20:20:52.282 D PARKDIAG/Coord: ─ loc#13 lat=36.5975967 lon=-6.2305767 speed=3.7013676m/s acc=2.75m sessionAge=53790ms
08-26 20:20:52.284 D PARKDIAG/Coord:   ⤳ mute ambiguous fix corroborated as CAR by displacement (speed=3.7013676 acc=2.75) [DET-CREDIBLE-DRIVE-001]
08-26 20:20:52.286 D PARKDIAG/Coord:   state hasEverMoved=false hasEverReachedDrivingSpeed=false userConfirmed=false vehicleExit=false stoppedSince=null stoppedDur=0ms phase=Idle
08-26 20:20:52.291 D PARKDIAG/Coord:   ⏸ skipping: !hasEverReachedDrivingSpeed
08-26 20:20:57.294 D PARKDIAG/Coord: ─ loc#14 lat=36.5977133 lon=-6.230495 speed=3.600482m/s acc=2.4m sessionAge=58802ms
08-26 20:20:57.298 D PARKDIAG/Coord:   ⟲ reposition-burst detected (consecutive=7 speed=3.600482 acc=2.4) — clearing bestStopLocation [PARKING-001]
08-26 20:20:57.301 D PARKDIAG/Coord:   state hasEverMoved=false hasEverReachedDrivingSpeed=false userConfirmed=false vehicleExit=false stoppedSince=null stoppedDur=0ms phase=Idle
08-26 20:20:57.305 D PARKDIAG/Coord:   ⏸ skipping: !hasEverReachedDrivingSpeed
08-26 20:21:02.302 D PARKDIAG/Coord: ─ loc#15 lat=36.5977817 lon=-6.23043 speed=2.529345m/s acc=2.5m sessionAge=63806ms
08-26 20:21:02.306 D PARKDIAG/Coord:   ⟲ reposition-burst detected (consecutive=8 speed=2.529345 acc=2.5) — clearing bestStopLocation [PARKING-001]
08-26 20:21:02.309 D PARKDIAG/Coord:   state hasEverMoved=false hasEverReachedDrivingSpeed=false userConfirmed=false vehicleExit=false stoppedSince=null stoppedDur=0ms phase=Idle
08-26 20:21:02.311 D PARKDIAG/Coord:   ⏸ skipping: !hasEverReachedDrivingSpeed
08-26 20:21:07.319 D PARKDIAG/Coord: ─ loc#16 lat=36.5977967 lon=-6.23022 speed=1.8015277m/s acc=2.55m sessionAge=68826ms
08-26 20:21:07.322 D PARKDIAG/Coord:   ⟲ reposition-burst detected (consecutive=9 speed=1.8015277 acc=2.55) — clearing bestStopLocation [PARKING-001]
08-26 20:21:07.326 D PARKDIAG/Coord:   state hasEverMoved=false hasEverReachedDrivingSpeed=false userConfirmed=false vehicleExit=false stoppedSince=null stoppedDur=0ms phase=Idle
08-26 20:21:07.329 D PARKDIAG/Coord:   ⏸ skipping: !hasEverReachedDrivingSpeed
08-26 20:21:12.306 D PARKDIAG/Coord: ─ loc#17 lat=36.5978483 lon=-6.2301017 speed=2.331177m/s acc=2.45m sessionAge=73814ms
08-26 20:21:12.310 D PARKDIAG/Coord:   ⟲ reposition-burst detected (consecutive=10 speed=2.331177 acc=2.45) — clearing bestStopLocation [PARKING-001]
08-26 20:21:12.312 D PARKDIAG/Coord:   state hasEverMoved=false hasEverReachedDrivingSpeed=false userConfirmed=false vehicleExit=false stoppedSince=null stoppedDur=0ms phase=Idle
08-26 20:21:12.315 D PARKDIAG/Coord:   ⏸ skipping: !hasEverReachedDrivingSpeed
08-26 20:21:17.301 D PARKDIAG/Coord: ─ loc#18 lat=36.5979517 lon=-6.22994 speed=3.1938515m/s acc=2.45m sessionAge=78809ms
08-26 20:21:17.306 D PARKDIAG/Coord:   ⤳ mute ambiguous fix corroborated as CAR by displacement (speed=3.1938515 acc=2.45) [DET-CREDIBLE-DRIVE-001]
08-26 20:21:17.314 D PARKDIAG/Coord:   state hasEverMoved=false hasEverReachedDrivingSpeed=false userConfirmed=false vehicleExit=false stoppedSince=null stoppedDur=0ms phase=Idle
08-26 20:21:17.318 D PARKDIAG/Coord:   ⏸ skipping: !hasEverReachedDrivingSpeed
08-26 20:21:22.302 D PARKDIAG/Coord: ─ loc#19 lat=36.5979867 lon=-6.229915 speed=0.0m/s acc=2.75m sessionAge=83810ms
08-26 20:21:22.308 D PARKDIAG/Coord:   state hasEverMoved=false hasEverReachedDrivingSpeed=false userConfirmed=false vehicleExit=false stoppedSince=1787768482301 stoppedDur=0ms phase=Idle
08-26 20:21:22.313 D PARKDIAG/Coord:   ⏸ skipping: !hasEverReachedDrivingSpeed
08-26 20:21:27.309 D PARKDIAG/Coord: ─ loc#20 lat=36.5979867 lon=-6.22994 speed=1.1277564m/s acc=2.9m sessionAge=88817ms
08-26 20:21:27.312 D PARKDIAG/Coord:   state hasEverMoved=false hasEverReachedDrivingSpeed=false userConfirmed=false vehicleExit=false stoppedSince=null stoppedDur=0ms phase=Idle
08-26 20:21:27.327 D PARKDIAG/Coord:   ⏸ skipping: !hasEverReachedDrivingSpeed
08-26 20:21:32.277 D PARKDIAG/Coord: ─ loc#21 lat=36.5978867 lon=-6.229735 speed=5.7607713m/s acc=2.8m sessionAge=93784ms
08-26 20:21:32.285 D PARKDIAG/Coord:   ✓ hasEverReachedDrivingSpeed → true (speed=5.7607713≥5.0) dist=265.4221130794115m [BUG-SHORT-TRIP]
08-26 20:21:32.287 D PARKDIAG/Coord:   ✓ hasEverMoved → true (speed≥5.0, dist≥150.0m, actual=265.4221130794115m)
08-26 20:21:32.291 D PARKDIAG/Coord:   state hasEverMoved=true hasEverReachedDrivingSpeed=true userConfirmed=false vehicleExit=false stoppedSince=null stoppedDur=0ms phase=Idle
08-26 20:21:32.317 D PARKDIAG/Coord:   ✓ vehicleId locked: addbe660-ad30-4857-ab1f-58433d76992d type=CAR (nominator=addbe660-ad30-4857-ab1f-58433d76992d)
08-26 20:21:32.321 D PARKDIAG/Coord:   ⚖ scoring=NotYet (signals: speed=5.7607713 stopped=0ms accuracy=2.8 exit=false)
08-26 20:21:37.301 D PARKDIAG/Coord: ─ loc#22 lat=36.597715 lon=-6.2294517 speed=6.563738m/s acc=2.9m sessionAge=98809ms
08-26 20:21:37.308 D PARKDIAG/Coord:   state hasEverMoved=true hasEverReachedDrivingSpeed=true userConfirmed=false vehicleExit=false stoppedSince=null stoppedDur=0ms phase=Idle
08-26 20:21:37.314 D PARKDIAG/Coord:   ⚖ scoring=NotYet (signals: speed=6.563738 stopped=0ms accuracy=2.9 exit=false)
08-26 20:21:42.292 D PARKDIAG/Coord: ─ loc#23 lat=36.5976317 lon=-6.2293567 speed=0.9959875m/s acc=2.85m sessionAge=103800ms
08-26 20:21:42.294 D PARKDIAG/Coord:   state hasEverMoved=true hasEverReachedDrivingSpeed=true userConfirmed=false vehicleExit=false stoppedSince=1787768502291 stoppedDur=0ms phase=Idle
08-26 20:21:42.303 D PARKDIAG/Coord:   ⚖ scoring=NotYet (signals: speed=0.9959875 stopped=0ms accuracy=2.85 exit=false)
08-26 20:21:47.326 D PARKDIAG/Coord: ─ loc#24 lat=36.597675 lon=-6.2292567 speed=1.1570956m/s acc=2.6m sessionAge=108834ms
08-26 20:21:47.331 D PARKDIAG/Coord:   state hasEverMoved=true hasEverReachedDrivingSpeed=true userConfirmed=false vehicleExit=false stoppedSince=null stoppedDur=0ms phase=Idle
08-26 20:21:47.337 D PARKDIAG/Coord:   ⚖ scoring=NotYet (signals: speed=1.1570956 stopped=0ms accuracy=2.6 exit=false)
08-26 20:21:52.307 D PARKDIAG/Coord: ─ loc#25 lat=36.5978133 lon=-6.2290617 speed=2.3399272m/s acc=2.7m sessionAge=113816ms
08-26 20:21:52.311 D PARKDIAG/Coord:   state hasEverMoved=true hasEverReachedDrivingSpeed=true userConfirmed=false vehicleExit=false stoppedSince=null stoppedDur=0ms phase=Idle
08-26 20:21:52.314 D PARKDIAG/Coord:   ⚖ scoring=NotYet (signals: speed=2.3399272 stopped=0ms accuracy=2.7 exit=false)
08-26 20:21:57.298 D PARKDIAG/Coord: ─ loc#26 lat=36.5980133 lon=-6.2287983 speed=4.841992m/s acc=2.8m sessionAge=118806ms
08-26 20:21:57.300 D PARKDIAG/Coord:   ⤳ mute ambiguous fix corroborated as CAR by displacement (speed=4.841992 acc=2.8) [DET-CREDIBLE-DRIVE-001]
08-26 20:21:57.302 D PARKDIAG/Coord:   state hasEverMoved=true hasEverReachedDrivingSpeed=true userConfirmed=false vehicleExit=false stoppedSince=null stoppedDur=0ms phase=Idle
08-26 20:21:57.305 D PARKDIAG/Coord:   ⚖ scoring=NotYet (signals: speed=4.841992 stopped=0ms accuracy=2.8 exit=false)
08-26 20:22:02.278 D PARKDIAG/Coord: ─ loc#27 lat=36.598155 lon=-6.22854 speed=5.4987774m/s acc=2.9m sessionAge=123786ms
08-26 20:22:02.283 D PARKDIAG/Coord:   ✓ drive PROVEN by track [DET-DRIVE-PROOF-001] — session speed statistic unlocked (pendingMax=6.563738m/s)
08-26 20:22:02.285 D PARKDIAG/Coord:   ✓ sustained drive — 30000ms accumulated in the driving band (≥30000ms) [DET-MOTOR-PROOF-001]
08-26 20:22:02.303 D PARKDIAG/Coord:   state hasEverMoved=true hasEverReachedDrivingSpeed=true userConfirmed=false vehicleExit=false stoppedSince=null stoppedDur=0ms phase=Idle
08-26 20:22:02.305 D PARKDIAG/Coord:   ⚖ scoring=NotYet (signals: speed=5.4987774 stopped=0ms accuracy=2.9 exit=false)
08-26 20:22:07.327 D PARKDIAG/Coord: ─ loc#28 lat=36.59836 lon=-6.2284 speed=5.0298657m/s acc=2.8m sessionAge=128835ms
08-26 20:22:07.331 D PARKDIAG/Coord:   state hasEverMoved=true hasEverReachedDrivingSpeed=true userConfirmed=false vehicleExit=false stoppedSince=null stoppedDur=0ms phase=Idle
08-26 20:22:07.336 D PARKDIAG/Coord:   ⚖ scoring=NotYet (signals: speed=5.0298657 stopped=0ms accuracy=2.8 exit=false)
08-26 20:22:12.299 D PARKDIAG/Coord: ─ loc#29 lat=36.5985583 lon=-6.2281983 speed=5.3870826m/s acc=2.75m sessionAge=133807ms
08-26 20:22:12.303 D PARKDIAG/Coord:   state hasEverMoved=true hasEverReachedDrivingSpeed=true userConfirmed=false vehicleExit=false stoppedSince=null stoppedDur=0ms phase=Idle
08-26 20:22:12.306 D PARKDIAG/Coord:   ⚖ scoring=NotYet (signals: speed=5.3870826 stopped=0ms accuracy=2.75 exit=false)
08-26 20:22:17.308 D PARKDIAG/Coord: ─ loc#30 lat=36.5987583 lon=-6.2279833 speed=5.7098136m/s acc=3.0m sessionAge=138816ms
08-26 20:22:17.312 D PARKDIAG/Coord:   state hasEverMoved=true hasEverReachedDrivingSpeed=true userConfirmed=false vehicleExit=false stoppedSince=null stoppedDur=0ms phase=Idle
08-26 20:22:17.316 D PARKDIAG/Coord:   ⚖ scoring=NotYet (signals: speed=5.7098136 stopped=0ms accuracy=3.0 exit=false)
08-26 20:22:22.254 D PARKDIAG/Coord: ─ loc#31 lat=36.5989167 lon=-6.22775 speed=5.384509m/s acc=3.1m sessionAge=143763ms
08-26 20:22:22.258 D PARKDIAG/Coord:   state hasEverMoved=true hasEverReachedDrivingSpeed=true userConfirmed=false vehicleExit=false stoppedSince=null stoppedDur=0ms phase=Idle
08-26 20:22:22.264 D PARKDIAG/Coord:   ⚖ scoring=NotYet (signals: speed=5.384509 stopped=0ms accuracy=3.1 exit=false)
08-26 20:22:25.994 D PARKDIAG/SafetyNet: ■ detection running — skipping check
08-26 20:22:27.214 D PARKDIAG/Coord: ─ loc#32 lat=36.5989933 lon=-6.2277717 speed=1.6208602m/s acc=2.9m sessionAge=148723ms
08-26 20:22:27.218 D PARKDIAG/Coord:   state hasEverMoved=true hasEverReachedDrivingSpeed=true userConfirmed=false vehicleExit=false stoppedSince=null stoppedDur=0ms phase=Idle
08-26 20:22:27.223 D PARKDIAG/Coord:   ⚖ scoring=NotYet (signals: speed=1.6208602 stopped=0ms accuracy=2.9 exit=false)
08-26 20:22:32.259 D PARKDIAG/Coord: ─ loc#33 lat=36.59901 lon=-6.2277517 speed=0.8878958m/s acc=2.75m sessionAge=153768ms
08-26 20:22:32.262 D PARKDIAG/Coord:   state hasEverMoved=true hasEverReachedDrivingSpeed=true userConfirmed=false vehicleExit=false stoppedSince=1787768552259 stoppedDur=0ms phase=Idle
08-26 20:22:32.264 D PARKDIAG/Coord:   ⚖ scoring=NotYet (signals: speed=0.8878958 stopped=0ms accuracy=2.75 exit=false)
08-26 20:22:37.264 D PARKDIAG/Coord: ─ loc#34 lat=36.59887 lon=-6.22753 speed=4.6839724m/s acc=2.8m sessionAge=158772ms
08-26 20:22:37.268 D PARKDIAG/Coord:   ⤳ mute ambiguous fix corroborated as CAR by displacement (speed=4.6839724 acc=2.8) [DET-CREDIBLE-DRIVE-001]
08-26 20:22:37.271 D PARKDIAG/Coord:   state hasEverMoved=true hasEverReachedDrivingSpeed=true userConfirmed=false vehicleExit=false stoppedSince=null stoppedDur=0ms phase=Idle
08-26 20:22:37.274 D PARKDIAG/Coord:   ⚖ scoring=NotYet (signals: speed=4.6839724 stopped=0ms accuracy=2.8 exit=false)
08-26 20:22:42.278 D PARKDIAG/Coord: ─ loc#35 lat=36.5986867 lon=-6.2272733 speed=5.7607713m/s acc=2.95m sessionAge=163787ms
08-26 20:22:42.282 D PARKDIAG/Coord:   state hasEverMoved=true hasEverReachedDrivingSpeed=true userConfirmed=false vehicleExit=false stoppedSince=null stoppedDur=0ms phase=Idle
08-26 20:22:42.286 D PARKDIAG/Coord:   ⚖ scoring=NotYet (signals: speed=5.7607713 stopped=0ms accuracy=2.95 exit=false)
08-26 20:22:47.314 D PARKDIAG/Coord: ─ loc#36 lat=36.5985117 lon=-6.227115 speed=4.7184587m/s acc=2.95m sessionAge=168823ms
08-26 20:22:47.317 D PARKDIAG/Coord:   ⤳ mute ambiguous fix corroborated as CAR by displacement (speed=4.7184587 acc=2.95) [DET-CREDIBLE-DRIVE-001]
08-26 20:22:47.320 D PARKDIAG/Coord:   state hasEverMoved=true hasEverReachedDrivingSpeed=true userConfirmed=false vehicleExit=false stoppedSince=null stoppedDur=0ms phase=Idle
08-26 20:22:47.324 D PARKDIAG/Coord:   ⚖ scoring=NotYet (signals: speed=4.7184587 stopped=0ms accuracy=2.95 exit=false)
08-26 20:22:52.326 D PARKDIAG/Coord: ─ loc#37 lat=36.598345 lon=-6.226945 speed=4.174397m/s acc=3.05m sessionAge=173835ms
08-26 20:22:52.330 D PARKDIAG/Coord:   ⤳ mute ambiguous fix corroborated as CAR by displacement (speed=4.174397 acc=3.05) [DET-CREDIBLE-DRIVE-001]
08-26 20:22:52.334 D PARKDIAG/Coord:   state hasEverMoved=true hasEverReachedDrivingSpeed=true userConfirmed=false vehicleExit=false stoppedSince=null stoppedDur=0ms phase=Idle
08-26 20:22:52.338 D PARKDIAG/Coord:   ⚖ scoring=NotYet (signals: speed=4.174397 stopped=0ms accuracy=3.05 exit=false)
08-26 20:22:57.267 D PARKDIAG/Coord: ─ loc#38 lat=36.5981717 lon=-6.2267617 speed=4.5223494m/s acc=3.25m sessionAge=178776ms
08-26 20:22:57.270 D PARKDIAG/Coord:   ⤳ mute ambiguous fix corroborated as CAR by displacement (speed=4.5223494 acc=3.25) [DET-CREDIBLE-DRIVE-001]
08-26 20:22:57.272 D PARKDIAG/Coord:   state hasEverMoved=true hasEverReachedDrivingSpeed=true userConfirmed=false vehicleExit=false stoppedSince=null stoppedDur=0ms phase=Idle
08-26 20:22:57.274 D PARKDIAG/Coord:   ⚖ scoring=NotYet (signals: speed=4.5223494 stopped=0ms accuracy=3.25 exit=false)
08-26 20:23:02.320 D PARKDIAG/Coord: ─ loc#39 lat=36.59809 lon=-6.2265983 speed=3.8964472m/s acc=3.45m sessionAge=183829ms
08-26 20:23:02.323 D PARKDIAG/Coord:   ⤳ mute ambiguous fix corroborated as CAR by displacement (speed=3.8964472 acc=3.45) [DET-CREDIBLE-DRIVE-001]
08-26 20:23:02.326 D PARKDIAG/Coord:   state hasEverMoved=true hasEverReachedDrivingSpeed=true userConfirmed=false vehicleExit=false stoppedSince=null stoppedDur=0ms phase=Idle
08-26 20:23:02.329 D PARKDIAG/Coord:   ⚖ scoring=NotYet (signals: speed=3.8964472 stopped=0ms accuracy=3.45 exit=false)
08-26 20:23:07.262 D PARKDIAG/Coord: ─ loc#40 lat=36.598045 lon=-6.2265767 speed=0.0m/s acc=3.4m sessionAge=188771ms
08-26 20:23:07.268 D PARKDIAG/Coord:   state hasEverMoved=true hasEverReachedDrivingSpeed=true userConfirmed=false vehicleExit=false stoppedSince=1787768587262 stoppedDur=0ms phase=Idle
08-26 20:23:07.273 D PARKDIAG/Coord:   ⚖ scoring=NotYet (signals: speed=0.0 stopped=0ms accuracy=3.4 exit=false)
08-26 20:23:12.283 D PARKDIAG/Coord: ─ loc#41 lat=36.5980217 lon=-6.2264917 speed=0.0m/s acc=2.9m sessionAge=193792ms
08-26 20:23:12.288 D PARKDIAG/Coord:   state hasEverMoved=true hasEverReachedDrivingSpeed=true userConfirmed=false vehicleExit=false stoppedSince=1787768587262 stoppedDur=5021ms phase=Idle
08-26 20:23:12.290 D PARKDIAG/Coord:   ⚖ scoring=NotYet (signals: speed=0.0 stopped=5021ms accuracy=2.9 exit=false)
08-26 20:23:17.255 D PARKDIAG/Coord: ─ loc#42 lat=36.5978917 lon=-6.22626 speed=5.212592m/s acc=2.65m sessionAge=198762ms
08-26 20:23:17.258 D PARKDIAG/Coord:   state hasEverMoved=true hasEverReachedDrivingSpeed=true userConfirmed=false vehicleExit=false stoppedSince=null stoppedDur=0ms phase=Idle
08-26 20:23:17.263 D PARKDIAG/Coord:   ⚖ scoring=NotYet (signals: speed=5.212592 stopped=0ms accuracy=2.65 exit=false)
08-26 20:23:17.284 D PARKDIAG/Coord: ─ loc#43 lat=36.5978917 lon=-6.22626 speed=5.212592m/s acc=2.65m sessionAge=198793ms
08-26 20:23:17.287 D PARKDIAG/Coord:   state hasEverMoved=true hasEverReachedDrivingSpeed=true userConfirmed=false vehicleExit=false stoppedSince=null stoppedDur=0ms phase=Idle
08-26 20:23:17.289 D PARKDIAG/Coord:   ⚖ scoring=NotYet (signals: speed=5.212592 stopped=0ms accuracy=2.65 exit=false)
08-26 20:23:40.264 D PARKDIAG/Coord: ─ loc#44 lat=36.5972353 lon=-6.2251514 speed=0.0m/s acc=100.0m sessionAge=221772ms
08-26 20:23:40.266 D PARKDIAG/Coord:   state hasEverMoved=true hasEverReachedDrivingSpeed=true userConfirmed=false vehicleExit=false stoppedSince=1787768620263 stoppedDur=0ms phase=Idle
08-26 20:23:40.268 D PARKDIAG/Coord:   ⚖ scoring=NotYet (signals: speed=0.0 stopped=0ms accuracy=100.0 exit=false)
08-26 20:23:42.724 D PARKDIAG/Coord: ─ loc#45 lat=36.5975867 lon=-6.225955 speed=0.0m/s acc=6.6m sessionAge=224232ms
08-26 20:23:42.727 D PARKDIAG/Coord:   state hasEverMoved=true hasEverReachedDrivingSpeed=true userConfirmed=false vehicleExit=false stoppedSince=1787768620263 stoppedDur=2460ms phase=Idle
08-26 20:23:42.729 D PARKDIAG/Coord:   ⚖ scoring=NotYet (signals: speed=0.0 stopped=2460ms accuracy=6.6 exit=false)
08-26 20:23:48.272 D PARKDIAG/Coord: ─ loc#46 lat=36.5973733 lon=-6.2257483 speed=0.0m/s acc=5.7m sessionAge=229780ms
08-26 20:23:48.275 D PARKDIAG/Coord:   state hasEverMoved=true hasEverReachedDrivingSpeed=true userConfirmed=false vehicleExit=false stoppedSince=1787768620263 stoppedDur=8008ms phase=Idle
08-26 20:23:48.278 D PARKDIAG/Coord:   ⚖ scoring=NotYet (signals: speed=0.0 stopped=8008ms accuracy=5.7 exit=false)
08-26 20:23:52.228 D PARKDIAG/Coord: ─ loc#47 lat=36.5972033 lon=-6.2257083 speed=6.316671m/s acc=5.3m sessionAge=233736ms
08-26 20:23:52.230 D PARKDIAG/Coord:   state hasEverMoved=true hasEverReachedDrivingSpeed=true userConfirmed=false vehicleExit=false stoppedSince=null stoppedDur=0ms phase=Idle
08-26 20:23:52.231 D PARKDIAG/Coord:   ⚖ scoring=NotYet (signals: speed=6.316671 stopped=0ms accuracy=5.3 exit=false)
08-26 20:23:52.251 D PARKDIAG/Coord: ─ loc#48 lat=36.5972033 lon=-6.2257083 speed=6.316671m/s acc=5.3m sessionAge=233760ms
08-26 20:23:52.253 D PARKDIAG/Coord:   state hasEverMoved=true hasEverReachedDrivingSpeed=true userConfirmed=false vehicleExit=false stoppedSince=null stoppedDur=0ms phase=Idle
08-26 20:23:52.254 D PARKDIAG/Coord:   ⚖ scoring=NotYet (signals: speed=6.316671 stopped=0ms accuracy=5.3 exit=false)
08-26 20:24:16.827 D PARKDIAG/Coord: ─ loc#49 lat=36.5971583 lon=-6.225575 speed=0.0m/s acc=6.5m sessionAge=258336ms
08-26 20:24:16.831 D PARKDIAG/Coord:   state hasEverMoved=true hasEverReachedDrivingSpeed=true userConfirmed=false vehicleExit=false stoppedSince=1787768656827 stoppedDur=0ms phase=Idle
08-26 20:24:16.841 D PARKDIAG/Coord:   ⚖ scoring=NotYet (signals: speed=0.0 stopped=0ms accuracy=6.5 exit=false)
08-26 20:24:16.861 D PARKDIAG/Coord: ─ loc#50 lat=36.5971583 lon=-6.225575 speed=0.0m/s acc=6.5m sessionAge=258370ms
08-26 20:24:16.863 D PARKDIAG/Coord:   state hasEverMoved=true hasEverReachedDrivingSpeed=true userConfirmed=false vehicleExit=false stoppedSince=1787768656827 stoppedDur=34ms phase=Idle
08-26 20:24:16.865 D PARKDIAG/Coord:   ⚖ scoring=NotYet (signals: speed=0.0 stopped=34ms accuracy=6.5 exit=false)
08-26 20:24:22.069 D PARKDIAG/Coord: ─ loc#51 lat=36.5970817 lon=-6.2253783 speed=0.0m/s acc=6.4m sessionAge=263578ms
08-26 20:24:22.071 D PARKDIAG/Coord:   state hasEverMoved=true hasEverReachedDrivingSpeed=true userConfirmed=false vehicleExit=false stoppedSince=1787768656827 stoppedDur=5242ms phase=Idle
08-26 20:24:22.074 D PARKDIAG/Coord:   ⚖ scoring=NotYet (signals: speed=0.0 stopped=5242ms accuracy=6.4 exit=false)
08-26 20:24:27.318 D PARKDIAG/Coord: ─ loc#52 lat=36.5971233 lon=-6.225345 speed=0.3824386m/s acc=5.3m sessionAge=268826ms
08-26 20:24:27.321 D PARKDIAG/Coord:   ⚓ anchor FROZEN — drive-entered stop matured (stableFixes=3, walkFixes=0); only real driving (≥5.0 m/s) can move it [DET-ANCHOR-FREEZE-001][DET-SHORT-TRIP-FREEZE-001]
08-26 20:24:27.324 D PARKDIAG/Coord:   state hasEverMoved=true hasEverReachedDrivingSpeed=true userConfirmed=false vehicleExit=false stoppedSince=1787768656827 stoppedDur=10490ms phase=Idle
08-26 20:24:27.327 D PARKDIAG/Coord:   ⚖ scoring=NotYet (signals: speed=0.3824386 stopped=10490ms accuracy=5.3 exit=false)
08-26 20:24:32.314 D PARKDIAG/Coord: ─ loc#53 lat=36.5971183 lon=-6.2253533 speed=0.17397611m/s acc=5.05m sessionAge=273818ms
08-26 20:24:32.316 D PARKDIAG/Coord:   state hasEverMoved=true hasEverReachedDrivingSpeed=true userConfirmed=false vehicleExit=false stoppedSince=1787768656827 stoppedDur=15482ms phase=Idle
08-26 20:24:32.319 D PARKDIAG/Coord:   ⚖ scoring=NotYet (signals: speed=0.17397611 stopped=15482ms accuracy=5.05 exit=false)
08-26 20:24:37.253 D PARKDIAG/Coord: ─ loc#54 lat=36.5971233 lon=-6.2253617 speed=0.0m/s acc=4.55m sessionAge=278762ms
08-26 20:24:37.255 D PARKDIAG/Coord:   state hasEverMoved=true hasEverReachedDrivingSpeed=true userConfirmed=false vehicleExit=false stoppedSince=1787768656827 stoppedDur=20426ms phase=Idle
08-26 20:24:37.256 D PARKDIAG/Coord:   ⚖ scoring=NotYet (signals: speed=0.0 stopped=20426ms accuracy=4.55 exit=false)
08-26 20:24:42.284 D PARKDIAG/Coord: ─ loc#55 lat=36.5971383 lon=-6.22529 speed=0.4884714m/s acc=3.95m sessionAge=283793ms
08-26 20:24:42.288 D PARKDIAG/Coord:   state hasEverMoved=true hasEverReachedDrivingSpeed=true userConfirmed=false vehicleExit=false stoppedSince=1787768656827 stoppedDur=25457ms phase=Idle
08-26 20:24:42.292 D PARKDIAG/Coord:   ⚖ scoring=NotYet (signals: speed=0.4884714 stopped=25457ms accuracy=3.95 exit=false)
08-26 20:24:47.326 D PARKDIAG/Coord: ─ loc#56 lat=36.597145 lon=-6.22514 speed=1.4890914m/s acc=3.4m sessionAge=288835ms
08-26 20:24:47.328 D PARKDIAG/Coord:   state hasEverMoved=true hasEverReachedDrivingSpeed=true userConfirmed=false vehicleExit=false stoppedSince=null stoppedDur=0ms phase=Idle
08-26 20:24:47.331 D PARKDIAG/Coord:   ⚖ scoring=NotYet (signals: speed=1.4890914 stopped=0ms accuracy=3.4 exit=false)
08-26 20:24:52.240 D PARKDIAG/Coord: ─ loc#57 lat=36.5971367 lon=-6.2250933 speed=0.0m/s acc=3.6m sessionAge=293749ms
08-26 20:24:52.242 D PARKDIAG/Coord:   state hasEverMoved=true hasEverReachedDrivingSpeed=true userConfirmed=false vehicleExit=false stoppedSince=1787768692240 stoppedDur=0ms phase=Idle
08-26 20:24:52.244 D PARKDIAG/Coord:   ⚖ scoring=NotYet (signals: speed=0.0 stopped=0ms accuracy=3.6 exit=false)
08-26 20:24:57.263 D PARKDIAG/Coord: ─ loc#58 lat=36.59708 lon=-6.225025 speed=1.2590106m/s acc=3.4m sessionAge=298771ms
08-26 20:24:57.264 D PARKDIAG/Coord:   state hasEverMoved=true hasEverReachedDrivingSpeed=true userConfirmed=false vehicleExit=false stoppedSince=null stoppedDur=0ms phase=Idle
08-26 20:24:57.265 D PARKDIAG/Coord:   ⚖ scoring=NotYet (signals: speed=1.2590106 stopped=0ms accuracy=3.4 exit=false)
08-26 20:25:02.250 D PARKDIAG/Coord: ─ loc#59 lat=36.5970367 lon=-6.2250267 speed=0.8966461m/s acc=3.1m sessionAge=303759ms
08-26 20:25:02.251 D PARKDIAG/Coord:   state hasEverMoved=true hasEverReachedDrivingSpeed=true userConfirmed=false vehicleExit=false stoppedSince=1787768702250 stoppedDur=0ms phase=Idle
08-26 20:25:02.252 D PARKDIAG/Coord:   ⚖ scoring=NotYet (signals: speed=0.8966461 stopped=0ms accuracy=3.1 exit=false)
08-26 20:25:07.230 D PARKDIAG/Coord: ─ loc#60 lat=36.5970183 lon=-6.225005 speed=0.55075276m/s acc=2.9m sessionAge=308739ms
08-26 20:25:07.231 D PARKDIAG/Coord:   state hasEverMoved=true hasEverReachedDrivingSpeed=true userConfirmed=false vehicleExit=false stoppedSince=1787768702250 stoppedDur=4980ms phase=Idle
08-26 20:25:07.232 D PARKDIAG/Coord:   ⚖ scoring=NotYet (signals: speed=0.55075276 stopped=4980ms accuracy=2.9 exit=false)
08-26 20:25:12.220 D PARKDIAG/Coord: ─ loc#61 lat=36.596965 lon=-6.2250833 speed=0.4030275m/s acc=2.55m sessionAge=313728ms
08-26 20:25:12.222 D PARKDIAG/Coord:   state hasEverMoved=true hasEverReachedDrivingSpeed=true userConfirmed=false vehicleExit=false stoppedSince=1787768702250 stoppedDur=9969ms phase=Idle
08-26 20:25:12.225 D PARKDIAG/Coord:   ⚖ scoring=NotYet (signals: speed=0.4030275 stopped=9969ms accuracy=2.55 exit=false)
08-26 20:25:17.282 D PARKDIAG/Coord: ─ loc#62 lat=36.5969533 lon=-6.22511 speed=0.0m/s acc=2.2m sessionAge=318791ms
08-26 20:25:17.284 D PARKDIAG/Coord:   state hasEverMoved=true hasEverReachedDrivingSpeed=true userConfirmed=false vehicleExit=false stoppedSince=1787768702250 stoppedDur=15032ms phase=Idle
08-26 20:25:17.286 D PARKDIAG/Coord:   ⚖ scoring=NotYet (signals: speed=0.0 stopped=15032ms accuracy=2.2 exit=false)
08-26 20:25:22.288 D PARKDIAG/Coord: ─ loc#63 lat=36.59694 lon=-6.2250683 speed=0.0m/s acc=2.05m sessionAge=323796ms
08-26 20:25:22.292 D PARKDIAG/Coord:   state hasEverMoved=true hasEverReachedDrivingSpeed=true userConfirmed=false vehicleExit=false stoppedSince=1787768702250 stoppedDur=20037ms phase=Idle
08-26 20:25:22.295 D PARKDIAG/Coord:   ⚖ scoring=NotYet (signals: speed=0.0 stopped=20037ms accuracy=2.05 exit=false)
08-26 20:25:27.315 D PARKDIAG/Coord: ─ loc#64 lat=36.596945 lon=-6.2250583 speed=0.0m/s acc=2.0m sessionAge=328822ms
08-26 20:25:27.320 D PARKDIAG/Coord:   state hasEverMoved=true hasEverReachedDrivingSpeed=true userConfirmed=false vehicleExit=false stoppedSince=1787768702250 stoppedDur=25063ms phase=Idle
08-26 20:25:27.323 D PARKDIAG/Coord:   ⚖ scoring=NotYet (signals: speed=0.0 stopped=25063ms accuracy=2.0 exit=false)
08-26 20:25:32.284 D PARKDIAG/Coord: ─ loc#65 lat=36.59698 lon=-6.22502 speed=0.0m/s acc=2.0m sessionAge=333792ms
08-26 20:25:32.289 D PARKDIAG/Coord:   state hasEverMoved=true hasEverReachedDrivingSpeed=true userConfirmed=false vehicleExit=false stoppedSince=1787768702250 stoppedDur=30033ms phase=Idle
08-26 20:25:32.294 D PARKDIAG/Coord:   ⚖ scoring=NotYet (signals: speed=0.0 stopped=30033ms accuracy=2.0 exit=false)
08-26 20:25:37.282 D PARKDIAG/Coord: ─ loc#66 lat=36.596995 lon=-6.2249983 speed=0.0m/s acc=1.95m sessionAge=338790ms
08-26 20:25:37.286 D PARKDIAG/Coord:   state hasEverMoved=true hasEverReachedDrivingSpeed=true userConfirmed=false vehicleExit=false stoppedSince=1787768702250 stoppedDur=35031ms phase=Idle
08-26 20:25:37.289 D PARKDIAG/Coord:   ⚖ scoring=NotYet (signals: speed=0.0 stopped=35031ms accuracy=1.95 exit=false)
08-26 20:25:42.242 D PARKDIAG/Coord: ─ loc#67 lat=36.596995 lon=-6.2249983 speed=0.0m/s acc=1.85m sessionAge=343746ms
08-26 20:25:42.245 D PARKDIAG/Coord:   state hasEverMoved=true hasEverReachedDrivingSpeed=true userConfirmed=false vehicleExit=false stoppedSince=1787768702250 stoppedDur=39987ms phase=Idle
08-26 20:25:42.248 D PARKDIAG/Coord:   ⚖ scoring=NotYet (signals: speed=0.0 stopped=39987ms accuracy=1.85 exit=false)
08-26 20:25:47.239 D PARKDIAG/Coord: ─ loc#68 lat=36.5969617 lon=-6.2249567 speed=0.5661944m/s acc=1.75m sessionAge=348748ms
08-26 20:25:47.243 D PARKDIAG/Coord:   state hasEverMoved=true hasEverReachedDrivingSpeed=true userConfirmed=false vehicleExit=false stoppedSince=1787768702250 stoppedDur=44989ms phase=Idle
08-26 20:25:47.245 D PARKDIAG/Coord:   ⚖ scoring=NotYet (signals: speed=0.5661944 stopped=44989ms accuracy=1.75 exit=false)
08-26 20:25:52.256 D PARKDIAG/Coord: ─ loc#69 lat=36.59702 lon=-6.2248183 speed=1.7037306m/s acc=1.9m sessionAge=353764ms
08-26 20:25:52.260 D PARKDIAG/Coord:   state hasEverMoved=true hasEverReachedDrivingSpeed=true userConfirmed=false vehicleExit=false stoppedSince=null stoppedDur=0ms phase=Idle
08-26 20:25:52.263 D PARKDIAG/Coord:   ⚖ scoring=NotYet (signals: speed=1.7037306 stopped=0ms accuracy=1.9 exit=false)
08-26 20:25:57.304 D PARKDIAG/Coord: ─ loc#70 lat=36.5972 lon=-6.2246233 speed=3.8351953m/s acc=2.15m sessionAge=358812ms
08-26 20:25:57.307 D PARKDIAG/Coord:   ⤳ mute ambiguous fix corroborated as CAR by displacement (speed=3.8351953 acc=2.15) [DET-CREDIBLE-DRIVE-001]
08-26 20:25:57.310 D PARKDIAG/Coord:   🔒 anchor FROZEN (end-of-drive stop) — ignoring walking-range speed 3.8351953 m/s (< 5.0) [ANCHOR-LOCK-001][DET-ANCHOR-FREEZE-001]
08-26 20:25:57.312 D PARKDIAG/Coord:   state hasEverMoved=true hasEverReachedDrivingSpeed=true userConfirmed=false vehicleExit=false stoppedSince=null stoppedDur=0ms phase=Idle
08-26 20:25:57.315 D PARKDIAG/Coord:   ⚖ scoring=NotYet (signals: speed=3.8351953 stopped=0ms accuracy=2.15 exit=false)
08-26 20:26:02.283 D PARKDIAG/Coord: ─ loc#71 lat=36.5973617 lon=-6.2244567 speed=4.9449363m/s acc=2.4m sessionAge=363792ms
08-26 20:26:02.289 D PARKDIAG/Coord:   ⤳ mute ambiguous fix corroborated as CAR by displacement (speed=4.9449363 acc=2.4) [DET-CREDIBLE-DRIVE-001]
08-26 20:26:02.290 D PARKDIAG/Coord:   🔒 anchor FROZEN (end-of-drive stop) — ignoring walking-range speed 4.9449363 m/s (< 5.0) [ANCHOR-LOCK-001][DET-ANCHOR-FREEZE-001]
08-26 20:26:02.292 D PARKDIAG/Coord:   state hasEverMoved=true hasEverReachedDrivingSpeed=true userConfirmed=false vehicleExit=false stoppedSince=null stoppedDur=0ms phase=Idle
08-26 20:26:02.293 D PARKDIAG/Coord:   ⚖ scoring=NotYet (signals: speed=4.9449363 stopped=0ms accuracy=2.4 exit=false)
08-26 20:26:07.233 D PARKDIAG/Coord: ─ loc#72 lat=36.5974367 lon=-6.224405 speed=0.80039304m/s acc=2.45m sessionAge=368741ms
08-26 20:26:07.235 D PARKDIAG/Coord:   state hasEverMoved=true hasEverReachedDrivingSpeed=true userConfirmed=false vehicleExit=false stoppedSince=1787768767232 stoppedDur=0ms phase=Idle
08-26 20:26:07.239 D PARKDIAG/Coord:   ⚖ scoring=NotYet (signals: speed=0.80039304 stopped=0ms accuracy=2.45 exit=false)
08-26 20:26:12.291 D PARKDIAG/Coord: ─ loc#73 lat=36.59752 lon=-6.2243267 speed=3.2293673m/s acc=2.2m sessionAge=373800ms
08-26 20:26:12.293 D PARKDIAG/Coord:   🔒 anchor FROZEN (end-of-drive stop) — ignoring walking-range speed 3.2293673 m/s (< 5.0) [ANCHOR-LOCK-001][DET-ANCHOR-FREEZE-001]
08-26 20:26:12.294 D PARKDIAG/Coord:   state hasEverMoved=true hasEverReachedDrivingSpeed=true userConfirmed=false vehicleExit=false stoppedSince=null stoppedDur=0ms phase=Idle
08-26 20:26:12.296 D PARKDIAG/Coord:   ⊘ steps+egress fast confirm gated (Rejected) — anchorSet=true, falling to scoring
08-26 20:26:12.297 D PARKDIAG/Coord:   ⚖ scoring=NotYet (signals: speed=3.2293673 stopped=0ms accuracy=2.2 exit=false)
08-26 20:26:17.297 D PARKDIAG/Coord: ─ loc#74 lat=36.59761 lon=-6.2243267 speed=1.5930653m/s acc=2.05m sessionAge=378805ms
08-26 20:26:17.307 D PARKDIAG/Coord:   state hasEverMoved=true hasEverReachedDrivingSpeed=true userConfirmed=false vehicleExit=false stoppedSince=null stoppedDur=0ms phase=Idle
08-26 20:26:17.310 D PARKDIAG/Coord:   ▶ kinematic+egress (steps=0 kinematicFixes=7) → fast confirm, skipping slow path [DET-D-03][DET-KINEMATIC-EGRESS-001]
08-26 20:26:17.313 D PARKDIAG/Coord:   ⏸ tentative confirm (kinematic+egress) — holding 120000ms to rule out an errand stop [DET-C-02]
08-26 20:26:22.329 D PARKDIAG/Coord: ─ loc#75 lat=36.597655 lon=-6.2243467 speed=1.2178328m/s acc=1.9m sessionAge=383838ms
08-26 20:26:22.332 D PARKDIAG/Coord:   state hasEverMoved=true hasEverReachedDrivingSpeed=true userConfirmed=false vehicleExit=false stoppedSince=null stoppedDur=0ms phase=Idle
08-26 20:26:27.329 D PARKDIAG/Coord: ─ loc#76 lat=36.5978733 lon=-6.22432 speed=2.8124423m/s acc=2.1m sessionAge=388837ms
08-26 20:26:27.332 D PARKDIAG/Coord:   ⚓⤒ anchor UNPINNED — 4 stepless moving fixes beyond the anchor envelope with a LIVE counter silent → CAR creep, re-anchoring at the next stop [DET-CONFIRM-FRESHNESS-001]
08-26 20:26:27.334 D PARKDIAG/Coord:   ⤳ mute ambiguous fix corroborated as CAR by displacement (speed=2.8124423 acc=2.1) [DET-CREDIBLE-DRIVE-001]
08-26 20:26:27.335 D PARKDIAG/Coord:   🔒 anchor FROZEN (end-of-drive stop) — ignoring walking-range speed 2.8124423 m/s (< 5.0) [ANCHOR-LOCK-001][DET-ANCHOR-FREEZE-001]
08-26 20:26:27.337 D PARKDIAG/Coord:   state hasEverMoved=true hasEverReachedDrivingSpeed=true userConfirmed=false vehicleExit=false stoppedSince=null stoppedDur=0ms phase=Idle
08-26 20:26:27.340 D PARKDIAG/Coord:   ↩ tentative confirm DISCARDED — drove off 10032ms into the hold (errand), re-anchoring [DET-C-02]
08-26 20:26:27.342 D PARKDIAG/Coord:   ⚖ scoring=NotYet (signals: speed=2.8124423 stopped=0ms accuracy=2.1 exit=false)
08-26 20:26:32.329 D PARKDIAG/Coord: ─ loc#77 lat=36.5981417 lon=-6.2241267 speed=5.5106163m/s acc=2.55m sessionAge=393838ms
08-26 20:26:32.332 D PARKDIAG/Coord:   state hasEverMoved=true hasEverReachedDrivingSpeed=true userConfirmed=false vehicleExit=false stoppedSince=null stoppedDur=0ms phase=Idle
08-26 20:26:32.335 D PARKDIAG/Coord:   ⚖ scoring=NotYet (signals: speed=5.5106163 stopped=0ms accuracy=2.55 exit=false)
08-26 20:26:32.383 D PARKDIAG/Coord: ─ loc#78 lat=36.5981417 lon=-6.2241267 speed=5.5106163m/s acc=2.55m sessionAge=393892ms
08-26 20:26:32.388 D PARKDIAG/Coord:   state hasEverMoved=true hasEverReachedDrivingSpeed=true userConfirmed=false vehicleExit=false stoppedSince=null stoppedDur=0ms phase=Idle
08-26 20:26:32.391 D PARKDIAG/Coord:   ⚖ scoring=NotYet (signals: speed=5.5106163 stopped=0ms accuracy=2.55 exit=false)
08-26 20:26:52.843 D PARKDIAG/Coord: ─ loc#79 lat=36.599155 lon=-6.2233033 speed=6.094311m/s acc=8.3m sessionAge=414351ms
08-26 20:26:52.848 D PARKDIAG/Coord:   state hasEverMoved=true hasEverReachedDrivingSpeed=true userConfirmed=false vehicleExit=false stoppedSince=null stoppedDur=0ms phase=Idle
08-26 20:26:52.856 D PARKDIAG/Coord:   ⚖ scoring=NotYet (signals: speed=6.094311 stopped=0ms accuracy=8.3 exit=false)
08-26 20:27:18.272 D PARKDIAG/Coord: ─ loc#80 lat=36.5998017 lon=-6.22217 speed=0.63156414m/s acc=7.8m sessionAge=439781ms
08-26 20:27:18.273 D PARKDIAG/Coord:   state hasEverMoved=true hasEverReachedDrivingSpeed=true userConfirmed=false vehicleExit=false stoppedSince=1787768838272 stoppedDur=0ms phase=Idle
08-26 20:27:18.275 D PARKDIAG/Coord:   ⚖ scoring=NotYet (signals: speed=0.63156414 stopped=0ms accuracy=7.8 exit=false)
08-26 20:27:18.314 D PARKDIAG/Coord: ─ loc#81 lat=36.5998017 lon=-6.22217 speed=0.63156414m/s acc=7.8m sessionAge=439823ms
08-26 20:27:18.316 D PARKDIAG/Coord:   state hasEverMoved=true hasEverReachedDrivingSpeed=true userConfirmed=false vehicleExit=false stoppedSince=1787768838272 stoppedDur=42ms phase=Idle
08-26 20:27:18.318 D PARKDIAG/Coord:   ⚖ scoring=NotYet (signals: speed=0.63156414 stopped=42ms accuracy=7.8 exit=false)
08-26 20:27:21.305 D PARKDIAG/Coord: ─ loc#82 lat=36.6000283 lon=-6.2221383 speed=0.47766224m/s acc=4.95m sessionAge=442813ms
08-26 20:27:21.306 D PARKDIAG/Coord:   ⚓✗ stop REFUTED by its own track — 25m from the stop origin in 2s while reporting 0.47766224 m/s (envelopes 7.8+4.95m); the car was still moving — not evidence of rest [DET-STOP-MUST-BE-STILL-IN-SPACE-001]
08-26 20:27:21.307 D PARKDIAG/Coord:   state hasEverMoved=true hasEverReachedDrivingSpeed=true userConfirmed=false vehicleExit=false stoppedSince=1787768838272 stoppedDur=3032ms phase=Idle
08-26 20:27:21.308 D PARKDIAG/Coord:   ⚖ scoring=NotYet (signals: speed=0.47766224 stopped=3032ms accuracy=4.95 exit=false)
08-26 20:27:26.280 D PARKDIAG/Coord: ─ loc#83 lat=36.6001967 lon=-6.2220617 speed=7.1036816m/s acc=2.4m sessionAge=447789ms
08-26 20:27:26.281 D PARKDIAG/Coord:   state hasEverMoved=true hasEverReachedDrivingSpeed=true userConfirmed=false vehicleExit=false stoppedSince=null stoppedDur=0ms phase=Idle
08-26 20:27:26.283 D PARKDIAG/Coord:   ⚖ scoring=NotYet (signals: speed=7.1036816 stopped=0ms accuracy=2.4 exit=false)
08-26 20:27:26.318 D PARKDIAG/Coord: ─ loc#84 lat=36.6001967 lon=-6.2220617 speed=7.1036816m/s acc=2.4m sessionAge=447827ms
08-26 20:27:26.320 D PARKDIAG/Coord:   state hasEverMoved=true hasEverReachedDrivingSpeed=true userConfirmed=false vehicleExit=false stoppedSince=null stoppedDur=0ms phase=Idle
08-26 20:27:26.321 D PARKDIAG/Coord:   ⚖ scoring=NotYet (signals: speed=7.1036816 stopped=0ms accuracy=2.4 exit=false)
08-26 20:27:47.434 D PARKDIAG/Coord: ─ loc#85 lat=36.6013367 lon=-6.221405 speed=2.7928827m/s acc=12.2m sessionAge=468943ms
08-26 20:27:47.439 D PARKDIAG/Coord:   ⤳ mute ambiguous fix corroborated as CAR by displacement (speed=2.7928827 acc=12.2) [DET-CREDIBLE-DRIVE-001]
08-26 20:27:47.443 D PARKDIAG/Coord:   state hasEverMoved=true hasEverReachedDrivingSpeed=true userConfirmed=false vehicleExit=false stoppedSince=null stoppedDur=0ms phase=Idle
08-26 20:27:47.446 D PARKDIAG/Coord:   ⚖ scoring=NotYet (signals: speed=2.7928827 stopped=0ms accuracy=12.2 exit=false)
08-26 20:27:47.493 D PARKDIAG/Coord: ─ loc#86 lat=36.6013367 lon=-6.221405 speed=2.7928827m/s acc=12.2m sessionAge=469001ms
08-26 20:27:47.496 D PARKDIAG/Coord:   ⟲ reposition-burst detected (consecutive=4 speed=2.7928827 acc=12.2) — clearing bestStopLocation [PARKING-001]
08-26 20:27:47.499 D PARKDIAG/Coord:   state hasEverMoved=true hasEverReachedDrivingSpeed=true userConfirmed=false vehicleExit=false stoppedSince=null stoppedDur=0ms phase=Idle
08-26 20:27:47.501 D PARKDIAG/Coord:   ⚖ scoring=NotYet (signals: speed=2.7928827 stopped=0ms accuracy=12.2 exit=false)
08-26 20:27:50.264 D PARKDIAG/Coord: ─ loc#87 lat=36.6018133 lon=-6.2206383 speed=10.69284m/s acc=7.2m sessionAge=471773ms
08-26 20:27:50.266 D PARKDIAG/Coord:   state hasEverMoved=true hasEverReachedDrivingSpeed=true userConfirmed=false vehicleExit=false stoppedSince=null stoppedDur=0ms phase=Idle
08-26 20:27:50.268 D PARKDIAG/Coord:   ⚖ scoring=NotYet (signals: speed=10.69284 stopped=0ms accuracy=7.2 exit=false)
08-26 20:27:50.309 D PARKDIAG/Coord: ─ loc#88 lat=36.6018133 lon=-6.2206383 speed=10.69284m/s acc=7.2m sessionAge=471818ms
08-26 20:27:50.311 D PARKDIAG/Coord:   state hasEverMoved=true hasEverReachedDrivingSpeed=true userConfirmed=false vehicleExit=false stoppedSince=null stoppedDur=0ms phase=Idle
08-26 20:27:50.312 D PARKDIAG/Coord:   ⚖ scoring=NotYet (signals: speed=10.69284 stopped=0ms accuracy=7.2 exit=false)
08-26 20:28:07.970 D PARKDIAG/Coord: ─ loc#89 lat=36.6021633 lon=-6.2195133 speed=0.0m/s acc=4.9m sessionAge=489478ms
08-26 20:28:07.971 D PARKDIAG/Coord:   state hasEverMoved=true hasEverReachedDrivingSpeed=true userConfirmed=false vehicleExit=false stoppedSince=1787768887969 stoppedDur=0ms phase=Idle
08-26 20:28:07.972 D PARKDIAG/Coord:   ⚖ scoring=NotYet (signals: speed=0.0 stopped=0ms accuracy=4.9 exit=false)
08-26 20:28:08.005 D PARKDIAG/Coord: ─ loc#90 lat=36.6021633 lon=-6.2195133 speed=0.0m/s acc=4.9m sessionAge=489513ms
08-26 20:28:08.009 D PARKDIAG/Coord:   state hasEverMoved=true hasEverReachedDrivingSpeed=true userConfirmed=false vehicleExit=false stoppedSince=1787768887969 stoppedDur=35ms phase=Idle
08-26 20:28:08.013 D PARKDIAG/Coord:   ⚖ scoring=NotYet (signals: speed=0.0 stopped=35ms accuracy=4.9 exit=false)
08-26 20:28:10.716 D PARKDIAG/Coord: ─ loc#91 lat=36.6028117 lon=-6.219415 speed=6.895734m/s acc=3.6m sessionAge=492225ms
08-26 20:28:10.718 D PARKDIAG/Coord:   state hasEverMoved=true hasEverReachedDrivingSpeed=true userConfirmed=false vehicleExit=false stoppedSince=null stoppedDur=0ms phase=Idle
08-26 20:28:10.720 D PARKDIAG/Coord:   ⚖ scoring=NotYet (signals: speed=6.895734 stopped=0ms accuracy=3.6 exit=false)
08-26 20:28:10.764 D PARKDIAG/Coord: ─ loc#92 lat=36.6028117 lon=-6.219415 speed=6.895734m/s acc=3.6m sessionAge=492273ms
08-26 20:28:10.766 D PARKDIAG/Coord:   state hasEverMoved=true hasEverReachedDrivingSpeed=true userConfirmed=false vehicleExit=false stoppedSince=null stoppedDur=0ms phase=Idle
08-26 20:28:10.767 D PARKDIAG/Coord:   ⚖ scoring=NotYet (signals: speed=6.895734 stopped=0ms accuracy=3.6 exit=false)
08-26 20:28:27.984 D PARKDIAG/Coord: ─ loc#93 lat=36.6035267 lon=-6.2188 speed=2.0887427m/s acc=10.9m sessionAge=509492ms
08-26 20:28:27.987 D PARKDIAG/Coord:   ⟲ reposition-burst detected (consecutive=3 speed=2.0887427 acc=10.9) — clearing bestStopLocation [PARKING-001]
08-26 20:28:27.989 D PARKDIAG/Coord:   state hasEverMoved=true hasEverReachedDrivingSpeed=true userConfirmed=false vehicleExit=false stoppedSince=null stoppedDur=0ms phase=Idle
08-26 20:28:27.993 D PARKDIAG/Coord:   ⚖ scoring=NotYet (signals: speed=2.0887427 stopped=0ms accuracy=10.9 exit=false)
08-26 20:28:28.015 D PARKDIAG/Coord: ─ loc#94 lat=36.6035267 lon=-6.2188 speed=2.0887427m/s acc=10.9m sessionAge=509523ms
08-26 20:28:28.016 D PARKDIAG/Coord:   ⟲ reposition-burst detected (consecutive=4 speed=2.0887427 acc=10.9) — clearing bestStopLocation [PARKING-001]
08-26 20:28:28.017 D PARKDIAG/Coord:   state hasEverMoved=true hasEverReachedDrivingSpeed=true userConfirmed=false vehicleExit=false stoppedSince=null stoppedDur=0ms phase=Idle
08-26 20:28:28.019 D PARKDIAG/Coord:   ⚖ scoring=NotYet (signals: speed=2.0887427 stopped=0ms accuracy=10.9 exit=false)
08-26 20:28:30.765 D PARKDIAG/Coord: ─ loc#95 lat=36.6036667 lon=-6.2188167 speed=1.77888m/s acc=6.85m sessionAge=512274ms
08-26 20:28:30.767 D PARKDIAG/Coord:   ⟲ reposition-burst detected (consecutive=5 speed=1.77888 acc=6.85) — clearing bestStopLocation [PARKING-001]
08-26 20:28:30.768 D PARKDIAG/Coord:   state hasEverMoved=true hasEverReachedDrivingSpeed=true userConfirmed=false vehicleExit=false stoppedSince=null stoppedDur=0ms phase=Idle
08-26 20:28:30.769 D PARKDIAG/Coord:   ⚖ scoring=NotYet (signals: speed=1.77888 stopped=0ms accuracy=6.85 exit=false)
08-26 20:28:35.285 D PARKDIAG/Coord: ─ loc#96 lat=36.6037917 lon=-6.2188033 speed=4.152779m/s acc=2.45m sessionAge=516794ms
08-26 20:28:35.287 D PARKDIAG/Coord:   ⟲ reposition-burst detected (consecutive=6 speed=4.152779 acc=2.45) — clearing bestStopLocation [PARKING-001]
08-26 20:28:35.288 D PARKDIAG/Coord:   state hasEverMoved=true hasEverReachedDrivingSpeed=true userConfirmed=false vehicleExit=false stoppedSince=null stoppedDur=0ms phase=Idle
08-26 20:28:35.289 D PARKDIAG/Coord:   ⚖ scoring=NotYet (signals: speed=4.152779 stopped=0ms accuracy=2.45 exit=false)
08-26 20:28:37.243 D PARKDIAG/Coord: ─ loc#97 lat=36.603875 lon=-6.2187867 speed=4.2814593m/s acc=2.1m sessionAge=518752ms
08-26 20:28:37.244 D PARKDIAG/Coord:   ⟲ reposition-burst detected (consecutive=7 speed=4.2814593 acc=2.1) — clearing bestStopLocation [PARKING-001]
08-26 20:28:37.246 D PARKDIAG/Coord:   state hasEverMoved=true hasEverReachedDrivingSpeed=true userConfirmed=false vehicleExit=false stoppedSince=null stoppedDur=0ms phase=Idle
08-26 20:28:37.247 D PARKDIAG/Coord:   ⚖ scoring=NotYet (signals: speed=4.2814593 stopped=0ms accuracy=2.1 exit=false)
08-26 20:28:41.785 D PARKDIAG/Coord: ─ loc#98 lat=36.603875 lon=-6.2187867 speed=0.0m/s acc=168.9m sessionAge=523294ms
08-26 20:28:41.787 D PARKDIAG/Coord:   state hasEverMoved=true hasEverReachedDrivingSpeed=true userConfirmed=false vehicleExit=false stoppedSince=1787768921785 stoppedDur=0ms phase=Idle
08-26 20:28:41.788 D PARKDIAG/Coord:   ⚖ scoring=NotYet (signals: speed=0.0 stopped=0ms accuracy=168.9 exit=false)
08-26 20:28:47.331 D PARKDIAG/Coord: ─ loc#99 lat=36.604225 lon=-6.218635 speed=4.174912m/s acc=1.9m sessionAge=528839ms
08-26 20:28:47.333 D PARKDIAG/Coord:   ♟ anchor HELD — steps=0 cover the displacement (speed=4.174912 m/s ambiguous band) [DET-AR-FIRST-001]
08-26 20:28:47.335 D PARKDIAG/Coord:   state hasEverMoved=true hasEverReachedDrivingSpeed=true userConfirmed=false vehicleExit=false stoppedSince=null stoppedDur=0ms phase=Idle
08-26 20:28:47.338 D PARKDIAG/Coord:   ⚖ scoring=NotYet (signals: speed=4.174912 stopped=0ms accuracy=1.9 exit=false)
08-26 20:28:52.314 D PARKDIAG/Coord: ─ loc#100 lat=36.6045483 lon=-6.2187117 speed=9.110583m/s acc=1.95m sessionAge=533823ms
08-26 20:28:52.316 D PARKDIAG/Coord:   state hasEverMoved=true hasEverReachedDrivingSpeed=true userConfirmed=false vehicleExit=false stoppedSince=null stoppedDur=0ms phase=Idle
08-26 20:28:52.317 D PARKDIAG/Coord:   ⚖ scoring=NotYet (signals: speed=9.110583 stopped=0ms accuracy=1.95 exit=false)
08-26 20:28:52.367 D PARKDIAG/Coord: ─ loc#101 lat=36.6045483 lon=-6.2187117 speed=9.110583m/s acc=1.95m sessionAge=533876ms
08-26 20:28:52.369 D PARKDIAG/Coord:   state hasEverMoved=true hasEverReachedDrivingSpeed=true userConfirmed=false vehicleExit=false stoppedSince=null stoppedDur=0ms phase=Idle
08-26 20:28:52.370 D PARKDIAG/Coord:   ⚖ scoring=NotYet (signals: speed=9.110583 stopped=0ms accuracy=1.95 exit=false)
08-26 20:29:08.061 D PARKDIAG/Coord: ─ loc#102 lat=36.6056933 lon=-6.2183867 speed=10.547688m/s acc=4.2m sessionAge=549569ms
08-26 20:29:08.065 D PARKDIAG/Coord:   state hasEverMoved=true hasEverReachedDrivingSpeed=true userConfirmed=false vehicleExit=false stoppedSince=null stoppedDur=0ms phase=Idle
08-26 20:29:08.067 D PARKDIAG/Coord:   ⚖ scoring=NotYet (signals: speed=10.547688 stopped=0ms accuracy=4.2 exit=false)
08-26 20:29:27.467 D PARKDIAG/Coord: ─ loc#103 lat=36.605085 lon=-6.21867 speed=0.0m/s acc=327.62m sessionAge=568976ms
08-26 20:29:27.470 D PARKDIAG/Coord:   state hasEverMoved=true hasEverReachedDrivingSpeed=true userConfirmed=false vehicleExit=false stoppedSince=1787768967467 stoppedDur=0ms phase=Idle
08-26 20:29:27.471 D PARKDIAG/Coord:   ⚖ scoring=NotYet (signals: speed=0.0 stopped=0ms accuracy=327.62 exit=false)
08-26 20:29:30.323 D PARKDIAG/Coord: ─ loc#104 lat=36.6062167 lon=-6.218295 speed=1.3562931m/s acc=2.3m sessionAge=571832ms
08-26 20:29:30.326 D PARKDIAG/Coord:   state hasEverMoved=true hasEverReachedDrivingSpeed=true userConfirmed=false vehicleExit=false stoppedSince=null stoppedDur=0ms phase=Idle
08-26 20:29:30.329 D PARKDIAG/Coord:   ⚖ scoring=NotYet (signals: speed=1.3562931 stopped=0ms accuracy=2.3 exit=false)
08-26 20:29:35.289 D PARKDIAG/Coord: ─ loc#105 lat=36.6063533 lon=-6.218305 speed=4.1738825m/s acc=2.15m sessionAge=576798ms
08-26 20:29:35.291 D PARKDIAG/Coord:   ⤳ mute ambiguous fix corroborated as CAR by displacement (speed=4.1738825 acc=2.15) [DET-CREDIBLE-DRIVE-001]
08-26 20:29:35.292 D PARKDIAG/Coord:   ♟ anchor HELD — steps=0 cover the displacement (speed=4.1738825 m/s ambiguous band) [DET-AR-FIRST-001]
08-26 20:29:35.293 D PARKDIAG/Coord:   state hasEverMoved=true hasEverReachedDrivingSpeed=true userConfirmed=false vehicleExit=false stoppedSince=null stoppedDur=0ms phase=Idle
08-26 20:29:35.295 D PARKDIAG/Coord:   ⚖ scoring=NotYet (signals: speed=4.1738825 stopped=0ms accuracy=2.15 exit=false)
08-26 20:29:37.264 D PARKDIAG/Coord: ─ loc#106 lat=36.6064233 lon=-6.218305 speed=4.5022755m/s acc=2.2m sessionAge=578773ms
08-26 20:29:37.266 D PARKDIAG/Coord:   state hasEverMoved=true hasEverReachedDrivingSpeed=true userConfirmed=false vehicleExit=false stoppedSince=null stoppedDur=0ms phase=Idle
08-26 20:29:37.268 D PARKDIAG/Coord:   ⚖ scoring=NotYet (signals: speed=4.5022755 stopped=0ms accuracy=2.2 exit=false)
08-26 20:29:42.280 D PARKDIAG/Coord: ─ loc#107 lat=36.6066017 lon=-6.218325 speed=3.4496684m/s acc=2.45m sessionAge=583789ms
08-26 20:29:42.282 D PARKDIAG/Coord:   ⤳ mute ambiguous fix corroborated as CAR by displacement (speed=3.4496684 acc=2.45) [DET-CREDIBLE-DRIVE-001]
08-26 20:29:42.284 D PARKDIAG/Coord:   state hasEverMoved=true hasEverReachedDrivingSpeed=true userConfirmed=false vehicleExit=false stoppedSince=null stoppedDur=0ms phase=Idle
08-26 20:29:42.286 D PARKDIAG/Coord:   ⚖ scoring=NotYet (signals: speed=3.4496684 stopped=0ms accuracy=2.45 exit=false)
08-26 20:29:47.344 D PARKDIAG/Coord: ─ loc#108 lat=36.6067783 lon=-6.218295 speed=4.043658m/s acc=2.5m sessionAge=588853ms
08-26 20:29:47.347 D PARKDIAG/Coord:   ⤳ mute ambiguous fix corroborated as CAR by displacement (speed=4.043658 acc=2.5) [DET-CREDIBLE-DRIVE-001]
08-26 20:29:47.349 D PARKDIAG/Coord:   state hasEverMoved=true hasEverReachedDrivingSpeed=true userConfirmed=false vehicleExit=false stoppedSince=null stoppedDur=0ms phase=Idle
08-26 20:29:47.351 D PARKDIAG/Coord:   ⚖ scoring=NotYet (signals: speed=4.043658 stopped=0ms accuracy=2.5 exit=false)
08-26 20:29:52.259 D PARKDIAG/Coord: ─ loc#109 lat=36.6069617 lon=-6.218135 speed=4.5588946m/s acc=2.5m sessionAge=593767ms
08-26 20:29:52.260 D PARKDIAG/Coord:   ⤳ mute ambiguous fix corroborated as CAR by displacement (speed=4.5588946 acc=2.5) [DET-CREDIBLE-DRIVE-001]
08-26 20:29:52.260 D PARKDIAG/Coord:   state hasEverMoved=true hasEverReachedDrivingSpeed=true userConfirmed=false vehicleExit=false stoppedSince=null stoppedDur=0ms phase=Idle
08-26 20:29:52.262 D PARKDIAG/Coord:   ⚖ scoring=NotYet (signals: speed=4.5588946 stopped=0ms accuracy=2.5 exit=false)
08-26 20:29:57.341 D PARKDIAG/Coord: ─ loc#110 lat=36.6071033 lon=-6.2180967 speed=4.004539m/s acc=2.5m sessionAge=598850ms
08-26 20:29:57.344 D PARKDIAG/Coord:   ⤳ mute ambiguous fix corroborated as CAR by displacement (speed=4.004539 acc=2.5) [DET-CREDIBLE-DRIVE-001]
08-26 20:29:57.346 D PARKDIAG/Coord:   state hasEverMoved=true hasEverReachedDrivingSpeed=true userConfirmed=false vehicleExit=false stoppedSince=null stoppedDur=0ms phase=Idle
08-26 20:29:57.348 D PARKDIAG/Coord:   ⚖ scoring=NotYet (signals: speed=4.004539 stopped=0ms accuracy=2.5 exit=false)
08-26 20:30:02.308 D PARKDIAG/Coord: ─ loc#111 lat=36.6072783 lon=-6.21816 speed=3.5737164m/s acc=2.3m sessionAge=603816ms
08-26 20:30:02.310 D PARKDIAG/Coord:   ⤳ mute ambiguous fix corroborated as CAR by displacement (speed=3.5737164 acc=2.3) [DET-CREDIBLE-DRIVE-001]
08-26 20:30:02.311 D PARKDIAG/Coord:   state hasEverMoved=true hasEverReachedDrivingSpeed=true userConfirmed=false vehicleExit=false stoppedSince=null stoppedDur=0ms phase=Idle
08-26 20:30:02.312 D PARKDIAG/Coord:   ⚖ scoring=NotYet (signals: speed=3.5737164 stopped=0ms accuracy=2.3 exit=false)
08-26 20:30:07.328 D PARKDIAG/Coord: ─ loc#112 lat=36.6073667 lon=-6.2181567 speed=2.6564815m/s acc=1.9m sessionAge=608836ms
08-26 20:30:07.332 D PARKDIAG/Coord:   ⟲ reposition-burst detected (consecutive=8 speed=2.6564815 acc=1.9) — clearing bestStopLocation [PARKING-001]
08-26 20:30:07.336 D PARKDIAG/Coord:   state hasEverMoved=true hasEverReachedDrivingSpeed=true userConfirmed=false vehicleExit=false stoppedSince=null stoppedDur=0ms phase=Idle
08-26 20:30:07.338 D PARKDIAG/Coord:   ⚖ scoring=NotYet (signals: speed=2.6564815 stopped=0ms accuracy=1.9 exit=false)
08-26 20:30:12.326 D PARKDIAG/Coord: ─ loc#113 lat=36.6073783 lon=-6.21816 speed=0.9120878m/s acc=1.65m sessionAge=613835ms
08-26 20:30:12.330 D PARKDIAG/Coord:   state hasEverMoved=true hasEverReachedDrivingSpeed=true userConfirmed=false vehicleExit=false stoppedSince=1787769012326 stoppedDur=0ms phase=Idle
08-26 20:30:12.333 D PARKDIAG/Coord:   ⚖ scoring=NotYet (signals: speed=0.9120878 stopped=0ms accuracy=1.65 exit=false)
08-26 20:30:17.241 D PARKDIAG/Coord: ─ loc#114 lat=36.6073817 lon=-6.2181617 speed=0.0m/s acc=1.55m sessionAge=618750ms
08-26 20:30:17.243 D PARKDIAG/Coord:   state hasEverMoved=true hasEverReachedDrivingSpeed=true userConfirmed=false vehicleExit=false stoppedSince=1787769012326 stoppedDur=4915ms phase=Idle
08-26 20:30:17.244 D PARKDIAG/Coord:   ⚖ scoring=NotYet (signals: speed=0.0 stopped=4915ms accuracy=1.55 exit=false)
08-26 20:30:22.258 D PARKDIAG/Coord: ─ loc#115 lat=36.60758 lon=-6.2180517 speed=6.8236723m/s acc=1.65m sessionAge=623766ms
08-26 20:30:22.260 D PARKDIAG/Coord:   state hasEverMoved=true hasEverReachedDrivingSpeed=true userConfirmed=false vehicleExit=false stoppedSince=null stoppedDur=0ms phase=Idle
08-26 20:30:22.263 D PARKDIAG/Coord:   ⚖ scoring=NotYet (signals: speed=6.8236723 stopped=0ms accuracy=1.65 exit=false)
08-26 20:30:22.285 D PARKDIAG/Coord: ─ loc#116 lat=36.60758 lon=-6.2180517 speed=6.8236723m/s acc=1.65m sessionAge=623793ms
08-26 20:30:22.288 D PARKDIAG/Coord:   state hasEverMoved=true hasEverReachedDrivingSpeed=true userConfirmed=false vehicleExit=false stoppedSince=null stoppedDur=0ms phase=Idle
08-26 20:30:22.295 D PARKDIAG/Coord:   ⚖ scoring=NotYet (signals: speed=6.8236723 stopped=0ms accuracy=1.65 exit=false)
08-26 20:30:38.190 D PARKDIAG/Coord: ─ loc#117 lat=36.608265 lon=-6.2180133 speed=3.0471556m/s acc=6.7m sessionAge=639699ms
08-26 20:30:38.192 D PARKDIAG/Coord:   ⤳ mute ambiguous fix corroborated as CAR by displacement (speed=3.0471556 acc=6.7) [DET-CREDIBLE-DRIVE-001]
08-26 20:30:38.193 D PARKDIAG/Coord:   state hasEverMoved=true hasEverReachedDrivingSpeed=true userConfirmed=false vehicleExit=false stoppedSince=null stoppedDur=0ms phase=Idle
08-26 20:30:38.195 D PARKDIAG/Coord:   ⚖ scoring=NotYet (signals: speed=3.0471556 stopped=0ms accuracy=6.7 exit=false)
08-26 20:30:58.443 D PARKDIAG/Coord: ─ loc#118 lat=36.6095833 lon=-6.2161983 speed=3.6159236m/s acc=4.5m sessionAge=659951ms
08-26 20:30:58.446 D PARKDIAG/Coord:   ⤳ mute ambiguous fix corroborated as CAR by displacement (speed=3.6159236 acc=4.5) [DET-CREDIBLE-DRIVE-001]
08-26 20:30:58.450 D PARKDIAG/Coord:   state hasEverMoved=true hasEverReachedDrivingSpeed=true userConfirmed=false vehicleExit=false stoppedSince=null stoppedDur=0ms phase=Idle
08-26 20:30:58.453 D PARKDIAG/Coord:   ⚖ scoring=NotYet (signals: speed=3.6159236 stopped=0ms accuracy=4.5 exit=false)
08-26 20:31:18.377 D PARKDIAG/Coord: ─ loc#119 lat=36.6095933 lon=-6.21619 speed=0.0m/s acc=5.0m sessionAge=679886ms
08-26 20:31:18.386 D PARKDIAG/Coord:   state hasEverMoved=true hasEverReachedDrivingSpeed=true userConfirmed=false vehicleExit=false stoppedSince=1787769078377 stoppedDur=0ms phase=Idle
08-26 20:31:18.386 D PARKDIAG/Coord:   ⚖ scoring=NotYet (signals: speed=0.0 stopped=0ms accuracy=5.0 exit=false)
08-26 20:31:18.412 D PARKDIAG/Coord: ─ loc#120 lat=36.6095933 lon=-6.21619 speed=0.0m/s acc=5.0m sessionAge=679921ms
08-26 20:31:18.413 D PARKDIAG/Coord:   state hasEverMoved=true hasEverReachedDrivingSpeed=true userConfirmed=false vehicleExit=false stoppedSince=1787769078377 stoppedDur=35ms phase=Idle
08-26 20:31:18.414 D PARKDIAG/Coord:   ⚖ scoring=NotYet (signals: speed=0.0 stopped=35ms accuracy=5.0 exit=false)
08-26 20:31:21.198 D PARKDIAG/Coord: ─ loc#121 lat=36.6096383 lon=-6.21619 speed=0.94348586m/s acc=4.75m sessionAge=682706ms
08-26 20:31:21.202 D PARKDIAG/Coord:   state hasEverMoved=true hasEverReachedDrivingSpeed=true userConfirmed=false vehicleExit=false stoppedSince=1787769078377 stoppedDur=2820ms phase=Idle
08-26 20:31:21.204 D PARKDIAG/Coord:   ⚖ scoring=NotYet (signals: speed=0.94348586 stopped=2820ms accuracy=4.75 exit=false)
08-26 20:31:26.262 D PARKDIAG/Coord: ─ loc#122 lat=36.609875 lon=-6.2159533 speed=6.2492423m/s acc=3.5m sessionAge=687771ms
08-26 20:31:26.266 D PARKDIAG/Coord:   state hasEverMoved=true hasEverReachedDrivingSpeed=true userConfirmed=false vehicleExit=false stoppedSince=null stoppedDur=0ms phase=Idle
08-26 20:31:26.269 D PARKDIAG/Coord:   ⚖ scoring=NotYet (signals: speed=6.2492423 stopped=0ms accuracy=3.5 exit=false)
08-26 20:31:26.314 D PARKDIAG/Coord: ─ loc#123 lat=36.609875 lon=-6.2159533 speed=6.2492423m/s acc=3.5m sessionAge=687822ms
08-26 20:31:26.316 D PARKDIAG/Coord:   state hasEverMoved=true hasEverReachedDrivingSpeed=true userConfirmed=false vehicleExit=false stoppedSince=null stoppedDur=0ms phase=Idle
08-26 20:31:26.319 D PARKDIAG/Coord:   ⚖ scoring=NotYet (signals: speed=6.2492423 stopped=0ms accuracy=3.5 exit=false)
08-26 20:31:48.509 D PARKDIAG/Coord: ─ loc#124 lat=36.6117883 lon=-6.214245 speed=3.87277m/s acc=3.4m sessionAge=710017ms
08-26 20:31:48.510 D PARKDIAG/Coord:   ⤳ mute ambiguous fix corroborated as CAR by displacement (speed=3.87277 acc=3.4) [DET-CREDIBLE-DRIVE-001]
08-26 20:31:48.512 D PARKDIAG/Coord:   state hasEverMoved=true hasEverReachedDrivingSpeed=true userConfirmed=false vehicleExit=false stoppedSince=null stoppedDur=0ms phase=Idle
08-26 20:31:48.513 D PARKDIAG/Coord:   ⚖ scoring=NotYet (signals: speed=3.87277 stopped=0ms accuracy=3.4 exit=false)
08-26 20:32:08.494 D PARKDIAG/Coord: ─ loc#125 lat=36.61298 lon=-6.2132767 speed=4.1893244m/s acc=3.5m sessionAge=730003ms
08-26 20:32:08.496 D PARKDIAG/Coord:   ⤳ mute ambiguous fix corroborated as CAR by displacement (speed=4.1893244 acc=3.5) [DET-CREDIBLE-DRIVE-001]
08-26 20:32:08.498 D PARKDIAG/Coord:   state hasEverMoved=true hasEverReachedDrivingSpeed=true userConfirmed=false vehicleExit=false stoppedSince=null stoppedDur=0ms phase=Idle
08-26 20:32:08.500 D PARKDIAG/Coord:   ⚖ scoring=NotYet (signals: speed=4.1893244 stopped=0ms accuracy=3.5 exit=false)
08-26 20:32:28.624 D PARKDIAG/Coord: ─ loc#126 lat=36.613 lon=-6.213235 speed=0.0m/s acc=5.6m sessionAge=750133ms
08-26 20:32:28.626 D PARKDIAG/Coord:   state hasEverMoved=true hasEverReachedDrivingSpeed=true userConfirmed=false vehicleExit=false stoppedSince=1787769148624 stoppedDur=0ms phase=Idle
08-26 20:32:28.628 D PARKDIAG/Coord:   ⚖ scoring=NotYet (signals: speed=0.0 stopped=0ms accuracy=5.6 exit=false)
08-26 20:32:28.682 D PARKDIAG/Coord: ─ loc#127 lat=36.613 lon=-6.213235 speed=0.0m/s acc=5.6m sessionAge=750191ms
08-26 20:32:28.684 D PARKDIAG/Coord:   state hasEverMoved=true hasEverReachedDrivingSpeed=true userConfirmed=false vehicleExit=false stoppedSince=1787769148624 stoppedDur=58ms phase=Idle
08-26 20:32:28.685 D PARKDIAG/Coord:   ⚖ scoring=NotYet (signals: speed=0.0 stopped=58ms accuracy=5.6 exit=false)
08-26 20:32:32.267 D PARKDIAG/Coord: ─ loc#128 lat=36.61424 lon=-6.21221 speed=8.574243m/s acc=4.15m sessionAge=753776ms
08-26 20:32:32.268 D PARKDIAG/Coord:   ⇢ SUSTAINED DEPARTURE — position ran 165 m from the anchor at 45.4 m/s avg — credible drive by displacement [DET-CREDIBLE-DRIVE-001]
08-26 20:32:32.269 D PARKDIAG/Coord:   state hasEverMoved=true hasEverReachedDrivingSpeed=true userConfirmed=false vehicleExit=false stoppedSince=null stoppedDur=0ms phase=Idle
08-26 20:32:32.270 D PARKDIAG/Coord:   ⚖ scoring=NotYet (signals: speed=8.574243 stopped=0ms accuracy=4.15 exit=false)
08-26 20:32:32.301 D PARKDIAG/Coord: ─ loc#129 lat=36.61424 lon=-6.21221 speed=8.574243m/s acc=4.15m sessionAge=753810ms
08-26 20:32:32.304 D PARKDIAG/Coord:   state hasEverMoved=true hasEverReachedDrivingSpeed=true userConfirmed=false vehicleExit=false stoppedSince=null stoppedDur=0ms phase=Idle
08-26 20:32:32.306 D PARKDIAG/Coord:   ⚖ scoring=NotYet (signals: speed=8.574243 stopped=0ms accuracy=4.15 exit=false)
08-26 20:32:48.164 D PARKDIAG/Coord: ─ loc#130 lat=36.6142667 lon=-6.2122033 speed=0.50648665m/s acc=4.3m sessionAge=769673ms
08-26 20:32:48.166 D PARKDIAG/Coord:   state hasEverMoved=true hasEverReachedDrivingSpeed=true userConfirmed=false vehicleExit=false stoppedSince=1787769168164 stoppedDur=0ms phase=Idle
08-26 20:32:48.167 D PARKDIAG/Coord:   ⚖ scoring=NotYet (signals: speed=0.50648665 stopped=0ms accuracy=4.3 exit=false)
08-26 20:32:48.213 D PARKDIAG/Coord: ─ loc#131 lat=36.6142667 lon=-6.2122033 speed=0.50648665m/s acc=4.3m sessionAge=769722ms
08-26 20:32:48.214 D PARKDIAG/Coord:   state hasEverMoved=true hasEverReachedDrivingSpeed=true userConfirmed=false vehicleExit=false stoppedSince=1787769168164 stoppedDur=49ms phase=Idle
08-26 20:32:48.215 D PARKDIAG/Coord:   ⚖ scoring=NotYet (signals: speed=0.50648665 stopped=49ms accuracy=4.3 exit=false)
08-26 20:32:51.243 D PARKDIAG/Coord: ─ loc#132 lat=36.6148067 lon=-6.2120867 speed=3.1392908m/s acc=3.7m sessionAge=772752ms
08-26 20:32:51.245 D PARKDIAG/Coord:   ⤳ mute ambiguous fix corroborated as CAR by displacement (speed=3.1392908 acc=3.7) [DET-CREDIBLE-DRIVE-001]
08-26 20:32:51.246 D PARKDIAG/Coord:   state hasEverMoved=true hasEverReachedDrivingSpeed=true userConfirmed=false vehicleExit=false stoppedSince=null stoppedDur=0ms phase=Idle
08-26 20:32:51.248 D PARKDIAG/Coord:   ⚖ scoring=NotYet (signals: speed=3.1392908 stopped=0ms accuracy=3.7 exit=false)
08-26 20:32:56.259 D PARKDIAG/Coord: ─ loc#133 lat=36.6148667 lon=-6.2121933 speed=1.7104219m/s acc=2.75m sessionAge=777768ms
08-26 20:32:56.261 D PARKDIAG/Coord:   state hasEverMoved=true hasEverReachedDrivingSpeed=true userConfirmed=false vehicleExit=false stoppedSince=null stoppedDur=0ms phase=Idle
08-26 20:32:56.262 D PARKDIAG/Coord:   ⚖ scoring=NotYet (signals: speed=1.7104219 stopped=0ms accuracy=2.75 exit=false)
08-26 20:32:58.302 D PARKDIAG/Coord: ─ loc#134 lat=36.6149083 lon=-6.212235 speed=2.4233122m/s acc=2.3m sessionAge=779811ms
08-26 20:32:58.303 D PARKDIAG/Coord:   ⟲ reposition-burst detected (consecutive=3 speed=2.4233122 acc=2.3) — clearing bestStopLocation [PARKING-001]
08-26 20:32:58.304 D PARKDIAG/Coord:   state hasEverMoved=true hasEverReachedDrivingSpeed=true userConfirmed=false vehicleExit=false stoppedSince=null stoppedDur=0ms phase=Idle
08-26 20:32:58.305 D PARKDIAG/Coord:   ⚖ scoring=NotYet (signals: speed=2.4233122 stopped=0ms accuracy=2.3 exit=false)
08-26 20:33:03.313 D PARKDIAG/Coord: ─ loc#135 lat=36.6150083 lon=-6.21241 speed=5.6356936m/s acc=2.3m sessionAge=784822ms
08-26 20:33:03.316 D PARKDIAG/Coord:   state hasEverMoved=true hasEverReachedDrivingSpeed=true userConfirmed=false vehicleExit=false stoppedSince=null stoppedDur=0ms phase=Idle
08-26 20:33:03.318 D PARKDIAG/Coord:   ⚖ scoring=NotYet (signals: speed=5.6356936 stopped=0ms accuracy=2.3 exit=false)
08-26 20:33:03.362 D PARKDIAG/Coord: ─ loc#136 lat=36.6150083 lon=-6.21241 speed=5.6356936m/s acc=2.3m sessionAge=784871ms
08-26 20:33:03.364 D PARKDIAG/Coord:   state hasEverMoved=true hasEverReachedDrivingSpeed=true userConfirmed=false vehicleExit=false stoppedSince=null stoppedDur=0ms phase=Idle
08-26 20:33:03.365 D PARKDIAG/Coord:   ⚖ scoring=NotYet (signals: speed=5.6356936 stopped=0ms accuracy=2.3 exit=false)
08-26 20:33:18.773 D PARKDIAG/Coord: ─ loc#137 lat=36.615845 lon=-6.214025 speed=17.319887m/s acc=2.8m sessionAge=800282ms
08-26 20:33:18.775 D PARKDIAG/Coord:   state hasEverMoved=true hasEverReachedDrivingSpeed=true userConfirmed=false vehicleExit=false stoppedSince=null stoppedDur=0ms phase=Idle
08-26 20:33:18.777 D PARKDIAG/Coord:   ⚖ scoring=NotYet (signals: speed=17.319887 stopped=0ms accuracy=2.8 exit=false)
08-26 20:33:38.884 D PARKDIAG/Coord: ─ loc#138 lat=36.61669 lon=-6.2178983 speed=15.801457m/s acc=13.5m sessionAge=820392ms
08-26 20:33:38.886 D PARKDIAG/Coord:   state hasEverMoved=true hasEverReachedDrivingSpeed=true userConfirmed=false vehicleExit=false stoppedSince=null stoppedDur=0ms phase=Idle
08-26 20:33:38.887 D PARKDIAG/Coord:   ⚖ scoring=NotYet (signals: speed=15.801457 stopped=0ms accuracy=13.5 exit=false)
08-26 20:33:58.382 D PARKDIAG/Coord: ─ loc#139 lat=36.6173383 lon=-6.2196 speed=1.2672461m/s acc=4.7m sessionAge=839890ms
08-26 20:33:58.385 D PARKDIAG/Coord:   state hasEverMoved=true hasEverReachedDrivingSpeed=true userConfirmed=false vehicleExit=false stoppedSince=null stoppedDur=0ms phase=Idle
08-26 20:33:58.389 D PARKDIAG/Coord:   ⚖ scoring=NotYet (signals: speed=1.2672461 stopped=0ms accuracy=4.7 exit=false)
08-26 20:33:58.432 D PARKDIAG/Coord: ─ loc#140 lat=36.6173383 lon=-6.2196 speed=1.2672461m/s acc=4.7m sessionAge=839939ms
08-26 20:33:58.434 D PARKDIAG/Coord:   state hasEverMoved=true hasEverReachedDrivingSpeed=true userConfirmed=false vehicleExit=false stoppedSince=null stoppedDur=0ms phase=Idle
08-26 20:33:58.437 D PARKDIAG/Coord:   ⚖ scoring=NotYet (signals: speed=1.2672461 stopped=0ms accuracy=4.7 exit=false)
08-26 20:34:01.237 D PARKDIAG/Coord: ─ loc#141 lat=36.6176183 lon=-6.2205233 speed=19.744745m/s acc=5.0m sessionAge=842746ms
08-26 20:34:01.238 D PARKDIAG/Coord:   ✓ MOTOR witnessed — 42509ms held above 11.1 m/s; no bicycle claim can stand against this session [DET-MOTORWAY-TRIP-JUDGED-BICYCLE-001]
08-26 20:34:01.239 D PARKDIAG/Coord:   state hasEverMoved=true hasEverReachedDrivingSpeed=true userConfirmed=false vehicleExit=false stoppedSince=null stoppedDur=0ms phase=Idle
08-26 20:34:01.242 D PARKDIAG/Coord:   ⚖ scoring=NotYet (signals: speed=19.744745 stopped=0ms accuracy=5.0 exit=false)
08-26 20:34:01.285 D PARKDIAG/Coord: ─ loc#142 lat=36.6176183 lon=-6.2205233 speed=19.744745m/s acc=5.0m sessionAge=842794ms
08-26 20:34:01.286 D PARKDIAG/Coord:   state hasEverMoved=true hasEverReachedDrivingSpeed=true userConfirmed=false vehicleExit=false stoppedSince=null stoppedDur=0ms phase=Idle
08-26 20:34:01.287 D PARKDIAG/Coord:   ⚖ scoring=NotYet (signals: speed=19.744745 stopped=0ms accuracy=5.0 exit=false)
08-26 20:34:15.688 D PARKDIAG/Coord: ─ loc#143 lat=36.6182033 lon=-6.2236983 speed=0.0m/s acc=237.52m sessionAge=857197ms
08-26 20:34:15.690 D PARKDIAG/Coord:   state hasEverMoved=true hasEverReachedDrivingSpeed=true userConfirmed=false vehicleExit=false stoppedSince=1787769255688 stoppedDur=0ms phase=Idle
08-26 20:34:15.692 D PARKDIAG/Coord:   ⚖ scoring=NotYet (signals: speed=0.0 stopped=0ms accuracy=237.52 exit=false)
08-26 20:34:18.232 D PARKDIAG/Coord: ─ loc#144 lat=36.6184233 lon=-6.22615 speed=24.669607m/s acc=2.5m sessionAge=859741ms
08-26 20:34:18.234 D PARKDIAG/Coord:   state hasEverMoved=true hasEverReachedDrivingSpeed=true userConfirmed=false vehicleExit=false stoppedSince=null stoppedDur=0ms phase=Idle
08-26 20:34:18.235 D PARKDIAG/Coord:   ⚖ scoring=NotYet (signals: speed=24.669607 stopped=0ms accuracy=2.5 exit=false)
08-26 20:34:18.281 D PARKDIAG/Coord: ─ loc#145 lat=36.6184233 lon=-6.22615 speed=24.669607m/s acc=2.5m sessionAge=859790ms
08-26 20:34:18.284 D PARKDIAG/Coord:   state hasEverMoved=true hasEverReachedDrivingSpeed=true userConfirmed=false vehicleExit=false stoppedSince=null stoppedDur=0ms phase=Idle
08-26 20:34:18.285 D PARKDIAG/Coord:   ⚖ scoring=NotYet (signals: speed=24.669607 stopped=0ms accuracy=2.5 exit=false)
08-26 20:34:39.124 D PARKDIAG/Coord: ─ loc#146 lat=36.6172317 lon=-6.232255 speed=63.319584m/s acc=7.8m sessionAge=880632ms
08-26 20:34:39.125 D PARKDIAG/Coord:   state hasEverMoved=true hasEverReachedDrivingSpeed=true userConfirmed=false vehicleExit=false stoppedSince=null stoppedDur=0ms phase=Idle
08-26 20:34:39.127 D PARKDIAG/Coord:   ⚖ scoring=NotYet (signals: speed=63.319584 stopped=0ms accuracy=7.8 exit=false)
08-26 20:34:59.154 D PARKDIAG/Coord: ─ loc#147 lat=36.61431 lon=-6.2370883 speed=26.408339m/s acc=8.0m sessionAge=900663ms
08-26 20:34:59.156 D PARKDIAG/Coord:   state hasEverMoved=true hasEverReachedDrivingSpeed=true userConfirmed=false vehicleExit=false stoppedSince=null stoppedDur=0ms phase=Idle
08-26 20:34:59.157 D PARKDIAG/Coord:   ⚖ scoring=NotYet (signals: speed=26.408339 stopped=0ms accuracy=8.0 exit=false)
08-26 20:35:19.231 D PARKDIAG/Coord: ─ loc#148 lat=36.6109983 lon=-6.2407217 speed=20.28932m/s acc=4.7m sessionAge=920740ms
08-26 20:35:19.232 D PARKDIAG/Coord:   state hasEverMoved=true hasEverReachedDrivingSpeed=true userConfirmed=false vehicleExit=false stoppedSince=null stoppedDur=0ms phase=Idle
08-26 20:35:19.233 D PARKDIAG/Coord:   ⚖ scoring=NotYet (signals: speed=20.28932 stopped=0ms accuracy=4.7 exit=false)
08-26 20:35:39.285 D PARKDIAG/Coord: ─ loc#149 lat=36.607575 lon=-6.2441817 speed=20.500357m/s acc=11.8m sessionAge=940794ms
08-26 20:35:39.287 D PARKDIAG/Coord:   state hasEverMoved=true hasEverReachedDrivingSpeed=true userConfirmed=false vehicleExit=false stoppedSince=null stoppedDur=0ms phase=Idle
08-26 20:35:39.288 D PARKDIAG/Coord:   ⚖ scoring=NotYet (signals: speed=20.500357 stopped=0ms accuracy=11.8 exit=false)
08-26 20:35:58.843 D PARKDIAG/Coord: ─ loc#150 lat=36.607025 lon=-6.2495583 speed=22.701824m/s acc=5.8m sessionAge=960352ms
08-26 20:35:58.845 D PARKDIAG/Coord:   state hasEverMoved=true hasEverReachedDrivingSpeed=true userConfirmed=false vehicleExit=false stoppedSince=null stoppedDur=0ms phase=Idle
08-26 20:35:58.846 D PARKDIAG/Coord:   ⚖ scoring=NotYet (signals: speed=22.701824 stopped=0ms accuracy=5.8 exit=false)
08-26 20:36:18.806 D PARKDIAG/Coord: ─ loc#151 lat=36.6095017 lon=-6.2550083 speed=24.094662m/s acc=6.1m sessionAge=980315ms
08-26 20:36:18.808 D PARKDIAG/Coord:   state hasEverMoved=true hasEverReachedDrivingSpeed=true userConfirmed=false vehicleExit=false stoppedSince=null stoppedDur=0ms phase=Idle
08-26 20:36:18.811 D PARKDIAG/Coord:   ⚖ scoring=NotYet (signals: speed=24.094662 stopped=0ms accuracy=6.1 exit=false)
08-26 20:36:30.271 D PARKDIAG/Bootstrap: ▶ Bootstrap.invoke userId=fiypNbElGlfFexLMpU9sNaMjRMD3
08-26 20:36:30.272 D PARKDIAG/Bootstrap:   → syncVehicles START
08-26 20:36:30.272 D PARKDIAG/VehicleSync: ▶ syncFromRemote userId=fiypNbElGlfFexLMpU9sNaMjRMD3
08-26 20:36:30.272 D PARKDIAG/Bootstrap:   → syncParkingHistory START
08-26 20:36:30.273 D PARKDIAG/Bootstrap:   → syncZones START
08-26 20:36:30.472 D PARKDIAG/VehicleSync:   ← Firestore returned 3 vehicle(s)
08-26 20:36:30.472 D PARKDIAG/VehicleSync:     vehicle id=abf6c516-a739-4708-b216-870285f3cbc6 isActive=false name=Skoda Kamiq
08-26 20:36:30.473 D PARKDIAG/VehicleSync:     vehicle id=addbe660-ad30-4857-ab1f-58433d76992d isActive=true name=Ford Focus
08-26 20:36:30.473 D PARKDIAG/VehicleSync:     vehicle id=ccd539d9-02f9-4b40-8b94-da672c96866f isActive=false name=Chevrolet Beat
08-26 20:36:30.479 D PARKDIAG/VehicleSync: ■ syncFromRemote merged 3 vehicle(s) into Room (kept 0 pending)
08-26 20:36:30.480 D PARKDIAG/Bootstrap:   ← syncVehicles END isSuccess=true
08-26 20:36:30.822 D PARKDIAG/Bootstrap:   ← syncZones END isSuccess=true
08-26 20:36:30.867 D PARKDIAG/Bootstrap:   ← syncParkingHistory END isSuccess=true
08-26 20:36:30.867 D PARKDIAG/Bootstrap: ■ Bootstrap.invoke SUCCESS
08-26 20:36:34.213 D PARKDIAG/Coord: ─ loc#152 lat=36.6113467 lon=-6.2590783 speed=26.282232m/s acc=4.0m sessionAge=995721ms
08-26 20:36:34.215 D PARKDIAG/Coord:   state hasEverMoved=true hasEverReachedDrivingSpeed=true userConfirmed=false vehicleExit=false stoppedSince=null stoppedDur=0ms phase=Idle
08-26 20:36:34.216 D PARKDIAG/Coord:   ⚖ scoring=NotYet (signals: speed=26.282232 stopped=0ms accuracy=4.0 exit=false)
08-26 20:36:49.408 D PARKDIAG/Coord: ─ loc#153 lat=36.61316 lon=-6.2625233 speed=26.052666m/s acc=13.8m sessionAge=1010916ms
08-26 20:36:49.410 D PARKDIAG/Coord:   state hasEverMoved=true hasEverReachedDrivingSpeed=true userConfirmed=false vehicleExit=false stoppedSince=null stoppedDur=0ms phase=Idle
08-26 20:36:49.413 D PARKDIAG/Coord:   ⚖ scoring=NotYet (signals: speed=26.052666 stopped=0ms accuracy=13.8 exit=false)
08-26 20:37:12.373 D PARKDIAG/Coord: ─ loc#154 lat=36.6161633 lon=-6.26832 speed=14.760175m/s acc=9.3m sessionAge=1033882ms
08-26 20:37:12.377 D PARKDIAG/Coord:   state hasEverMoved=true hasEverReachedDrivingSpeed=true userConfirmed=false vehicleExit=false stoppedSince=null stoppedDur=0ms phase=Idle
08-26 20:37:12.381 D PARKDIAG/Coord:   ⚖ scoring=NotYet (signals: speed=14.760175 stopped=0ms accuracy=9.3 exit=false)
08-26 20:37:31.967 D PARKDIAG/Coord: ─ loc#155 lat=36.6187033 lon=-6.2732617 speed=15.18585m/s acc=6.2m sessionAge=1053475ms
08-26 20:37:31.969 D PARKDIAG/Coord:   state hasEverMoved=true hasEverReachedDrivingSpeed=true userConfirmed=false vehicleExit=false stoppedSince=null stoppedDur=0ms phase=Idle
08-26 20:37:31.971 D PARKDIAG/Coord:   ⚖ scoring=NotYet (signals: speed=15.18585 stopped=0ms accuracy=6.2 exit=false)
08-26 20:37:32.305 D PARKDIAG/SafetyNet: ■ detection running — skipping check
08-26 20:37:52.598 D PARKDIAG/Coord: ─ loc#156 lat=36.6222283 lon=-6.2770983 speed=19.58724m/s acc=4.5m sessionAge=1074107ms
08-26 20:37:52.600 D PARKDIAG/Coord:   state hasEverMoved=true hasEverReachedDrivingSpeed=true userConfirmed=false vehicleExit=false stoppedSince=null stoppedDur=0ms phase=Idle
08-26 20:37:52.601 D PARKDIAG/Coord:   ⚖ scoring=NotYet (signals: speed=19.58724 stopped=0ms accuracy=4.5 exit=false)
08-26 20:38:09.508 D PARKDIAG/Coord: ─ loc#157 lat=36.623815 lon=-6.2782983 speed=0.0m/s acc=216.019m sessionAge=1091017ms
08-26 20:38:09.512 D PARKDIAG/Coord:   state hasEverMoved=true hasEverReachedDrivingSpeed=true userConfirmed=false vehicleExit=false stoppedSince=1787769489508 stoppedDur=0ms phase=Idle
08-26 20:38:09.516 D PARKDIAG/Coord:   ⚖ scoring=NotYet (signals: speed=0.0 stopped=0ms accuracy=216.019 exit=false)
08-26 20:38:13.342 D PARKDIAG/Coord: ─ loc#158 lat=36.62471 lon=-6.2783383 speed=6.791245m/s acc=2.7m sessionAge=1094850ms
08-26 20:38:13.345 D PARKDIAG/Coord:   state hasEverMoved=true hasEverReachedDrivingSpeed=true userConfirmed=false vehicleExit=false stoppedSince=null stoppedDur=0ms phase=Idle
08-26 20:38:13.348 D PARKDIAG/Coord:   ⚖ scoring=NotYet (signals: speed=6.791245 stopped=0ms accuracy=2.7 exit=false)
08-26 20:38:13.400 D PARKDIAG/Coord: ─ loc#159 lat=36.62471 lon=-6.2783383 speed=6.791245m/s acc=2.7m sessionAge=1094909ms
08-26 20:38:13.402 D PARKDIAG/Coord:   state hasEverMoved=true hasEverReachedDrivingSpeed=true userConfirmed=false vehicleExit=false stoppedSince=null stoppedDur=0ms phase=Idle
08-26 20:38:13.403 D PARKDIAG/Coord:   ⚖ scoring=NotYet (signals: speed=6.791245 stopped=0ms accuracy=2.7 exit=false)
08-26 20:38:34.617 D PARKDIAG/Coord: ─ loc#160 lat=36.624585 lon=-6.2788683 speed=0.42001334m/s acc=3.0m sessionAge=1116126ms
08-26 20:38:34.622 D PARKDIAG/Coord:   state hasEverMoved=true hasEverReachedDrivingSpeed=true userConfirmed=false vehicleExit=false stoppedSince=1787769514617 stoppedDur=0ms phase=Idle
08-26 20:38:34.627 D PARKDIAG/Coord:   ⚖ scoring=NotYet (signals: speed=0.42001334 stopped=0ms accuracy=3.0 exit=false)
08-26 20:38:34.666 D PARKDIAG/Coord: ─ loc#161 lat=36.624585 lon=-6.2788683 speed=0.42001334m/s acc=3.0m sessionAge=1116174ms
08-26 20:38:34.668 D PARKDIAG/Coord:   state hasEverMoved=true hasEverReachedDrivingSpeed=true userConfirmed=false vehicleExit=false stoppedSince=1787769514617 stoppedDur=48ms phase=Idle
08-26 20:38:34.669 D PARKDIAG/Coord:   ⚖ scoring=NotYet (signals: speed=0.42001334 stopped=48ms accuracy=3.0 exit=false)
08-26 20:38:37.858 D PARKDIAG/Coord: ─ loc#162 lat=36.6244767 lon=-6.2790133 speed=5.027292m/s acc=3.05m sessionAge=1119366ms
08-26 20:38:37.860 D PARKDIAG/Coord:   state hasEverMoved=true hasEverReachedDrivingSpeed=true userConfirmed=false vehicleExit=false stoppedSince=null stoppedDur=0ms phase=Idle
08-26 20:38:37.862 D PARKDIAG/Coord:   ⚖ scoring=NotYet (signals: speed=5.027292 stopped=0ms accuracy=3.05 exit=false)
08-26 20:38:37.899 D PARKDIAG/Coord: ─ loc#163 lat=36.6244767 lon=-6.2790133 speed=5.027292m/s acc=3.05m sessionAge=1119408ms
08-26 20:38:37.901 D PARKDIAG/Coord:   state hasEverMoved=true hasEverReachedDrivingSpeed=true userConfirmed=false vehicleExit=false stoppedSince=null stoppedDur=0ms phase=Idle
08-26 20:38:37.902 D PARKDIAG/Coord:   ⚖ scoring=NotYet (signals: speed=5.027292 stopped=0ms accuracy=3.05 exit=false)
08-26 20:38:55.167 D PARKDIAG/Coord: ─ loc#164 lat=36.6229667 lon=-6.28066 speed=4.0462313m/s acc=14.6m sessionAge=1136675ms
08-26 20:38:55.170 D PARKDIAG/Coord:   ⤳ mute ambiguous fix corroborated as CAR by displacement (speed=4.0462313 acc=14.6) [DET-CREDIBLE-DRIVE-001]
08-26 20:38:55.172 D PARKDIAG/Coord:   state hasEverMoved=true hasEverReachedDrivingSpeed=true userConfirmed=false vehicleExit=false stoppedSince=null stoppedDur=0ms phase=Idle
08-26 20:38:55.175 D PARKDIAG/Coord:   ⚖ scoring=NotYet (signals: speed=4.0462313 stopped=0ms accuracy=14.6 exit=false)
08-26 20:39:16.745 D PARKDIAG/Coord: ─ loc#165 lat=36.6223467 lon=-6.2808583 speed=3.7610753m/s acc=13.1m sessionAge=1158254ms
08-26 20:39:16.748 D PARKDIAG/Coord:   ⤳ mute ambiguous fix corroborated as CAR by displacement (speed=3.7610753 acc=13.1) [DET-CREDIBLE-DRIVE-001]
08-26 20:39:16.750 D PARKDIAG/Coord:   state hasEverMoved=true hasEverReachedDrivingSpeed=true userConfirmed=false vehicleExit=false stoppedSince=null stoppedDur=0ms phase=Idle
08-26 20:39:16.752 D PARKDIAG/Coord:   ⚖ scoring=NotYet (signals: speed=3.7610753 stopped=0ms accuracy=13.1 exit=false)
08-26 20:39:37.567 D PARKDIAG/Coord: ─ loc#166 lat=36.621625 lon=-6.2806317 speed=0.9589275m/s acc=12.1m sessionAge=1179076ms
08-26 20:39:37.570 D PARKDIAG/Coord:   state hasEverMoved=true hasEverReachedDrivingSpeed=true userConfirmed=false vehicleExit=false stoppedSince=1787769577567 stoppedDur=0ms phase=Idle
08-26 20:39:37.571 D PARKDIAG/Coord:   ⚖ scoring=NotYet (signals: speed=0.9589275 stopped=0ms accuracy=12.1 exit=false)
08-26 20:39:37.611 D PARKDIAG/Coord: ─ loc#167 lat=36.621625 lon=-6.2806317 speed=0.9589275m/s acc=12.1m sessionAge=1179120ms
08-26 20:39:37.613 D PARKDIAG/Coord:   state hasEverMoved=true hasEverReachedDrivingSpeed=true userConfirmed=false vehicleExit=false stoppedSince=1787769577567 stoppedDur=44ms phase=Idle
08-26 20:39:37.614 D PARKDIAG/Coord:   ⚖ scoring=NotYet (signals: speed=0.9589275 stopped=44ms accuracy=12.1 exit=false)
08-26 20:39:40.820 D PARKDIAG/Coord: ─ loc#168 lat=36.61854 lon=-6.2784683 speed=16.507141m/s acc=7.25m sessionAge=1182329ms
08-26 20:39:40.823 D PARKDIAG/Coord:   state hasEverMoved=true hasEverReachedDrivingSpeed=true userConfirmed=false vehicleExit=false stoppedSince=null stoppedDur=0ms phase=Idle
08-26 20:39:40.825 D PARKDIAG/Coord:   ⚖ scoring=NotYet (signals: speed=16.507141 stopped=0ms accuracy=7.25 exit=false)
08-26 20:39:40.874 D PARKDIAG/Coord: ─ loc#169 lat=36.61854 lon=-6.2784683 speed=16.507141m/s acc=7.25m sessionAge=1182382ms
08-26 20:39:40.875 D PARKDIAG/Coord:   state hasEverMoved=true hasEverReachedDrivingSpeed=true userConfirmed=false vehicleExit=false stoppedSince=null stoppedDur=0ms phase=Idle
08-26 20:39:40.876 D PARKDIAG/Coord:   ⚖ scoring=NotYet (signals: speed=16.507141 stopped=0ms accuracy=7.25 exit=false)
08-26 20:39:58.111 D PARKDIAG/Coord: ─ loc#170 lat=36.616325 lon=-6.2770267 speed=12.639004m/s acc=8.0m sessionAge=1199619ms
08-26 20:39:58.113 D PARKDIAG/Coord:   state hasEverMoved=true hasEverReachedDrivingSpeed=true userConfirmed=false vehicleExit=false stoppedSince=null stoppedDur=0ms phase=Idle
08-26 20:39:58.115 D PARKDIAG/Coord:   ⚖ scoring=NotYet (signals: speed=12.639004 stopped=0ms accuracy=8.0 exit=false)
08-26 20:40:22.779 D PARKDIAG/Coord: ─ loc#171 lat=36.6135667 lon=-6.2781133 speed=3.78012m/s acc=9.2m sessionAge=1224287ms
08-26 20:40:22.781 D PARKDIAG/Coord:   ⤳ mute ambiguous fix corroborated as CAR by displacement (speed=3.78012 acc=9.2) [DET-CREDIBLE-DRIVE-001]
08-26 20:40:22.783 D PARKDIAG/Coord:   state hasEverMoved=true hasEverReachedDrivingSpeed=true userConfirmed=false vehicleExit=false stoppedSince=null stoppedDur=0ms phase=Idle
08-26 20:40:22.790 D PARKDIAG/Coord:   ⚖ scoring=NotYet (signals: speed=3.78012 stopped=0ms accuracy=9.2 exit=false)
08-26 20:40:39.956 D PARKDIAG/Coord: ─ loc#172 lat=36.6125 lon=-6.2792367 speed=0.0m/s acc=291.16m sessionAge=1241464ms
08-26 20:40:39.958 D PARKDIAG/Coord:   state hasEverMoved=true hasEverReachedDrivingSpeed=true userConfirmed=false vehicleExit=false stoppedSince=1787769639955 stoppedDur=0ms phase=Idle
08-26 20:40:39.963 D PARKDIAG/Coord:   ⚖ scoring=NotYet (signals: speed=0.0 stopped=0ms accuracy=291.16 exit=false)
08-26 20:40:42.315 D PARKDIAG/Coord: ─ loc#173 lat=36.6119017 lon=-6.2799733 speed=6.0011463m/s acc=2.4m sessionAge=1243824ms
08-26 20:40:42.318 D PARKDIAG/Coord:   state hasEverMoved=true hasEverReachedDrivingSpeed=true userConfirmed=false vehicleExit=false stoppedSince=null stoppedDur=0ms phase=Idle
08-26 20:40:42.322 D PARKDIAG/Coord:   ⚖ scoring=NotYet (signals: speed=6.0011463 stopped=0ms accuracy=2.4 exit=false)
08-26 20:40:42.387 D PARKDIAG/Coord: ─ loc#174 lat=36.6119017 lon=-6.2799733 speed=6.0011463m/s acc=2.4m sessionAge=1243896ms
08-26 20:40:42.389 D PARKDIAG/Coord:   state hasEverMoved=true hasEverReachedDrivingSpeed=true userConfirmed=false vehicleExit=false stoppedSince=null stoppedDur=0ms phase=Idle
08-26 20:40:42.391 D PARKDIAG/Coord:   ⚖ scoring=NotYet (signals: speed=6.0011463 stopped=0ms accuracy=2.4 exit=false)
08-26 20:41:05.427 D PARKDIAG/Coord: ─ loc#175 lat=36.6117983 lon=-6.27989 speed=3.7106326m/s acc=7.7m sessionAge=1266936ms
08-26 20:41:05.430 D PARKDIAG/Coord:   ⟲ reposition-burst detected (consecutive=3 speed=3.7106326 acc=7.7) — clearing bestStopLocation [PARKING-001]
08-26 20:41:05.432 D PARKDIAG/Coord:   state hasEverMoved=true hasEverReachedDrivingSpeed=true userConfirmed=false vehicleExit=false stoppedSince=null stoppedDur=0ms phase=Idle
08-26 20:41:05.433 D PARKDIAG/Coord:   ⚖ scoring=NotYet (signals: speed=3.7106326 stopped=0ms accuracy=7.7 exit=false)
08-26 20:41:26.313 D PARKDIAG/Coord: ─ loc#176 lat=36.6116833 lon=-6.2793733 speed=4.849198m/s acc=7.3m sessionAge=1287822ms
08-26 20:41:26.316 D PARKDIAG/Coord:   ⟲ reposition-burst detected (consecutive=4 speed=4.849198 acc=7.3) — clearing bestStopLocation [PARKING-001]
08-26 20:41:26.317 D PARKDIAG/Coord:   state hasEverMoved=true hasEverReachedDrivingSpeed=true userConfirmed=false vehicleExit=false stoppedSince=null stoppedDur=0ms phase=Idle
08-26 20:41:26.319 D PARKDIAG/Coord:   ⚖ scoring=NotYet (signals: speed=4.849198 stopped=0ms accuracy=7.3 exit=false)
08-26 20:41:45.068 D PARKDIAG/Coord: ─ loc#177 lat=36.6113783 lon=-6.2794717 speed=0.09110583m/s acc=7.6m sessionAge=1306576ms
08-26 20:41:45.073 D PARKDIAG/Coord:   state hasEverMoved=true hasEverReachedDrivingSpeed=true userConfirmed=false vehicleExit=false stoppedSince=1787769705067 stoppedDur=0ms phase=Idle
08-26 20:41:45.076 D PARKDIAG/Coord:   ⚖ scoring=NotYet (signals: speed=0.09110583 stopped=0ms accuracy=7.6 exit=false)
08-26 20:41:45.112 D PARKDIAG/Coord: ─ loc#178 lat=36.6113783 lon=-6.2794717 speed=0.09110583m/s acc=7.6m sessionAge=1306621ms
08-26 20:41:45.113 D PARKDIAG/Coord:   state hasEverMoved=true hasEverReachedDrivingSpeed=true userConfirmed=false vehicleExit=false stoppedSince=1787769705067 stoppedDur=45ms phase=Idle
08-26 20:41:45.114 D PARKDIAG/Coord:   ⚖ scoring=NotYet (signals: speed=0.09110583 stopped=45ms accuracy=7.6 exit=false)
08-26 20:41:48.330 D PARKDIAG/Coord: ─ loc#179 lat=36.6087067 lon=-6.2780983 speed=1.4443105m/s acc=4.75m sessionAge=1309838ms
08-26 20:41:48.332 D PARKDIAG/Coord:   state hasEverMoved=true hasEverReachedDrivingSpeed=true userConfirmed=false vehicleExit=false stoppedSince=null stoppedDur=0ms phase=Idle
08-26 20:41:48.334 D PARKDIAG/Coord:   ⚖ scoring=NotYet (signals: speed=1.4443105 stopped=0ms accuracy=4.75 exit=false)
08-26 20:41:53.273 D PARKDIAG/Coord: ─ loc#180 lat=36.6087233 lon=-6.2781367 speed=0.8590714m/s acc=1.8m sessionAge=1314781ms
08-26 20:41:53.278 D PARKDIAG/Coord:   state hasEverMoved=true hasEverReachedDrivingSpeed=true userConfirmed=false vehicleExit=false stoppedSince=1787769713272 stoppedDur=0ms phase=Idle
08-26 20:41:53.282 D PARKDIAG/Coord:   ⚖ scoring=NotYet (signals: speed=0.8590714 stopped=0ms accuracy=1.8 exit=false)
08-26 20:41:55.316 D PARKDIAG/Coord: ─ loc#181 lat=36.6087117 lon=-6.278115 speed=1.1015055m/s acc=1.65m sessionAge=1316824ms
08-26 20:41:55.319 D PARKDIAG/Coord:   state hasEverMoved=true hasEverReachedDrivingSpeed=true userConfirmed=false vehicleExit=false stoppedSince=null stoppedDur=0ms phase=Idle
08-26 20:41:55.322 D PARKDIAG/Coord:   ⚖ scoring=NotYet (signals: speed=1.1015055 stopped=0ms accuracy=1.65 exit=false)
08-26 20:42:00.304 D PARKDIAG/Coord: ─ loc#182 lat=36.608695 lon=-6.2780783 speed=0.67943335m/s acc=1.6m sessionAge=1321812ms
08-26 20:42:00.308 D PARKDIAG/Coord:   state hasEverMoved=true hasEverReachedDrivingSpeed=true userConfirmed=false vehicleExit=false stoppedSince=1787769720303 stoppedDur=0ms phase=Idle
08-26 20:42:00.311 D PARKDIAG/Coord:   ⚖ scoring=NotYet (signals: speed=0.67943335 stopped=0ms accuracy=1.6 exit=false)
08-26 20:42:05.293 D PARKDIAG/Coord: ─ loc#183 lat=36.6086933 lon=-6.2780767 speed=0.08132611m/s acc=1.55m sessionAge=1326801ms
08-26 20:42:05.296 D PARKDIAG/Coord:   state hasEverMoved=true hasEverReachedDrivingSpeed=true userConfirmed=false vehicleExit=false stoppedSince=1787769720303 stoppedDur=4989ms phase=Idle
08-26 20:42:05.298 D PARKDIAG/Coord:   ⚖ scoring=NotYet (signals: speed=0.08132611 stopped=4989ms accuracy=1.55 exit=false)
08-26 20:42:10.147 D PARKDIAG/Coord:   ✦ step #1 (stopped)
08-26 20:42:10.254 D PARKDIAG/Coord: ─ loc#184 lat=36.6087017 lon=-6.2780817 speed=0.22081584m/s acc=1.45m sessionAge=1331762ms
08-26 20:42:10.257 D PARKDIAG/Coord:   state hasEverMoved=true hasEverReachedDrivingSpeed=true userConfirmed=false vehicleExit=false stoppedSince=1787769720303 stoppedDur=9950ms phase=Idle
08-26 20:42:10.260 D PARKDIAG/Coord:   ⚖ scoring=NotYet (signals: speed=0.22081584 stopped=9950ms accuracy=1.45 exit=false)
08-26 20:42:10.731 D PARKDIAG/Coord:   ✦ step #2 (stopped)
08-26 20:42:11.371 D PARKDIAG/Coord:   ✦ step #3 (stopped)
08-26 20:42:11.869 D PARKDIAG/Coord:   ✦ step #4 (stopped)
08-26 20:42:12.211 D PARKDIAG/Coord:   ✦ step #5 (stopped)
08-26 20:42:12.524 D PARKDIAG/Coord:   ✦ step #6 (stopped)
08-26 20:42:13.186 D PARKDIAG/Coord:   ✦ step #7 (stopped)
08-26 20:42:13.704 D PARKDIAG/Coord:   ✦ step #8 (stopped)
08-26 20:42:14.175 D PARKDIAG/Coord:   ✦ step #9 (stopped)
08-26 20:42:14.985 D PARKDIAG/Coord:   ✦ step #10 (stopped)
08-26 20:42:15.178 D PARKDIAG/Coord:   ✦ step #11 (stopped)
08-26 20:42:15.532 D PARKDIAG/Coord: ─ loc#185 lat=36.60867 lon=-6.27802 speed=0.48332417m/s acc=1.85m sessionAge=1337040ms
08-26 20:42:15.545 D PARKDIAG/Coord:   ⚓ anchor FROZEN — drive-entered stop matured (stableFixes=3, walkFixes=2); only real driving (≥5.0 m/s) can move it [DET-ANCHOR-FREEZE-001][DET-SHORT-TRIP-FREEZE-001]
08-26 20:42:15.547 D PARKDIAG/Coord:   state hasEverMoved=true hasEverReachedDrivingSpeed=true userConfirmed=false vehicleExit=false stoppedSince=1787769720303 stoppedDur=15228ms phase=Idle
08-26 20:42:15.563 D PARKDIAG/Coord:   ⊘ steps+egress fast confirm gated (Inconclusive) — anchorSet=true, falling to scoring
08-26 20:42:15.564 D PARKDIAG/Coord:   ⚖ scoring=NotYet (signals: speed=0.48332417 stopped=15228ms accuracy=1.85 exit=false)
08-26 20:42:16.209 D PARKDIAG/Coord:   ✦ step #12 (stopped)
08-26 20:42:16.236 D PARKDIAG/Coord:   ✦ step #13 (stopped)
08-26 20:42:16.570 D PARKDIAG/Coord:   ✦ step #14 (stopped)
08-26 20:42:17.339 D PARKDIAG/Coord:   ✦ step #15 (stopped)
08-26 20:42:17.768 D PARKDIAG/Coord:   ✦ step #16 (stopped)
08-26 20:42:18.303 D PARKDIAG/Coord:   ✦ step #17 (stopped)
08-26 20:42:18.712 D PARKDIAG/Coord:   ✦ step #18 (stopped)
08-26 20:42:19.136 D PARKDIAG/Coord:   ✦ step #19 (stopped)
08-26 20:42:19.504 D PARKDIAG/Coord:   ✦ step #20 (stopped)
08-26 20:42:19.990 D PARKDIAG/Coord:   ✦ step #21 (stopped)
08-26 20:42:20.369 D PARKDIAG/Coord:   ✦ step #22 (stopped)
08-26 20:42:20.542 D PARKDIAG/Coord: ─ loc#186 lat=36.60863 lon=-6.278045 speed=0.6516383m/s acc=2.5m sessionAge=1342044ms
08-26 20:42:20.546 D PARKDIAG/Coord:   state hasEverMoved=true hasEverReachedDrivingSpeed=true userConfirmed=false vehicleExit=false stoppedSince=1787769720303 stoppedDur=20232ms phase=Idle
08-26 20:42:20.561 D PARKDIAG/Coord:   ⊘ steps+egress fast confirm gated (Inconclusive) — anchorSet=true, falling to scoring
08-26 20:42:20.563 D PARKDIAG/Coord:   ⚖ scoring=NotYet (signals: speed=0.6516383 stopped=20232ms accuracy=2.5 exit=false)
08-26 20:42:21.165 D PARKDIAG/Coord:   ✦ step #23 (stopped)
08-26 20:42:25.258 D PARKDIAG/Coord: ─ loc#187 lat=36.6086233 lon=-6.278005 speed=0.45913222m/s acc=2.4m sessionAge=1346767ms
08-26 20:42:25.263 D PARKDIAG/Coord:   state hasEverMoved=true hasEverReachedDrivingSpeed=true userConfirmed=false vehicleExit=false stoppedSince=1787769720303 stoppedDur=24955ms phase=Idle
08-26 20:42:25.266 D PARKDIAG/Coord:   ⊘ steps+egress fast confirm gated (Inconclusive) — anchorSet=true, falling to scoring
08-26 20:42:25.268 D PARKDIAG/Coord:   ⚖ scoring=NotYet (signals: speed=0.45913222 stopped=24955ms accuracy=2.4 exit=false)
08-26 20:42:25.530 D PARKDIAG/Coord:   ✦ step #24 (stopped)
08-26 20:42:26.126 D PARKDIAG/Coord:   ✦ step #25 (stopped)
08-26 20:42:26.767 D PARKDIAG/Coord:   ✦ step #26 (stopped)
08-26 20:42:27.307 D PARKDIAG/Coord:   ✦ step #27 (stopped)
08-26 20:42:28.406 D PARKDIAG/Coord:   ✦ step #28 (stopped)
08-26 20:42:28.929 D PARKDIAG/Coord:   ✦ step #29 (stopped)
08-26 20:42:29.526 D PARKDIAG/Coord:   ✦ step #30 (stopped)
08-26 20:42:30.254 D PARKDIAG/Coord: ─ loc#188 lat=36.6086267 lon=-6.2780967 speed=0.5327375m/s acc=1.95m sessionAge=1351763ms
08-26 20:42:30.257 D PARKDIAG/Coord:   state hasEverMoved=true hasEverReachedDrivingSpeed=true userConfirmed=false vehicleExit=false stoppedSince=1787769720303 stoppedDur=29951ms phase=Idle
08-26 20:42:30.260 D PARKDIAG/Coord:   ⊘ steps+egress fast confirm gated (Inconclusive) — anchorSet=true, falling to scoring
08-26 20:42:30.261 D PARKDIAG/Coord:   ⚖ scoring=NotYet (signals: speed=0.5327375 stopped=29951ms accuracy=1.95 exit=false)
08-26 20:42:30.307 D PARKDIAG/Coord:   ✦ step #31 (stopped)
08-26 20:42:31.047 D PARKDIAG/Coord:   ✦ step #32 (stopped)
08-26 20:42:31.628 D PARKDIAG/Coord:   ✦ step #33 (stopped)
08-26 20:42:32.349 D PARKDIAG/Coord:   ✦ step #34 (stopped)
08-26 20:42:32.964 D PARKDIAG/Coord:   ✦ step #35 (stopped)
08-26 20:42:33.626 D PARKDIAG/Coord:   ✦ step #36 (stopped)
08-26 20:42:34.047 D PARKDIAG/Coord:   ✦ step #37 (stopped)
08-26 20:42:34.570 D PARKDIAG/Coord:   ✦ step #38 (stopped)
08-26 20:42:35.232 D PARKDIAG/Coord: ─ loc#189 lat=36.6086417 lon=-6.2781283 speed=0.68921304m/s acc=1.75m sessionAge=1356740ms
08-26 20:42:35.236 D PARKDIAG/Coord:   state hasEverMoved=true hasEverReachedDrivingSpeed=true userConfirmed=false vehicleExit=false stoppedSince=1787769720303 stoppedDur=34928ms phase=Idle
08-26 20:42:35.239 D PARKDIAG/Coord:   ⊘ steps+egress fast confirm gated (Inconclusive) — anchorSet=true, falling to scoring
08-26 20:42:35.241 D PARKDIAG/Coord:   ⚖ scoring=NotYet (signals: speed=0.68921304 stopped=34928ms accuracy=1.75 exit=false)
08-26 20:42:40.241 D PARKDIAG/Coord: ─ loc#190 lat=36.608625 lon=-6.27815 speed=0.58935696m/s acc=1.65m sessionAge=1361750ms
08-26 20:42:40.242 D PARKDIAG/Coord:   state hasEverMoved=true hasEverReachedDrivingSpeed=true userConfirmed=false vehicleExit=false stoppedSince=1787769720303 stoppedDur=39938ms phase=Idle
08-26 20:42:40.244 D PARKDIAG/Coord:   ⊘ steps+egress fast confirm gated (Inconclusive) — anchorSet=true, falling to scoring
08-26 20:42:40.245 D PARKDIAG/Coord:   ⚖ scoring=NotYet (signals: speed=0.58935696 stopped=39938ms accuracy=1.65 exit=false)
08-26 20:42:40.328 D PARKDIAG/Coord:   ✦ step #39 (stopped)
08-26 20:42:40.930 D PARKDIAG/Coord:   ✦ step #40 (stopped)
08-26 20:42:41.404 D PARKDIAG/Coord:   ✦ step #41 (stopped)
08-26 20:42:41.905 D PARKDIAG/Coord:   ✦ step #42 (stopped)
08-26 20:42:42.449 D PARKDIAG/Coord:   ✦ step #43 (stopped)
08-26 20:42:42.949 D PARKDIAG/Coord:   ✦ step #44 (stopped)
08-26 20:42:43.448 D PARKDIAG/Coord:   ✦ step #45 (stopped)
08-26 20:42:43.971 D PARKDIAG/Coord:   ✦ step #46 (stopped)
08-26 20:42:44.444 D PARKDIAG/Coord:   ✦ step #47 (stopped)
08-26 20:42:44.949 D PARKDIAG/Coord:   ✦ step #48 (stopped)
08-26 20:42:45.277 D PARKDIAG/Coord: ─ loc#191 lat=36.608575 lon=-6.278195 speed=0.7216405m/s acc=1.7m sessionAge=1366785ms
08-26 20:42:45.280 D PARKDIAG/Coord:   state hasEverMoved=true hasEverReachedDrivingSpeed=true userConfirmed=false vehicleExit=false stoppedSince=1787769720303 stoppedDur=44973ms phase=Idle
08-26 20:42:45.286 D PARKDIAG/Coord:   ⊘ steps+egress fast confirm gated (Inconclusive) — anchorSet=true, falling to scoring
08-26 20:42:45.288 D PARKDIAG/Coord:   ⚖ scoring=NotYet (signals: speed=0.7216405 stopped=44973ms accuracy=1.7 exit=false)
08-26 20:42:45.448 D PARKDIAG/Coord:   ✦ step #49 (stopped)
08-26 20:42:45.932 D PARKDIAG/Coord:   ✦ step #50 (stopped)
08-26 20:42:46.407 D PARKDIAG/Coord:   ✦ step #51 (stopped)
08-26 20:42:46.954 D PARKDIAG/Coord:   ✦ step #52 (stopped)
08-26 20:42:47.468 D PARKDIAG/Coord:   ✦ step #53 (stopped)
08-26 20:42:47.946 D PARKDIAG/Coord:   ✦ step #54 (stopped)
08-26 20:42:48.407 D PARKDIAG/Coord:   ✦ step #55 (stopped)
08-26 20:42:48.887 D PARKDIAG/Coord:   ✦ step #56 (stopped)
08-26 20:42:49.408 D PARKDIAG/Coord:   ✦ step #57 (stopped)
08-26 20:42:49.911 D PARKDIAG/Coord:   ✦ step #58 (stopped)
08-26 20:42:50.257 D PARKDIAG/Coord: ─ loc#192 lat=36.608515 lon=-6.2782367 speed=1.1576103m/s acc=1.85m sessionAge=1371766ms
08-26 20:42:50.260 D PARKDIAG/Coord:   state hasEverMoved=true hasEverReachedDrivingSpeed=true userConfirmed=false vehicleExit=false stoppedSince=null stoppedDur=0ms phase=Idle
08-26 20:42:50.265 D PARKDIAG/Coord:   ▶ steps+egress (steps=58 kinematicFixes=1) → fast confirm, skipping slow path [DET-D-03][DET-KINEMATIC-EGRESS-001]
08-26 20:42:50.269 D PARKDIAG/Coord:   ⏸ tentative confirm (steps+egress) — holding 120000ms to rule out an errand stop [DET-C-02]
08-26 20:42:50.390 D PARKDIAG/ARReceiver:   → IN_VEHICLE EXIT
08-26 20:42:50.394 D PARKDIAG/Coord: ✱ onVehicleExit(at=1787769753647) called
08-26 20:42:50.411 D PARKDIAG/Coord:   ✦ step #59 (egress walk, anchor set) [DET-AR-FIRST-001]
08-26 20:42:50.506 D PARKDIAG/SafetyNet: ■ detection running — skipping check
08-26 20:42:50.983 D PARKDIAG/Coord:   ✦ step #60 (egress walk, anchor set) [DET-AR-FIRST-001]
08-26 20:42:51.407 D PARKDIAG/Coord:   ✦ step #61 (egress walk, anchor set) [DET-AR-FIRST-001]
08-26 20:42:51.917 D PARKDIAG/Coord:   ✦ step #62 (egress walk, anchor set) [DET-AR-FIRST-001]
08-26 20:42:52.390 D PARKDIAG/Coord:   ✦ step #63 (egress walk, anchor set) [DET-AR-FIRST-001]
08-26 20:42:52.711 D PARKDIAG/Coord:   ✦ step #64 (egress walk, anchor set) [DET-AR-FIRST-001]
08-26 20:42:53.467 D PARKDIAG/Coord:   ✦ step #65 (egress walk, anchor set) [DET-AR-FIRST-001]
08-26 20:42:53.989 D PARKDIAG/Coord:   ✦ step #66 (egress walk, anchor set) [DET-AR-FIRST-001]
08-26 20:42:54.547 D PARKDIAG/Coord: ─ loc#193 lat=36.6084733 lon=-6.2782517 speed=1.2132003m/s acc=2.0m sessionAge=1376055ms
08-26 20:42:54.614 D PARKDIAG/Coord:   state hasEverMoved=true hasEverReachedDrivingSpeed=true userConfirmed=false vehicleExit=true stoppedSince=null stoppedDur=0ms phase=Idle
08-26 20:42:54.616 D PARKDIAG/Coord:   ✦ step #67 (egress walk, anchor set) [DET-AR-FIRST-001]
08-26 20:42:55.090 D PARKDIAG/Coord:   ✦ step #68 (egress walk, anchor set) [DET-AR-FIRST-001]
08-26 20:42:55.530 D PARKDIAG/Coord:   ✦ step #69 (egress walk, anchor set) [DET-AR-FIRST-001]
08-26 20:42:56.194 D PARKDIAG/Coord:   ✦ step #70 (egress walk, anchor set) [DET-AR-FIRST-001]
08-26 20:42:56.631 D PARKDIAG/Coord:   ✦ step #71 (egress walk, anchor set) [DET-AR-FIRST-001]
08-26 20:42:57.187 D PARKDIAG/Coord:   ✦ step #72 (egress walk, anchor set) [DET-AR-FIRST-001]
08-26 20:42:57.791 D PARKDIAG/Coord:   ✦ step #73 (egress walk, anchor set) [DET-AR-FIRST-001]
08-26 20:42:58.684 D PARKDIAG/Coord:   ✦ step #74 (egress walk, anchor set) [DET-AR-FIRST-001]
08-26 20:42:59.194 D PARKDIAG/Coord: ─ loc#194 lat=36.6084345 lon=-6.2782716 speed=1.0408108m/s acc=2.3m sessionAge=1380703ms
08-26 20:42:59.195 D PARKDIAG/Coord:   state hasEverMoved=true hasEverReachedDrivingSpeed=true userConfirmed=false vehicleExit=true stoppedSince=null stoppedDur=0ms phase=Idle
08-26 20:42:59.224 D PARKDIAG/Coord:   ✦ step #75 (egress walk, anchor set) [DET-AR-FIRST-001]
08-26 20:42:59.649 D PARKDIAG/Coord:   ✦ step #76 (egress walk, anchor set) [DET-AR-FIRST-001]
08-26 20:42:59.870 D PARKDIAG/Coord:   ✦ step #77 (egress walk, anchor set) [DET-AR-FIRST-001]
08-26 20:43:00.729 D PARKDIAG/Coord:   ✦ step #78 (egress walk, anchor set) [DET-AR-FIRST-001]
08-26 20:43:04.231 D PARKDIAG/Coord: ─ loc#195 lat=36.6084241 lon=-6.278273 speed=0.10394203m/s acc=2.55m sessionAge=1385739ms
08-26 20:43:04.234 D PARKDIAG/Coord:   state hasEverMoved=true hasEverReachedDrivingSpeed=true userConfirmed=false vehicleExit=true stoppedSince=1787769784230 stoppedDur=0ms phase=Idle
08-26 20:43:10.222 D PARKDIAG/Coord: ─ loc#196 lat=36.6083998 lon=-6.2783004 speed=0.18571427m/s acc=14.024m sessionAge=1391731ms
08-26 20:43:10.223 D PARKDIAG/Coord:   state hasEverMoved=true hasEverReachedDrivingSpeed=true userConfirmed=false vehicleExit=true stoppedSince=1787769784230 stoppedDur=5992ms phase=Idle
08-26 20:43:15.267 D PARKDIAG/Coord: ─ loc#197 lat=36.6084374 lon=-6.2782514 speed=0.1973312m/s acc=3.1m sessionAge=1396775ms
08-26 20:43:15.271 D PARKDIAG/Coord:   state hasEverMoved=true hasEverReachedDrivingSpeed=true userConfirmed=false vehicleExit=true stoppedSince=1787769784230 stoppedDur=11036ms phase=Idle
08-26 20:43:17.053 D PARKDIAG/Coord:   ✦ step #79 (stopped)
08-26 20:43:18.170 D PARKDIAG/Coord:   ✦ step #80 (stopped)
08-26 20:43:18.714 D PARKDIAG/Coord:   ✦ step #81 (stopped)
08-26 20:43:19.289 D PARKDIAG/Coord:   ✦ step #82 (stopped)
08-26 20:43:19.487 D PARKDIAG/Coord:   ✦ step #83 (stopped)
08-26 20:43:20.280 D PARKDIAG/Coord: ─ loc#198 lat=36.6083784 lon=-6.2782196 speed=0.48065886m/s acc=3.95m sessionAge=1401788ms
08-26 20:43:20.283 D PARKDIAG/Coord:   state hasEverMoved=true hasEverReachedDrivingSpeed=true userConfirmed=false vehicleExit=true stoppedSince=1787769784230 stoppedDur=16049ms phase=Idle
08-26 20:43:20.409 D PARKDIAG/Coord:   ✦ step #84 (stopped)
08-26 20:43:21.058 D PARKDIAG/Coord:   ✦ step #85 (stopped)
08-26 20:43:21.809 D PARKDIAG/Coord:   ✦ step #86 (stopped)
08-26 20:43:22.949 D PARKDIAG/Coord:   ✦ step #87 (stopped)
08-26 20:43:22.973 D PARKDIAG/Coord:   ✦ step #88 (stopped)
08-26 20:43:23.587 D PARKDIAG/Coord:   ✦ step #89 (stopped)
08-26 20:43:24.052 D PARKDIAG/Coord:   ✦ step #90 (stopped)
08-26 20:43:24.432 D PARKDIAG/Coord:   ✦ step #91 (stopped)
08-26 20:43:25.202 D PARKDIAG/Coord:   ✦ step #92 (stopped)
08-26 20:43:25.698 D PARKDIAG/Coord: ─ loc#199 lat=36.6084009 lon=-6.2782636 speed=0.026512597m/s acc=5.5m sessionAge=1407207ms
08-26 20:43:25.720 D PARKDIAG/Coord:   state hasEverMoved=true hasEverReachedDrivingSpeed=true userConfirmed=false vehicleExit=true stoppedSince=1787769784230 stoppedDur=21468ms phase=Idle
08-26 20:43:25.829 D PARKDIAG/Coord:   ✦ step #93 (stopped)
08-26 20:43:26.425 D PARKDIAG/Coord:   ✦ step #94 (stopped)
08-26 20:43:27.067 D PARKDIAG/Coord:   ✦ step #95 (stopped)
08-26 20:43:27.664 D PARKDIAG/Coord:   ✦ step #96 (stopped)
08-26 20:43:28.308 D PARKDIAG/Coord:   ✦ step #97 (stopped)
08-26 20:43:28.766 D PARKDIAG/Coord:   ✦ step #98 (stopped)
08-26 20:43:29.301 D PARKDIAG/Coord: ─ loc#200 lat=36.6084179 lon=-6.2782161 speed=0.37787807m/s acc=6.173m sessionAge=1410809ms
08-26 20:43:29.305 D PARKDIAG/Coord:   state hasEverMoved=true hasEverReachedDrivingSpeed=true userConfirmed=false vehicleExit=true stoppedSince=1787769784230 stoppedDur=25070ms phase=Idle
08-26 20:43:29.389 D PARKDIAG/Coord:   ✦ step #99 (stopped)
08-26 20:43:29.908 D PARKDIAG/Coord:   ✦ step #100 (stopped)
08-26 20:43:30.545 D PARKDIAG/Coord:   ✦ step #101 (stopped)
08-26 20:43:31.005 D PARKDIAG/Coord:   ✦ step #102 (stopped)
08-26 20:43:31.569 D PARKDIAG/Coord: ─ loc#201 lat=36.6084269 lon=-6.2782226 speed=0.99757826m/s acc=8.242m sessionAge=1413078ms
08-26 20:43:31.571 D PARKDIAG/Coord:   state hasEverMoved=true hasEverReachedDrivingSpeed=true userConfirmed=false vehicleExit=true stoppedSince=1787769784230 stoppedDur=27339ms phase=Idle
08-26 20:43:31.647 D PARKDIAG/Coord:   ✦ step #103 (stopped)
08-26 20:43:32.268 D PARKDIAG/Coord:   ✦ step #104 (stopped)
08-26 20:43:32.868 D PARKDIAG/Coord:   ✦ step #105 (stopped)
08-26 20:43:33.365 D PARKDIAG/Coord:   ✦ step #106 (stopped)
08-26 20:43:33.383 D PARKDIAG/Coord: ─ loc#202 lat=36.6084433 lon=-6.2782405 speed=1.097978m/s acc=9.11m sessionAge=1414892ms
08-26 20:43:33.387 D PARKDIAG/Coord:   state hasEverMoved=true hasEverReachedDrivingSpeed=true userConfirmed=false vehicleExit=true stoppedSince=null stoppedDur=0ms phase=Idle
08-26 20:43:34.448 D PARKDIAG/Coord:   ✦ step #107 (egress walk, anchor set) [DET-AR-FIRST-001]
08-26 20:43:34.471 D PARKDIAG/Coord:   ✦ step #108 (egress walk, anchor set) [DET-AR-FIRST-001]
08-26 20:43:35.089 D PARKDIAG/Coord:   ✦ step #109 (egress walk, anchor set) [DET-AR-FIRST-001]
08-26 20:43:35.638 D PARKDIAG/Coord: ─ loc#203 lat=36.6084574 lon=-6.2782313 speed=0.98192143m/s acc=10.959m sessionAge=1417142ms
08-26 20:43:35.641 D PARKDIAG/Coord:   state hasEverMoved=true hasEverReachedDrivingSpeed=true userConfirmed=false vehicleExit=true stoppedSince=1787769815633 stoppedDur=0ms phase=Idle
08-26 20:43:35.690 D PARKDIAG/Coord:   ✦ step #110 (stopped)
08-26 20:43:36.343 D PARKDIAG/Coord:   ✦ step #111 (stopped)
08-26 20:43:37.311 D PARKDIAG/Coord:   ✦ step #112 (stopped)
08-26 20:43:37.710 D PARKDIAG/Coord: ─ loc#204 lat=36.6084765 lon=-6.2781873 speed=0.8424375m/s acc=11.748m sessionAge=1419219ms
08-26 20:43:37.711 D PARKDIAG/Coord:   state hasEverMoved=true hasEverReachedDrivingSpeed=true userConfirmed=false vehicleExit=true stoppedSince=1787769815633 stoppedDur=2077ms phase=Idle
08-26 20:43:38.109 D PARKDIAG/Coord:   ✦ step #113 (stopped)
08-26 20:43:39.225 D PARKDIAG/Coord:   ✦ step #114 (stopped)
08-26 20:43:39.751 D PARKDIAG/Coord:   ✦ step #115 (stopped)
08-26 20:43:39.769 D PARKDIAG/Coord: ─ loc#205 lat=36.6084823 lon=-6.2781737 speed=0.5681422m/s acc=11.612m sessionAge=1421277ms
08-26 20:43:39.771 D PARKDIAG/Coord:   state hasEverMoved=true hasEverReachedDrivingSpeed=true userConfirmed=false vehicleExit=true stoppedSince=1787769815633 stoppedDur=4135ms phase=Idle
08-26 20:43:40.628 D PARKDIAG/Coord:   ✦ step #116 (stopped)
08-26 20:43:41.751 D PARKDIAG/Coord:   ✦ step #117 (stopped)
08-26 20:43:42.213 D PARKDIAG/Coord: ─ loc#206 lat=36.6084798 lon=-6.2781616 speed=0.37150422m/s acc=10.45m sessionAge=1423721ms
08-26 20:43:42.216 D PARKDIAG/Coord:   state hasEverMoved=true hasEverReachedDrivingSpeed=true userConfirmed=false vehicleExit=true stoppedSince=1787769815633 stoppedDur=6579ms phase=Idle
08-26 20:43:42.690 D PARKDIAG/Coord:   ✦ step #118 (stopped)
08-26 20:43:43.328 D PARKDIAG/Coord:   ✦ step #119 (stopped)
08-26 20:43:44.068 D PARKDIAG/Coord:   ✦ step #120 (stopped)
08-26 20:43:44.593 D PARKDIAG/Coord: ─ loc#207 lat=36.6084751 lon=-6.2781524 speed=0.4466553m/s acc=9.937m sessionAge=1426100ms
08-26 20:43:44.596 D PARKDIAG/Coord:   state hasEverMoved=true hasEverReachedDrivingSpeed=true userConfirmed=false vehicleExit=true stoppedSince=1787769815633 stoppedDur=8958ms phase=Idle
08-26 20:43:44.709 D PARKDIAG/Coord:   ✦ step #121 (stopped)
08-26 20:43:44.989 D PARKDIAG/Coord:   ✦ step #122 (stopped)
08-26 20:43:45.566 D PARKDIAG/Coord:   ✦ step #123 (stopped)
08-26 20:43:46.070 D PARKDIAG/Coord:   ✦ step #124 (stopped)
08-26 20:43:46.535 D PARKDIAG/Coord: ─ loc#208 lat=36.6084635 lon=-6.2781424 speed=0.42618173m/s acc=8.089m sessionAge=1428043ms
08-26 20:43:46.538 D PARKDIAG/Coord:   state hasEverMoved=true hasEverReachedDrivingSpeed=true userConfirmed=false vehicleExit=true stoppedSince=1787769815633 stoppedDur=10901ms phase=Idle
08-26 20:43:47.037 D PARKDIAG/Coord:   ✦ step #125 (stopped)
08-26 20:43:47.410 D PARKDIAG/Coord:   ✦ step #126 (stopped)
08-26 20:43:48.224 D PARKDIAG/Coord:   ✦ step #127 (stopped)
08-26 20:43:48.688 D PARKDIAG/Coord:   ✦ step #128 (stopped)
08-26 20:43:48.731 D PARKDIAG/Coord: ─ loc#209 lat=36.6084565 lon=-6.2781473 speed=0.49055475m/s acc=7.537m sessionAge=1430239ms
08-26 20:43:48.734 D PARKDIAG/Coord:   state hasEverMoved=true hasEverReachedDrivingSpeed=true userConfirmed=false vehicleExit=true stoppedSince=1787769815633 stoppedDur=13097ms phase=Idle
08-26 20:43:48.967 D PARKDIAG/Coord:   ✦ step #129 (stopped)
08-26 20:43:49.747 D PARKDIAG/Coord:   ✦ step #130 (stopped)
08-26 20:43:52.547 D PARKDIAG/Coord: ─ loc#210 lat=36.6084524 lon=-6.2781714 speed=0.61233026m/s acc=6.669m sessionAge=1434056ms
08-26 20:43:52.551 D PARKDIAG/Coord:   state hasEverMoved=true hasEverReachedDrivingSpeed=true userConfirmed=false vehicleExit=true stoppedSince=1787769815633 stoppedDur=16914ms phase=Idle
08-26 20:43:55.242 D PARKDIAG/Coord: ─ loc#211 lat=36.6084535 lon=-6.2781796 speed=0.59093535m/s acc=6.719m sessionAge=1436750ms
08-26 20:43:55.244 D PARKDIAG/Coord:   state hasEverMoved=true hasEverReachedDrivingSpeed=true userConfirmed=false vehicleExit=true stoppedSince=1787769815633 stoppedDur=19608ms phase=Idle
08-26 20:44:00.236 D PARKDIAG/Coord: ─ loc#212 lat=36.6084542 lon=-6.2782008 speed=0.1829513m/s acc=6.357m sessionAge=1441744ms
08-26 20:44:00.240 D PARKDIAG/Coord:   state hasEverMoved=true hasEverReachedDrivingSpeed=true userConfirmed=false vehicleExit=true stoppedSince=1787769815633 stoppedDur=24602ms phase=Idle
08-26 20:44:01.909 D PARKDIAG/Coord:   ✦ step #131 (stopped)
08-26 20:44:02.628 D PARKDIAG/Coord:   ✦ step #132 (stopped)
08-26 20:44:03.254 D PARKDIAG/Coord:   ✦ step #133 (stopped)
08-26 20:44:04.577 D PARKDIAG/Coord: ─ loc#213 lat=36.6084427 lon=-6.2782049 speed=0.06748275m/s acc=5.558m sessionAge=1446086ms
08-26 20:44:04.580 D PARKDIAG/Coord:   state hasEverMoved=true hasEverReachedDrivingSpeed=true userConfirmed=false vehicleExit=true stoppedSince=1787769815633 stoppedDur=28944ms phase=Idle
08-26 20:44:10.248 D PARKDIAG/Coord: ─ loc#214 lat=36.6084378 lon=-6.2782156 speed=0.100985155m/s acc=5.519m sessionAge=1451757ms
08-26 20:44:10.251 D PARKDIAG/Coord:   state hasEverMoved=true hasEverReachedDrivingSpeed=true userConfirmed=false vehicleExit=true stoppedSince=1787769815633 stoppedDur=34615ms phase=Idle
08-26 20:44:14.557 D PARKDIAG/Coord: ─ loc#215 lat=36.6084347 lon=-6.2782235 speed=0.10051m/s acc=5.177m sessionAge=1456065ms
08-26 20:44:14.562 D PARKDIAG/Coord:   state hasEverMoved=true hasEverReachedDrivingSpeed=true userConfirmed=false vehicleExit=true stoppedSince=1787769815633 stoppedDur=38923ms phase=Idle
08-26 20:44:19.313 D PARKDIAG/Coord: ─ loc#216 lat=36.6084304 lon=-6.278234 speed=0.07685514m/s acc=4.717m sessionAge=1460822ms
08-26 20:44:19.316 D PARKDIAG/Coord:   state hasEverMoved=true hasEverReachedDrivingSpeed=true userConfirmed=false vehicleExit=true stoppedSince=1787769815633 stoppedDur=43680ms phase=Idle
08-26 20:44:25.212 D PARKDIAG/Coord: ─ loc#217 lat=36.608434 lon=-6.2782242 speed=0.046396013m/s acc=4.15m sessionAge=1466720ms
08-26 20:44:25.213 D PARKDIAG/Coord:   state hasEverMoved=true hasEverReachedDrivingSpeed=true userConfirmed=false vehicleExit=true stoppedSince=1787769815633 stoppedDur=49578ms phase=Idle
08-26 20:44:27.528 D PARKDIAG/Coord: ─ loc#218 lat=36.6084336 lon=-6.2782238 speed=0.04944538m/s acc=4.242m sessionAge=1469037ms
08-26 20:44:27.532 D PARKDIAG/Coord:   state hasEverMoved=true hasEverReachedDrivingSpeed=true userConfirmed=false vehicleExit=true stoppedSince=1787769815633 stoppedDur=51895ms phase=Idle
08-26 20:44:30.224 D PARKDIAG/Coord: ─ loc#219 lat=36.6084379 lon=-6.2782174 speed=0.05024841m/s acc=4.273m sessionAge=1471732ms
08-26 20:44:30.227 D PARKDIAG/Coord:   state hasEverMoved=true hasEverReachedDrivingSpeed=true userConfirmed=false vehicleExit=true stoppedSince=1787769815633 stoppedDur=54590ms phase=Idle
08-26 20:44:35.223 D PARKDIAG/Coord: ─ loc#220 lat=36.6084366 lon=-6.2782135 speed=0.021760361m/s acc=4.076m sessionAge=1476731ms
08-26 20:44:35.225 D PARKDIAG/Coord:   state hasEverMoved=true hasEverReachedDrivingSpeed=true userConfirmed=false vehicleExit=true stoppedSince=1787769815633 stoppedDur=59589ms phase=Idle
08-26 20:44:37.330 D PARKDIAG/Coord: ─ loc#221 lat=36.6084365 lon=-6.2782134 speed=0.024501348m/s acc=3.927m sessionAge=1478839ms
08-26 20:44:37.332 D PARKDIAG/Coord:   state hasEverMoved=true hasEverReachedDrivingSpeed=true userConfirmed=false vehicleExit=true stoppedSince=1787769815633 stoppedDur=61697ms phase=Idle
08-26 20:44:40.247 D PARKDIAG/Coord: ─ loc#222 lat=36.6084372 lon=-6.2782107 speed=0.025329122m/s acc=3.915m sessionAge=1481756ms
08-26 20:44:40.250 D PARKDIAG/Coord:   state hasEverMoved=true hasEverReachedDrivingSpeed=true userConfirmed=false vehicleExit=true stoppedSince=1787769815633 stoppedDur=64614ms phase=Idle
08-26 20:44:45.270 D PARKDIAG/Coord: ─ loc#223 lat=36.6084342 lon=-6.2782092 speed=0.03869574m/s acc=3.822m sessionAge=1486779ms
08-26 20:44:45.272 D PARKDIAG/Coord:   state hasEverMoved=true hasEverReachedDrivingSpeed=true userConfirmed=false vehicleExit=true stoppedSince=1787769815633 stoppedDur=69637ms phase=Idle
08-26 20:44:50.290 D PARKDIAG/Coord: ─ loc#224 lat=36.6084337 lon=-6.2782061 speed=0.039602883m/s acc=3.664m sessionAge=1491798ms
08-26 20:44:50.295 D PARKDIAG/Coord:   state hasEverMoved=true hasEverReachedDrivingSpeed=true userConfirmed=false vehicleExit=true stoppedSince=1787769815633 stoppedDur=74656ms phase=Idle
08-26 20:44:50.301 D PARKDIAG/Coord:   ✓ hold settled (held=120032ms, userYes=false) — finalizing tentative confirm [DET-C-02]
08-26 20:44:50.309 D PARKDIAG/Coord:     → confirmParking(reliability=0.9, path=steps+egress, zoneRadius=null) START
08-26 20:44:50.312 D PARKDIAG/Confirm: ▶ ConfirmParking.invoke reliability=0.9 spotType=AUTO_DETECTED vehicleId=addbe660-ad30-4857-ab1f-58433d76992d
08-26 20:44:50.315 D PARKDIAG/Confirm:   → authRepository.getCurrentSession() BEFORE
08-26 20:44:50.318 D PARKDIAG/Confirm:   ← getCurrentSession AFTER userId=fiypNbElGlfFexLMpU9sNaMjRMD3
08-26 20:44:50.320 D PARKDIAG/Confirm:   → getVehicleById(userId, addbe660-ad30-4857-ab1f-58433d76992d) BEFORE
08-26 20:44:50.338 D PARKDIAG/Confirm:   ← getVehicleById AFTER vehicleId=addbe660-ad30-4857-ab1f-58433d76992d
08-26 20:44:50.349 D PARKDIAG/Confirm:   privateZoneId=null
08-26 20:44:50.372 D PARKDIAG/Confirm:   route tail trimmed to the parking anchor (144 → 139 pts) [ROUTE-END-AT-CAR-001]
08-26 20:44:50.374 D PARKDIAG/Confirm:   route origin seeded from previous parking (47m before first fix) [ROUTE-QUALITY-001]
08-26 20:44:50.379 D PARKDIAG/Confirm:   → saveNewParkingSession BEFORE sessionId=e1cb2b34-1cd1-4a93-8833-d7a635f7e016
08-26 20:44:50.402 D PARKDIAG/Confirm:   ← saveNewParkingSession AFTER isSuccess=true
08-26 20:44:50.404 D PARKDIAG/Confirm:   → removing replaced session's orphan geofence=a53e43c5-0f6d-4bd5-8418-1ee392bf21ec
08-26 20:44:50.431 D PARKDIAG/Confirm:   → enrichmentScheduler.schedule BEFORE
08-26 20:44:50.434 D PARKDIAG/Confirm:   ← enrichmentScheduler.schedule AFTER
08-26 20:44:50.435 D PARKDIAG/Confirm:   → geofenceService.createGeofence BEFORE
08-26 20:44:50.501 D PARKDIAG/Confirm:   ← geofenceService.createGeofence AFTER
08-26 20:44:50.510 D PARKDIAG/StepCounter: cumulative steps read → 3908
08-26 20:44:50.513 D PARKDIAG/Confirm: ■ ConfirmParking.invoke SUCCESS (notif is caller's responsibility)
08-26 20:44:50.545 D PARKDIAG/Coord:     ← confirmParking(reliability=0.9, path=steps+egress) END
08-26 20:44:50.563 D PARKDIAG/SaveNewParkingSessionWorker: ▶ SaveNewParkingSessionWorker.doWork session=e1cb2b34-1cd1-4a93-8833-d7a635f7e016 previous=a53e43c5-0f6d-4bd5-8418-1ee392bf21ec attempt=0
08-26 20:44:50.826 D PARKDIAG/SaveNewParkingSessionWorker: ■ SaveNewParkingSessionWorker SUCCESS session=e1cb2b34-1cd1-4a93-8833-d7a635f7e016
08-26 20:44:50.910 D PARKDIAG/UpdateParkingSessionAddressAndPlaceWorker: ▶ UpdateParkingSessionAddressAndPlaceWorker.doWork session=e1cb2b34-1cd1-4a93-8833-d7a635f7e016 attempt=0
08-26 20:44:51.299 D PARKDIAG/UpdateParkingSessionAddressAndPlaceWorker: ■ UpdateParkingSessionAddressAndPlaceWorker SUCCESS session=e1cb2b34-1cd1-4a93-8833-d7a635f7e016
08-26 20:44:54.178 D PARKDIAG/Coord:   takeWhile=false — flow will end
08-26 20:44:54.202 D PARKDIAG/Coord: ■ coordinator.invoke() EXITED — locationCount=0 completed=true
08-26 20:44:54.214 D PARKDIAG/Service:     ✓ coordinator returned NORMALLY
08-26 20:44:54.231 D PARKDIAG/StepCounter: cumulative steps read → 3908
08-26 20:44:54.241 D PARKDIAG/Service:     ■ job complete → DetectionEnded(startId=41) → intake
08-26 20:44:54.295 D PARKDIAG/Service:   ⏾ enterSentry(detection-ended) — resident, GPS off, re-arming departure wake [DET-RESIDENT-FGS-001]
08-26 20:44:54.323 D PARKDIAG/SigMotion: sync → armed=true
08-26 20:44:54.481 D PARKDIAG/ExactNet: ⏰ exact net ARMED (exact=true, every 5 min)
08-26 20:44:54.515 D PARKDIAG/OneFix: fix lat=36.6084321 lon=-6.2782052 speed=0.03242107m/s acc=3.495m age=0s
08-26 20:44:54.565 D PARKDIAG/StepCounter: cumulative steps read → 3908
08-26 20:44:54.582 D PARKDIAG/SafetyNet: [detection-end] geof=e1cb2b34: sigues junto al coche (d=31m, radio 82m) → resello la referencia de pasos; la valla se re-registró hace 29796164min, no toca aún · geof=a786c135: sigues junto al coche (d=9m, radio 85m) → resello la referencia de pasos; la valla se re-registró hace 282min, no toca aún
08-26 20:44:58.206 D PARKDIAG/SaveNewParkingSessionWorker: ▶ SaveNewParkingSessionWorker.doWork session=e1cb2b34-1cd1-4a93-8833-d7a635f7e016 previous=null attempt=0
08-26 20:44:58.451 D PARKDIAG/SaveNewParkingSessionWorker: ■ SaveNewParkingSessionWorker SUCCESS session=e1cb2b34-1cd1-4a93-8833-d7a635f7e016
08-26 20:49:55.638 D PARKDIAG/ExactNet: ⏰ exact heartbeat fired (doze stretch: 1167 ms)
08-26 20:49:55.833 D PARKDIAG/OneFix: fix lat=36.6084233 lon=-6.2782367 speed=0.0m/s acc=100.0m age=0s
08-26 20:49:55.855 D PARKDIAG/StepCounter: cumulative steps read → 3908
08-26 20:49:55.871 D PARKDIAG/SafetyNet: [exact-alarm] geof=e1cb2b34: sigues junto al coche (d=33m, radio 82m) → resello la referencia de pasos; la valla se re-registró hace 29796169min, no toca aún · geof=a786c135: sigues junto al coche (d=10m, radio 85m) → resello la referencia de pasos; la valla se re-registró hace 287min, no toca aún
08-26 20:52:32.473 D PARKDIAG/OneFix: fix lat=36.6084233 lon=-6.2782367 speed=0.0m/s acc=100.0m age=0s
08-26 20:52:32.521 D PARKDIAG/StepCounter: cumulative steps read → 3908
08-26 20:52:32.542 D PARKDIAG/SafetyNet: [periodic] geof=e1cb2b34: sigues junto al coche (d=33m, radio 82m) → resello la referencia de pasos; la valla se re-registró hace 29796172min, no toca aún · geof=a786c135: sigues junto al coche (d=10m, radio 85m) → resello la referencia de pasos; la valla se re-registró hace 290min, no toca aún
08-26 20:54:41.994 W PARKDIAG/SafetyNet: ⚠ sentry residency stamp outlived the process (gap 2 min) — resident watcher killed [DET-RESIDENT-FGS-001]
08-26 20:54:42.101 D PARKDIAG/SigMotion: sync → armed=true
08-26 20:54:42.127 D PARKDIAG/Service: ▶ Service onCreate
08-26 20:54:42.130 D PARKDIAG/Service: ▶ onStartCommand action=io.apptolast.paparcar.ACTION_RESUME_SENTRY flags=0 startId=1
08-26 20:54:42.135 D PARKDIAG/Service:   ✓ startForeground done (locationPermission=true)
08-26 20:54:42.177 D PARKDIAG/Service:   → RESUME_SENTRY (foreground-gap) — epilogue decides sentry vs stop [DET-WATCH-HONEST-001][DET-WATCH-REACTIVATE-001]
08-26 20:54:42.210 D PARKDIAG/OneFix: fix lat=36.6084338 lon=-6.2781839 speed=0.42892155m/s acc=14.094m age=4s
08-26 20:54:42.223 D PARKDIAG/Service:   ⏾ enterSentry(post-ACTION_RESUME_SENTRY) — resident, GPS off, re-arming departure wake [DET-RESIDENT-FGS-001]
08-26 20:54:42.411 D PARKDIAG/SafetyNet: [app-start] geof=e1cb2b34: sigues junto al coche (d=31m, radio 82m) → resello la referencia de pasos; la valla se re-registró hace 29796174min, no toca aún · geof=a786c135: sigues junto al coche (d=8m, radio 85m) → resello la referencia de pasos; otra vía acaba de registrarla, no repito
08-26 20:54:42.592 D PARKDIAG/OneFix: fix lat=36.6084338 lon=-6.2781839 speed=0.42892155m/s acc=14.094m age=4s
08-26 20:54:42.634 D PARKDIAG/StepCounter: cumulative steps read → 3908
08-26 20:54:42.649 D PARKDIAG/SafetyNet: [detection-end] geof=e1cb2b34: sigues junto al coche (d=31m, radio 82m) → resello la referencia de pasos; la valla se re-registró hace 29796174min, no toca aún · geof=a786c135: sigues junto al coche (d=8m, radio 85m) → resello la referencia de pasos; la valla se re-registró hace 292min, no toca aún
08-26 20:54:43.487 D PARKDIAG/Bootstrap: ▶ Bootstrap.invoke userId=fiypNbElGlfFexLMpU9sNaMjRMD3
08-26 20:54:43.489 D PARKDIAG/Bootstrap:   → syncVehicles START
08-26 20:54:43.489 D PARKDIAG/VehicleSync: ▶ syncFromRemote userId=fiypNbElGlfFexLMpU9sNaMjRMD3
08-26 20:54:43.491 D PARKDIAG/Bootstrap:   → syncParkingHistory START
08-26 20:54:43.492 D PARKDIAG/Bootstrap:   → syncZones START
08-26 20:54:46.281 D PARKDIAG/VehicleSync:   ← Firestore returned 3 vehicle(s)
08-26 20:54:46.282 D PARKDIAG/VehicleSync:     vehicle id=abf6c516-a739-4708-b216-870285f3cbc6 isActive=false name=Skoda Kamiq
08-26 20:54:46.282 D PARKDIAG/VehicleSync:     vehicle id=addbe660-ad30-4857-ab1f-58433d76992d isActive=true name=Ford Focus
08-26 20:54:46.282 D PARKDIAG/VehicleSync:     vehicle id=ccd539d9-02f9-4b40-8b94-da672c96866f isActive=false name=Chevrolet Beat
08-26 20:54:46.297 D PARKDIAG/VehicleSync: ■ syncFromRemote merged 3 vehicle(s) into Room (kept 0 pending)
08-26 20:54:46.298 D PARKDIAG/Bootstrap:   ← syncVehicles END isSuccess=true
08-26 20:54:46.623 D PARKDIAG/Bootstrap:   ← syncZones END isSuccess=true
08-26 20:54:46.709 D PARKDIAG/Bootstrap:   ← syncParkingHistory END isSuccess=true
08-26 20:54:46.710 D PARKDIAG/Bootstrap: ■ Bootstrap.invoke SUCCESS
08-26 21:01:35.396 D PARKDIAG/ExactNet: ⏰ exact heartbeat fired (doze stretch: 112826 ms)
08-26 21:01:35.594 D PARKDIAG/OneFix: fix lat=36.6084995 lon=-6.2781982 speed=0.0m/s acc=100.0m age=0s
08-26 21:01:35.667 D PARKDIAG/StepCounter: cumulative steps read → 3908
08-26 21:01:35.674 D PARKDIAG/SafetyNet: ▶ inside fence — re-registering geofence=e1cb2b34-1cd1-4a93-8833-d7a635f7e016 (blind floor, steps@anchor=3908)
08-26 21:01:35.696 D PARKDIAG/SafetyNet: [exact-alarm] geof=e1cb2b34: sigues junto al coche (d=24m, radio 82m) → re-registro la valla por si el sistema la borró · geof=a786c135: sigues junto al coche (d=15m, radio 85m) → resello la referencia de pasos; la valla se re-registró hace 299min, no toca aún
08-26 21:07:32.095 D PARKDIAG/ExactNet: ⏰ exact heartbeat fired (doze stretch: 56540 ms)
08-26 21:07:32.259 D PARKDIAG/OneFix: fix lat=36.6084995 lon=-6.2781982 speed=0.0m/s acc=100.0m age=0s
08-26 21:07:32.338 D PARKDIAG/StepCounter: cumulative steps read → 3908
08-26 21:07:32.355 D PARKDIAG/SafetyNet: [exact-alarm] geof=e1cb2b34: sigues junto al coche (d=24m, radio 82m) → resello la referencia de pasos; la valla se re-registró hace 5min, no toca aún · geof=a786c135: sigues junto al coche (d=15m, radio 85m) → resello la referencia de pasos; la valla se re-registró hace 305min, no toca aún
08-26 21:07:32.613 D PARKDIAG/OneFix: fix lat=36.6084995 lon=-6.2781982 speed=0.0m/s acc=100.0m age=0s
08-26 21:07:32.683 D PARKDIAG/StepCounter: cumulative steps read → 3908
08-26 21:07:32.694 D PARKDIAG/SafetyNet: [periodic] geof=e1cb2b34: sigues junto al coche (d=24m, radio 82m) → resello la referencia de pasos; la valla se re-registró hace 5min, no toca aún · geof=a786c135: sigues junto al coche (d=15m, radio 85m) → resello la referencia de pasos; la valla se re-registró hace 305min, no toca aún
08-26 21:12:38.804 D PARKDIAG/ExactNet: ⏰ exact heartbeat fired (doze stretch: 6208 ms)
08-26 21:12:38.952 D PARKDIAG/OneFix: fix lat=36.6084995 lon=-6.2781982 speed=0.0m/s acc=100.0m age=6s
08-26 21:12:39.002 D PARKDIAG/StepCounter: cumulative steps read → 3908
08-26 21:12:39.024 D PARKDIAG/SafetyNet: [exact-alarm] geof=e1cb2b34: sigues junto al coche (d=24m, radio 82m) → resello la referencia de pasos; la valla se re-registró hace 11min, no toca aún · geof=a786c135: sigues junto al coche (d=15m, radio 85m) → resello la referencia de pasos; la valla se re-registró hace 310min, no toca aún
